construction,p,q,condition_sa,condition_sb,truth_gc,truth_cs,status,error,gc,gaussian_te,gaussian_cmi,direct_cs,spectral_gc,spectral_cs,max_rho2,rank,abs_gc_spectral_error,abs_cs_spectral_error,abs_te_cmi_error,abs_gc_truth_error,abs_cs_truth_error,abs_spectral_gc_truth_error,abs_spectral_cs_truth_error
0,5,2,2259738.7559552635,75667.23271921196,10.532499859101165,4.918812887866178,ok,,10.532499480921144,5.266249740460572,5.266249740460572,4.918812969505754,10.532499911927166,4.918812914278566,0.9999652889763884,2,4.310060219836487e-07,5.522718815598182e-08,0.0,3.7818002063261247e-07,8.163957598839033e-08,5.282600135103621e-08,2.6412387832408513e-08
1,4,3,4.952123980802277,5.647998049140978,0.5063237742717777,0.1412849204848011,ok,,0.5063237742717774,0.2531618871358887,0.2531618871358887,0.1412849204848019,0.5063237742717777,0.14128492048480112,0.3319135511600169,3,2.220446049250313e-16,7.771561172376096e-16,0.0,2.220446049250313e-16,8.049116928532385e-16,0.0,2.7755575615628914e-17
2,5,1,4844346.544151961,1.0,0.0965756722425664,0.025004160208464285,ok,,0.09657567224516406,0.04828783612258203,0.04828783612258203,0.02500416020939067,0.09657567224837012,0.025004160210017754,0.0920588109510458,1,3.2060604171491036e-12,6.27085189330856e-13,0.0,2.597658199654518e-12,9.263839695350384e-13,5.8037186168036214e-12,1.5534691588658944e-12
3,1,1,1.0,1.0,0.7575660406520092,0.23629912896704403,ok,,0.7575660406520095,0.37878302032600475,0.37878302032600475,0.2362991289670442,0.7575660406520094,0.2362991289670441,0.531193905528824,1,1.1102230246251565e-16,8.326672684688674e-17,0.0,3.3306690738754696e-16,1.6653345369377348e-16,2.220446049250313e-16,8.326672684688674e-17
4,3,3,59.05762352712128,1.689827893170485,0.9878608025977587,0.27968546949201917,ok,,0.9878608025977585,0.4939304012988793,0.4939304012988793,0.2796854694920192,0.987860802597758,0.27968546949201895,0.3608203007383608,3,5.551115123125783e-16,2.7755575615628914e-16,0.0,1.1102230246251565e-16,5.551115123125783e-17,6.661338147750939e-16,2.220446049250313e-16
5,3,1,38851293.40944564,1.0,0.03469678802288016,0.008786405518578917,ok,,0.03469678802273002,0.01734839401136501,0.01734839401136501,0.008786405518550922,0.03469678802391021,0.008786405518843072,0.034101756223885275,1,1.180194830752157e-12,2.92149984759682e-13,0.0,1.501437862927446e-13,2.7994967455313713e-14,1.0300510444594124e-12,2.641550173043683e-13
6,5,5,7593.485325273701,9841420.93437017,0.6332534374350083,0.1682955755274045,ok,,0.6332534374246341,0.31662671871231707,0.31662671871231707,0.1682955755468596,0.6332534374364441,0.16829557552780094,0.1916775220305542,5,1.1809997424450103e-11,1.905864355222775e-11,0.0,1.0374145986702388e-11,1.9455076438745778e-11,1.435851437747715e-12,3.9643288651802777e-13
7,5,4,260.952835807788,5.993109125806732,0.862336750636059,0.25402860257378623,ok,,0.8623367506360593,0.43116837531802965,0.43116837531802965,0.2540286025737881,0.8623367506360593,0.25402860257378634,0.48753065738979684,4,0.0,1.7763568394002505e-15,0.0,3.3306690738754696e-16,1.887379141862766e-15,3.3306690738754696e-16,1.1102230246251565e-16
8,3,4,10864.394924221715,474770.39219145273,0.9020759210397777,0.266376409188887,ok,,0.9020759210395912,0.4510379605197956,0.4510379605197956,0.2663764091884344,0.9020759210395366,0.2663764091888211,0.47771579261696157,3,5.46229728115577e-14,3.86690679476942e-13,0.0,1.865174681370263e-13,4.5258241598844506e-13,2.41140440948584e-13,6.589173651150304e-14
9,2,2,3.4667040253263406,7045.461412995682,0.03636165275737859,0.00915862200818763,ok,,0.03636165275709935,0.018180826378549675,0.018180826378549675,0.009158622008260675,0.03636165275737324,0.00915862200818627,0.023772099300152956,2,2.738920201750261e-13,7.440575933159721e-14,0.0,2.792419073749386e-13,7.304573612643139e-14,5.349887199912473e-15,1.3600232051658168e-15
10,4,3,18604.139513802023,645.9515008764449,2.182698738180834,0.7582765627721877,ok,,2.182698738180734,1.091349369090367,1.091349369090367,0.7582765627721884,2.1826987381808562,0.7582765627721979,0.8217399441800307,3,1.2212453270876722e-13,9.547918011776346e-15,0.0,9.992007221626409e-14,6.661338147750939e-16,2.220446049250313e-14,1.021405182655144e-14
11,1,4,1.0,9.893690438562311,0.15436620679867888,0.040767568360126065,ok,,0.15436620679867852,0.07718310339933926,0.07718310339933926,0.040767568360126294,0.1543662067986788,0.04076756836012604,0.14304186035470112,1,2.7755575615628914e-16,2.5673907444456745e-16,0.0,3.608224830031759e-16,2.2898349882893854e-16,8.326672684688674e-17,2.7755575615628914e-17
12,4,5,915940.3922539175,6086340.915287475,10.24175188080384,4.787481501855643,ok,,10.24175188189521,5.120875940947605,5.120875940947605,4.787481495550625,10.241751917173508,4.787481520039834,0.9999567744756889,4,3.5278297616514465e-08,2.4489208882982894e-08,0.0,1.0913705494886017e-09,6.305017841157223e-09,3.6369668166003066e-08,1.818419104182567e-08
13,3,4,106193.88914226597,19355.920463281178,2.5346177499570404,0.8240369533859481,ok,,2.534617749970157,1.2673088749850785,1.2673088749850785,0.8240369533915324,2.5346177499684814,0.8240369533907351,0.734358799717403,3,1.6755485887642863e-12,7.972511539833249e-13,0.0,1.311661890213145e-11,5.584310791562075e-12,1.1441070313367163e-11,4.78705963757875e-12
14,3,1,1407009.0325782152,1.0,0.02832278575788526,0.007155545222252818,ok,,0.028322785757884716,0.014161392878942358,0.014161392878942358,0.00715554522225359,0.028322785757885043,0.007155545222252762,0.027925455663253846,1,3.2612801348363973e-16,8.27463098040937e-16,0.0,5.447031714567174e-16,7.719519468096792e-16,2.185751579730777e-16,5.551115123125783e-17
15,3,2,20.454129138166433,109.5419459001581,0.061060483571655354,0.015610463229961352,ok,,0.06106048357165525,0.030530241785827625,0.030530241785827625,0.015610463229962512,0.061060483571655284,0.015610463229961333,0.059181570102476606,2,3.469446951953614e-17,1.1796119636642288e-15,0.0,1.0408340855860843e-16,1.160530005428484e-15,6.938893903907228e-17,1.9081958235744878e-17
16,3,1,180037.16575366203,1.0,0.1319456598178803,0.03458242015038689,ok,,0.13194565981784434,0.06597282990892217,0.06597282990892217,0.03458242015037527,0.1319456598178249,0.034582420150371725,0.12361138309742903,1,1.942890293094024e-14,3.5457747848965937e-15,0.0,3.597122599785507e-14,1.1622647289044608e-14,5.540012892879531e-14,1.51684220739412e-14
17,3,2,4105740.091402004,12575.760992541362,0.0596956185026757,0.01521365259746262,ok,,0.059695618503136316,0.029847809251568158,0.029847809251568158,0.015213652597625416,0.05969561850330042,0.015213652597623235,0.05418734270269873,2,1.6410484082740595e-13,2.1805474093028465e-15,0.0,4.606176551291696e-13,1.6279512460304346e-13,6.247224959565756e-13,1.6061457719374062e-13
18,3,1,322045.2365668928,1.0,0.0030372054407855177,0.0007601657301804173,ok,,0.003037205440785229,0.0015186027203926145,0.0015186027203926145,0.00076016573018034,0.003037205440784591,0.000760165730180185,0.0030325977983058474,1,6.379445582904708e-16,1.5493249044817858e-16,0.0,2.888314587501384e-16,7.730361489821647e-17,9.267760170406092e-16,2.3223610534639505e-16
19,1,2,1.0,2084192.7067166048,0.09086473305670346,0.023478438035948575,ok,,0.0908647330574448,0.0454323665287224,0.0454323665287224,0.023478438038014637,0.09086473305770232,0.02347843803621492,0.08685877963353156,1,2.5751623056180506e-13,1.7997166257277541e-12,0.0,7.413375469056405e-13,2.066062598782281e-12,9.988537774674455e-13,2.66345973054527e-13
20,4,4,5.989516802714017,6810.402482174025,2.1912830590545784,0.7717577947766809,ok,,2.1912830590542915,1.0956415295271458,1.0956415295271458,0.7717577947769421,2.191283059054514,0.7717577947766529,0.8345726042093321,4,2.2248869413488137e-13,2.892130979148533e-13,0.0,2.8688162956314045e-13,2.611244553918368e-13,6.439293542825908e-14,2.808864252301646e-14
21,5,2,26551.234520913407,1900.5247902190995,0.05026672255489405,0.012796268729488587,ok,,0.050266722554864085,0.025133361277432043,0.025133361277432043,0.012796268729349691,0.050266722554898086,0.012796268729489631,0.048475840516848855,2,3.400058012914542e-14,1.3994014280704903e-13,0.0,2.996214387707141e-14,1.38895839274511e-13,4.038436252074007e-15,1.0443035325380379e-15
22,2,1,801.8172196937138,1.0,1.1183329183308341,0.37489024827877004,ok,,1.118332918330832,0.559166459165416,0.559166459165416,0.3748902482787684,1.1183329183308208,0.3748902482787647,0.6731758166681809,1,1.1102230246251565e-14,3.6637359812630166e-15,0.0,2.220446049250313e-15,1.6653345369377348e-15,1.3322676295501878e-14,5.329070518200751e-15
23,3,1,262.5682149280966,1.0,0.17702865432041914,0.04710772920321743,ok,,0.17702865432041914,0.08851432716020957,0.08851432716020957,0.04710772920321693,0.1770286543204192,0.047107729203217444,0.1622442211434579,1,5.551115123125783e-17,5.134781488891349e-16,0.0,0.0,4.996003610813204e-16,5.551115123125783e-17,1.3877787807814457e-17
24,2,5,118.22667765016826,4557.447729611422,12.44783742386781,5.9332437107699665,ok,,12.44783742250857,6.223918711254285,6.223918711254285,5.933243710184793,12.447837423700175,5.93324371068615,0.9999960262734996,2,1.1916050368654396e-09,5.013571779954873e-10,0.0,1.3592398317996413e-09,5.851736872841684e-10,1.6763479493420164e-10,8.381650928868112e-11
25,1,5,1.0,303.65684305270395,0.11747577877017618,0.030637250887484566,ok,,0.11747577877017279,0.058737889385086395,0.058737889385086395,0.03063725088748459,0.11747577877017615,0.03063725088748456,0.11083795191605399,1,3.3584246494910985e-15,3.122502256758253e-17,0.0,3.3861802251067274e-15,2.42861286636753e-17,2.7755575615628914e-17,6.938893903907228e-18
26,5,2,2.0395569357493133,546036.5862544713,0.07116984722244939,0.018195760837280316,ok,,0.07116984722625386,0.03558492361312693,0.03558492361312693,0.01819576083761465,0.0711698472226964,0.01819576083734486,0.06361136778339901,2,3.5574598822307735e-12,2.6979113387781695e-13,0.0,3.804470627422063e-12,3.3433325552501003e-13,2.470107451912895e-13,6.454212164719308e-14
27,2,1,260.43278443411776,1.0,6.606172295195022e-05,1.651583987266149e-05,ok,,6.606172295187118e-05,3.303086147593559e-05,3.303086147593559e-05,1.6515839872166538e-05,6.606172295195009e-05,1.6515839872661456e-05,6.605954092438016e-05,1,7.890281310263259e-17,4.949179629488987e-16,0.0,7.903833837419327e-17,4.949518442667888e-16,1.3552527156068805e-19,3.3881317890172014e-20
28,4,2,12132562.764831081,1026.6425133910545,1.2458549193046018,0.3978942178894129,ok,,1.2458549190268733,0.6229274595134366,0.6229274595134366,0.39789421767196753,1.2458549186415877,0.39789421762880406,0.6428769643918042,2,3.852855812169764e-10,4.316347279598176e-11,0.0,2.777285068589208e-10,2.1744539502321913e-10,6.630140880758972e-10,2.606088678192009e-10
29,3,3,185389.1599554171,3553.9637709736608,0.5069241690027906,0.13829925589630182,ok,,0.5069241690033066,0.2534620845016533,0.2534620845016533,0.13829925589638048,0.506924169003162,0.13829925589641218,0.2886131861442881,3,1.446620601086579e-13,3.169686735304822e-14,0.0,5.160316618457728e-13,7.865930129469234e-14,3.7136960173711486e-13,1.1035616864774056e-13
30,2,1,421.8005731426557,1.0,0.07324886808243916,0.01880905611927409,ok,,0.07324886808243924,0.03662443404121962,0.03662443404121962,0.01880905611927508,0.0732488680824391,0.018809056119274078,0.07063048916503398,1,1.3877787807814457e-16,1.0026701691145945e-15,0.0,8.326672684688674e-17,9.8879238130678e-16,5.551115123125783e-17,1.3877787807814457e-17
31,4,3,2038.3647055111576,9258.555724026884,1.857681440713573,0.6284990250312087,ok,,1.857681440714202,0.928840720357101,0.928840720357101,0.6284990250313554,1.8576814407136086,0.628499025031218,0.7724189014948893,3,5.933031843596837e-13,1.3733458814613186e-13,0.0,6.288303211476887e-13,1.4666046155298318e-13,3.552713678800501e-14,9.325873406851315e-15
32,2,2,3101774.663140943,124.57536495798952,0.15153183158924668,0.039054902973534325,ok,,0.1515318315803631,0.07576591579018155,0.07576591579018155,0.039054902970302674,0.15153183157848357,0.039054902970646094,0.09550629719797689,2,1.879524313963543e-12,3.4341973709217655e-13,0.0,8.883588309416268e-12,3.2316510578667135e-12,1.0763112623379811e-11,2.888231320774537e-12
33,4,4,309.7570908301052,15292.744405702246,3.7248300780137864,1.379450031193541,ok,,3.7248300780137145,1.8624150390068572,1.8624150390068572,1.3794500311935023,3.724830078013865,1.3794500311935773,0.8849365908292608,4,1.5054624213917123e-13,7.505107646466058e-14,0.0,7.194245199571014e-14,3.863576125695545e-14,7.860379014346108e-14,3.6415315207705135e-14
34,3,4,8346.498984081654,466739.696176914,0.4675577278737415,0.13136915908654848,ok,,0.46755772787286,0.23377886393643,0.23377886393643,0.1313691590856676,0.4675577278740811,0.13136915908665506,0.3327385252689466,3,1.2211343047852097e-12,9.874601136772299e-13,0.0,8.815170815523743e-13,8.808787033132148e-13,3.396172232328354e-13,1.0658141036401503e-13
35,1,3,1.0,399667.1428505183,0.11848460370344008,0.030911109862517543,ok,,0.11848460370426661,0.059242301852133306,0.059242301852133306,0.03091110986237,0.1184846037034338,0.030911109862515836,0.11173450844953746,1,8.328060463469455e-13,1.4583473317841822e-13,0.0,8.265332862578134e-13,1.475417010787794e-13,6.2727600891321345e-15,1.7069679003611782e-15
36,2,3,22075732.852915477,179070.38875895197,12.199852175325722,5.8122375362517,ok,,12.19985139698067,6.099925698490335,6.099925698490335,5.812237032560569,12.199846167332861,5.812234532265346,0.9999949686063399,2,5.229647808135951e-06,2.5002952233066367e-06,0.0,7.783450524101454e-07,5.0369113058224e-07,6.007992860546096e-06,3.0039863538888767e-06
37,3,3,171744.799208872,1.9749609816264073,0.438696705831961,0.11690852765776953,ok,,0.43869670583154136,0.21934835291577068,0.21934835291577068,0.11690852765769844,0.4386967058314876,0.11690852765764162,0.20430811119565512,3,5.3734794391857577e-14,5.6815663285192386e-14,0.0,4.1966430330830917e-13,7.109590693943346e-14,4.733990977001667e-13,1.2791157022462585e-13
38,1,1,1.0,1.0,0.026381925025944344,0.006660444449472109,ok,,0.026381925025944497,0.013190962512972249,0.013190962512972249,0.006660444449471337,0.026381925025944344,0.006660444449472109,0.02603696229313934,1,1.5265566588595902e-16,7.719519468096792e-16,0.0,1.5265566588595902e-16,7.719519468096792e-16,0.0,0.0
39,4,2,1676405.2181868593,2.408239895300318,0.07212306315558314,0.018480602206646792,ok,,0.07212306315530567,0.036061531577652836,0.036061531577652836,0.018480602206596863,0.07212306315565324,0.018480602206665118,0.06726253367583779,2,3.4756919564671307e-13,6.825442988578345e-14,0.0,2.7747248942944225e-13,4.992881108556446e-14,7.009670621727082e-14,1.832561880021899e-14
40,2,4,650325.3328779205,81.33697942625587,0.9441306391119723,0.30579535800160096,ok,,0.944130639106671,0.4720653195533355,0.4720653195533355,0.30579535799971147,0.9441306391264903,0.30579535800718316,0.609489731407884,2,1.9819257346398444e-11,7.471689933424841e-12,0.0,5.30120392028266e-12,1.889488565609554e-12,1.4518053426115785e-11,5.582201367815287e-12
41,5,3,26171326.092496213,1567.9564993223626,0.3970617064500349,0.10648288234857953,ok,,0.3970617064551898,0.1985308532275949,0.1985308532275949,0.1064828823446895,0.3970617064389534,0.10648288234541828,0.198187184458016,3,1.623640111247937e-11,7.287781489395684e-13,0.0,5.154876525637064e-12,3.890027189257239e-12,1.1081524586842306e-11,3.1612490403176707e-12
42,3,3,5.574550222311849,44755.534704515485,2.944017478657854,0.9642346095248653,ok,,2.9440174786579747,1.4720087393289873,1.4720087393289873,0.9642346095247936,2.944017478657289,0.9642346095246419,0.6631041364566312,3,6.856737400084967e-13,1.5165646516379638e-13,0.0,1.2079226507921703e-13,7.172040739078511e-14,5.648814749292796e-13,2.233768725545815e-13
43,4,2,163.1307990353435,25.856304189281204,0.24825406074748013,0.0665722101048995,ok,,0.2482540607474789,0.12412703037373946,0.12412703037373946,0.06657221010489778,0.2482540607474802,0.06657221010489953,0.19900999855365104,2,1.27675647831893e-15,1.7486012637846216e-15,0.0,1.2212453270876722e-15,1.7208456881689926e-15,5.551115123125783e-17,2.7755575615628914e-17
44,3,3,1365463.456273746,35661.98409105254,0.8950456077374502,0.27463669624999365,ok,,0.895045607754207,0.4475228038771035,0.4475228038771035,0.27463669625348963,0.8950456077505595,0.2746366962546888,0.5431987548755074,3,3.647526725103489e-12,1.1991518888976316e-12,0.0,1.6756818155272413e-11,3.4959812822421554e-12,1.3109291430168923e-11,4.695133171139787e-12
45,2,4,53.812145117257884,4091095.8032080503,1.7467939638546837,0.6101084881308374,ok,,1.7467939638390337,0.8733969819195169,0.8733969819195169,0.6101084881618961,1.7467939637689078,0.6101084880937357,0.7901729438111087,2,7.012590508281846e-11,6.816036624002209e-11,0.0,1.5649925799721132e-11,3.105871115849368e-11,8.57758308825396e-11,3.7101655081528406e-11
46,4,4,806.7920568918731,60917762.117924646,0.6551150021716995,0.18426655931141533,ok,,0.6551150020049201,0.32755750100246006,0.32755750100246006,0.18426655937489667,0.6551150022333706,0.18426655933107997,0.3751515991304725,4,2.28450480754816e-10,4.381670026809559e-11,0.0,1.6677936809372795e-10,6.348133130273936e-11,6.167111266108805e-11,1.9664631034643776e-11
47,5,2,11.382042097591649,2.064029473981204,0.19769240457819454,0.052837943982696256,ok,,0.1976924045781945,0.09884620228909725,0.09884620228909725,0.0528379439826967,0.19769240457819462,0.05283794398269628,0.17635170675655298,2,1.1102230246251565e-16,4.2327252813834093e-16,0.0,2.7755575615628914e-17,4.440892098500626e-16,8.326672684688674e-17,2.0816681711721685e-17
48,5,1,14592.78258589192,1.0,17.570818749450815,8.497727310071372,ok,,17.570819288048924,8.785409644024462,8.785409644024462,8.497727898047948,17.57081589241473,8.497725881553352,0.9999999766066933,1,3.3956341951579816e-06,2.0164945961909098e-06,0.0,5.385981083350089e-07,5.879765758720623e-07,2.8570360868229727e-06,1.4285180203188474e-06
49,3,4,40.69521116701581,29.324397736172024,0.6678385120921027,0.18154311267048978,ok,,0.6678385120921027,0.3339192560460513,0.3339192560460513,0.18154311267049028,0.667838512092102,0.1815431126704896,0.25759689341998215,3,6.661338147750939e-16,6.938893903907228e-16,0.0,0.0,4.996003610813204e-16,6.661338147750939e-16,1.942890293094024e-16
50,1,5,1.0,26300.27274930806,0.3176744093811707,0.08837174795357856,ok,,0.3176744093801913,0.15883720469009566,0.15883720469009566,0.08837174795390812,0.3176744093812013,0.08837174795358788,0.27216027237278567,1,1.009969885501505e-12,3.202438314531264e-13,0.0,9.793832411730818e-13,3.295558270721699e-13,3.058664432842306e-14,9.3119956190435e-15
51,2,4,1.0553609014433905,1093.7140346769813,0.9307181469374208,0.2740646216923089,ok,,0.9307181469374086,0.4653590734687043,0.4653590734687043,0.27406462169228174,0.9307181469374424,0.2740646216923157,0.4685321489932293,2,3.375077994860476e-14,3.397282455352979e-14,0.0,1.2212453270876722e-14,2.7144952952085077e-14,2.1538326677728037e-14,6.827871601444713e-15
52,3,4,193.65561595179184,12905721.988649055,0.08713001277151974,0.022210514287252743,ok,,0.08713001276057764,0.04356500638028882,0.04356500638028882,0.022210514279243476,0.08713001277165373,0.022210514287287313,0.06360324790814362,3,1.107609837180945e-11,8.043836430271512e-12,0.0,1.0942108330525002e-11,8.009266860842246e-12,1.3399004128444858e-13,3.456956942926581e-14
53,2,2,350289.3334791889,4124.022273279568,0.5233981431540864,0.1439874958643606,ok,,0.5233981431660757,0.26169907158303785,0.26169907158303785,0.14398749586538973,0.523398143160785,0.14398749586640539,0.2843782200249455,2,5.290656801548721e-12,1.0156597785027088e-12,0.0,1.1989298442927065e-11,1.0291212326762889e-12,6.6986416413783445e-12,2.0447810111789977e-12
54,4,1,69.50469081314418,1.0,0.0028080689089271353,0.0007027561234783521,ok,,0.0028080689089271527,0.0014040344544635763,0.0014040344544635763,0.0007027561234789204,0.002808068908927136,0.0007027561234783523,0.0028041299712272603,1,1.6479873021779667e-17,5.680135181651558e-16,0.0,1.734723475976807e-17,5.682303585996529e-16,8.673617379884035e-19,2.168404344971009e-19
55,2,2,543591.809477878,2.488286150814253,0.05742329610417593,0.014511570833096836,ok,,0.05742329610374575,0.028711648051872873,0.028711648051872873,0.014511570833013021,0.057423296104270924,0.01451157083312107,0.03143080331273268,2,5.251771240111225e-13,1.0804898642469141e-13,0.0,4.3018366646663253e-13,8.381489946529541e-14,9.499345754448996e-14,2.4234086959395995e-14
56,4,3,11.972749185851466,18.879514615628892,0.005858384381299302,0.0014664296326280407,ok,,0.005858384381299625,0.0029291921906498125,0.0029291921906498125,0.0014664296326278858,0.0058583843812993,0.00146642963262804,0.004072289129278566,3,3.2526065174565133e-16,1.5417354892743873e-16,0.0,3.226585665316861e-16,1.5482407023093003e-16,2.6020852139652106e-18,6.505213034913027e-19
57,1,2,1.0,1.0005190420603929,0.008025337463882705,0.002012364352080963,ok,,0.008025337463882563,0.0040126687319412815,0.0040126687319412815,0.0020123643520810752,0.008025337463882704,0.0020123643520809625,0.007993220417318899,1,1.4051260155412137e-16,1.1275702593849246e-16,0.0,1.4224732503009818e-16,1.1232334506949826e-16,1.734723475976807e-18,4.336808689942018e-19
58,4,3,3.484411132681425,64166203.54179671,1.4587829301923017,0.4710823536459777,ok,,1.4587829289285104,0.7293914644642552,0.7293914644642552,0.4710823537078781,1.45878293165798,0.4710823542294668,0.6792981065624972,3,2.729469539275442e-09,5.215887166620803e-10,0.0,1.2637912938373574e-09,6.190037371567314e-11,1.4656782454380846e-09,5.834890903777534e-10
59,4,1,154.75312062896901,1.0,0.3204636275042723,0.08922238871895131,ok,,0.3204636275042727,0.16023181375213635,0.16023181375213635,0.08922238871895116,0.3204636275042725,0.08922238871895137,0.27418754756112124,1,2.220446049250313e-16,2.0816681711721685e-16,0.0,3.885780586188048e-16,1.5265566588595902e-16,1.6653345369377348e-16,5.551115123125783e-17
60,3,5,48148.316177611756,8695832.827874688,20.82649468154615,10.074683001003741,ok,,20.80263682931339,10.401318414656695,10.401318414656695,10.05879680361852,20.829916556303697,10.076393938381184,0.9999999988869708,3,0.027279726990308006,0.017597134762663558,0.0,0.023857852232762156,0.015886197385221124,0.003421874757545851,0.0017109373774424341
61,1,5,1.0,245.0978501356827,0.18230188913598244,0.048595605759920474,ok,,0.18230188913598377,0.09115094456799189,0.09115094456799189,0.04859560575992017,0.18230188913598197,0.048595605759920335,0.16665027679051475,1,1.8041124150158794e-15,1.6653345369377348e-16,0.0,1.3322676295501878e-15,3.0531133177191805e-16,4.718447854656915e-16,1.3877787807814457e-16
62,1,1,1.0,1.0,0.26892272988350213,0.0737029710103154,ok,,0.26892272988350197,0.13446136494175098,0.13446136494175098,0.07370297101031675,0.2689227298835022,0.0737029710103154,0.2357976966321334,1,2.220446049250313e-16,1.3600232051658168e-15,0.0,1.6653345369377348e-16,1.3600232051658168e-15,5.551115123125783e-17,0.0
63,5,5,8682513.262225172,915362.8698235449,1.382921342897151,0.42292776959277084,ok,,1.3829213429798033,0.6914606714899016,0.6914606714899016,0.4229277695982647,1.3829213429019107,0.42292776959438677,0.6113811950827222,5,7.789258127388621e-11,3.8779535138644405e-12,0.0,8.265232942505918e-11,5.493883126206356e-12,4.759748151172971e-12,1.6159296123419153e-12
64,5,4,1661854.126169157,4.102562638669529,0.5088754992947774,0.13541730854648085,ok,,0.5088754992944766,0.2544377496472383,0.2544377496472383,0.13541730854645007,0.508875499294624,0.13541730854643955,0.2081806074899581,4,1.4732659536775827e-13,1.0519363158323358e-14,0.0,3.007594173709549e-13,3.0780933357732465e-14,1.5343282200319663e-13,4.1300296516055823e-14
65,1,4,1.0,10.405497160956068,0.27904119896656526,0.07671623654246357,ok,,0.27904119896656543,0.13952059948328271,0.13952059948328271,0.07671623654246362,0.27904119896656515,0.07671623654246354,0.24349126480508085,1,2.7755575615628914e-16,8.326672684688674e-17,0.0,1.6653345369377348e-16,5.551115123125783e-17,1.1102230246251565e-16,2.7755575615628914e-17
66,1,5,1.0,9.970442720870656,0.4735778130648131,0.1377335058183854,ok,,0.473577813064813,0.2367889065324065,0.2367889065324065,0.1377335058183844,0.47357781306481284,0.13773350581838528,0.3772298775170025,1,1.6653345369377348e-16,8.881784197001252e-16,0.0,1.1102230246251565e-16,9.992007221626409e-16,2.7755575615628914e-16,1.1102230246251565e-16
67,3,4,5354782.080881072,1.0510785432679106,3.899945544073006,1.3620022833037386,ok,,3.899945543895717,1.9499727719478586,1.9499727719478586,1.3620022832076177,3.8999455439526876,1.3620022832520204,0.828833745139424,3,5.697042837482513e-11,4.440270373606836e-11,0.0,1.7728885026713215e-10,9.61208890259968e-11,1.2031842189230701e-10,5.171818528992844e-11
68,4,2,1247.4040921993032,6233454.039848721,0.169538143100717,0.04498880968764719,ok,,0.16953814308157078,0.08476907154078539,0.08476907154078539,0.04498880953033613,0.16953814318037758,0.044988809709979254,0.15556749279065915,2,9.880679607832121e-11,1.7964312676310712e-10,0.0,1.914621239329506e-11,1.5731106001171113e-10,7.966058368502615e-11,2.2332066751395985e-11
69,5,2,39.27578178397698,1103.409655616891,0.8810285705347459,0.25976658311901185,ok,,0.8810285705347458,0.4405142852673729,0.4405142852673729,0.2597665831190108,0.8810285705347464,0.259766583119012,0.4731438304384873,2,5.551115123125783e-16,1.2212453270876722e-15,0.0,1.1102230246251565e-16,1.0547118733938987e-15,4.440892098500626e-16,1.6653345369377348e-16
70,3,5,63227.13034751708,47723976.85864967,0.018701491484703674,0.004701688346625193,ok,,0.018701491626619493,0.009350745813309747,0.009350745813309747,0.004701688428590423,0.018701491485390312,0.0047016883467989184,0.016575766057762734,3,1.4122918112757787e-10,8.179150412512826e-11,0.0,1.4191581937383901e-10,8.196522974235343e-11,6.866382462611398e-13,1.7372561722517332e-13
71,3,2,7325929.637132236,371.2155615297454,0.9035151337800645,0.28696108652091257,ok,,0.9035151338543195,0.45175756692715974,0.45175756692715974,0.2869610865538248,0.9035151338689462,0.2869610865543255,0.5825528934990741,2,1.4626744260226587e-11,5.007105841059456e-13,0.0,7.425493553370188e-11,3.291222849810538e-11,8.888167979392847e-11,3.3412939082211324e-11
72,2,5,518703.65179407236,9547.483604681507,14.691213469161,7.036290641705168,ok,,14.691214973159585,7.345607486579793,7.345607486579793,7.03629140983852,14.691216550511434,7.036292182379872,0.999999544432239,2,1.5773518491357663e-06,7.725413517789548e-07,0.0,1.503998586116495e-06,7.681333515918709e-07,3.0813504352522614e-06,1.5406747033708257e-06
73,1,3,1.0,3.640727621920909,0.09746005129877984,0.025240949602284995,ok,,0.09746005129877991,0.048730025649389955,0.048730025649389955,0.0252409496022854,0.09746005129877984,0.025240949602284995,0.09286142015994797,1,6.938893903907228e-17,4.0592529337857286e-16,0.0,6.938893903907228e-17,4.0592529337857286e-16,0.0,0.0
74,3,3,2.8709639960616467,19991.066422541615,0.047331446911755067,0.011999340828618357,ok,,0.04733144691177582,0.02366572345588791,0.02366572345588791,0.01199934082663301,0.047331446911727915,0.011999340828611357,0.041074045885677375,3,4.7906123512575505e-14,1.97834804094299e-12,0.0,2.075423166658652e-14,1.9853476501685563e-12,2.7151891845988985e-14,6.999609225566417e-15
75,5,2,29.00630199523232,121.83745643770334,2.71535100101279,0.9622714758989239,ok,,2.715351001012788,1.357675500506394,1.357675500506394,0.9622714758989268,2.7153510010127744,0.9622714758989173,0.8372845386305375,2,1.3766765505351941e-14,9.547918011776346e-15,0.0,1.7763568394002505e-15,2.886579864025407e-15,1.554312234475219e-14,6.661338147750939e-15
76,4,1,3.708886044725298,1.0,0.003980460057161142,0.0009965994094670936,ok,,0.003980460057161128,0.001990230028580564,0.001990230028580564,0.0009965994094667252,0.00398046005716114,0.0009965994094670932,0.0039725485266858705,1,1.214306433183765e-17,3.679782173415802e-16,0.0,1.3877787807814457e-17,3.684118982105744e-16,1.734723475976807e-18,4.336808689942018e-19
77,1,4,1.0,9777937.650495881,0.0010959899227164654,0.00027411007203658003,ok,,0.001095989481928683,0.0005479947409643415,0.0005479947409643415,0.00027410951849349274,0.0010959899225668084,0.00027411007199913505,0.0010953895449675882,1,4.406381253797831e-10,5.535056423074634e-10,0.0,4.407877823593004e-10,5.535430872894744e-10,1.4965697951729862e-13,3.744498201091462e-14
78,1,5,1.0,1195298.4360736657,0.5323454776889687,0.15725758728795047,ok,,0.5323454776919307,0.2661727388459654,0.2661727388459654,0.15725758728836947,0.5323454776889786,0.1572575872879538,0.412773972374577,1,2.9521940447807538e-12,4.156675004196586e-13,0.0,2.9620750296999176e-12,4.189981694935341e-13,9.880984919163893e-15,3.3306690738754696e-15
79,1,5,1.0,4426.289131895051,0.5254363068824243,0.15493730029133634,ok,,0.5254363068824484,0.2627181534412242,0.2627181534412242,0.154937300291345,0.5254363068824203,0.154937300291335,0.408702679012846,1,2.808864252301646e-14,9.992007221626409e-15,0.0,2.4091839634365897e-14,8.659739592076221e-15,3.9968028886505635e-15,1.3322676295501878e-15
80,2,4,9066.313952735874,25.895916546179272,2.3784729888891873,0.9172235229176615,ok,,2.3784729888868545,1.1892364944434273,1.1892364944434273,0.9172235229163661,2.378472988887237,0.9172235229167512,0.9006426308294313,2,3.823608096809039e-13,3.851363672424668e-13,0.0,2.332800619342379e-12,1.2954082251326327e-12,1.950439809661475e-12,9.102718578901658e-13
81,3,1,4840720.304385199,1.0,0.022144780308626714,0.00558199935002889,ok,,0.022144780308647638,0.011072390154323819,0.011072390154323819,0.005581999350028344,0.022144780308618904,0.005581999350026907,0.021901384619806882,1,2.873395965607983e-14,1.4372183998467847e-15,0.0,2.0924234567232247e-14,5.464378949326942e-16,7.809725088847586e-15,1.983656294779479e-15
82,5,5,1600.0579799284344,1653191.1856925525,1.8450167723714999,0.6425865218405991,ok,,1.8450167723693793,0.9225083861846897,0.9225083861846897,0.6425865218437865,1.8450167723634603,0.6425865218369611,0.8007810331298786,5,5.9190430334865596e-12,6.825429110790537e-12,0.0,2.120525977034049e-12,3.1874503036988244e-12,8.039569010520609e-12,3.637978807091713e-12
83,5,3,2360893.261374078,5.303764823298112,0.9098327089639693,0.29088741127511863,ok,,0.9098327089528964,0.4549163544764482,0.4549163544764482,0.2908874112725748,0.9098327089594298,0.29088741127340334,0.5903077088546398,3,6.533440455314121e-12,8.285594432777543e-13,0.0,1.1072920358401461e-11,2.543854016323621e-12,4.53947990308734e-12,1.7152945730458669e-12
84,1,1,1.0,1.0,19.059962163802286,9.242299011208267,ok,,19.059962171384882,9.529981085692441,9.529981085692441,9.242299022880005,19.059962163802286,9.242299011208267,0.9999999947232854,1,7.582595884514376e-09,1.1671737354390643e-08,0.0,7.582595884514376e-09,1.1671737354390643e-08,0.0,0.0
85,4,4,177.1800363658944,21885512.252111565,0.743882018373556,0.20948177221734482,ok,,0.7438820184783355,0.37194100923916773,0.37194100923916773,0.209481772141344,0.7438820182998276,0.20948177219474393,0.34342746455131123,4,1.7850787514817057e-10,5.3399923372055014e-11,0.0,1.0477940737274594e-10,7.600081675107617e-11,7.372846777542463e-11,2.260089337902116e-11
86,4,5,6734.4911336227215,34374809.0747329,1.1285072586627423,0.3201549280688909,ok,,1.1285072588912355,0.5642536294456177,0.5642536294456177,0.3201549280934808,1.128507258708149,0.32015492808322654,0.3805001040363292,4,1.8308643490172472e-10,1.0254241900042871e-11,0.0,2.2849322434126407e-10,2.4589885683212742e-11,4.540678943953935e-11,1.4335643783169871e-11
87,4,1,103195.48434035257,1.0,0.6546378229497326,0.19938048520071755,ok,,0.654637822949546,0.327318911474773,0.327318911474773,0.1993804852006611,0.6546378229495499,0.19938048520065316,0.48036977334654785,1,3.885780586188048e-15,7.93809462606987e-15,0.0,1.8662849043948881e-13,5.645484080218921e-14,1.8274270985330077e-13,6.439293542825908e-14
88,5,4,12.473813322069855,8208982.858161178,0.6717071693720105,0.18939702553641344,ok,,0.6717071695137138,0.3358535847568569,0.3358535847568569,0.18939702554685667,0.6717071695123652,0.18939702558133786,0.3791048810136647,4,1.3485879080121776e-12,3.448119567650565e-11,0.0,1.4170331574803186e-10,1.0443229614409688e-11,1.4035472784001968e-10,4.492442529091534e-11
89,1,2,1.0,1629678.5875125937,0.971146357715227,0.3167546610027631,ok,,0.9711463577090553,0.48557317885452767,0.48557317885452767,0.3167546610113985,0.9711463577152181,0.3167546610027596,0.6213512776738558,1,6.1627369873917814e-12,8.638867399213268e-12,0.0,6.171618771588783e-12,8.635370196685699e-12,8.881784197001252e-15,3.497202527569243e-15
90,2,4,56648212.8348384,5.346800093909872,0.6208695306298936,0.17548449879835265,ok,,0.6208695308762879,0.31043476543814397,0.31043476543814397,0.17548449885257789,0.6208695304020602,0.17548449872932928,0.36339404090147176,2,4.74227768165747e-10,1.2324860576562457e-10,0.0,2.4639434936801763e-10,5.422523541298574e-11,2.2783341879772934e-10,6.902337035263884e-11
91,1,3,1.0,15.786894356331562,0.0006457531349401635,0.00016147737300659803,ok,,0.0006457531349400858,0.0003228765674700429,0.0003228765674700429,0.00016147737300720166,0.0006457531349401632,0.00016147737300659795,0.0006455446812568083,1,7.741203511546502e-17,6.03710874694241e-16,0.0,7.773729576721067e-17,6.036295595313046e-16,3.2526065174565133e-19,8.131516293641283e-20
92,2,5,1310080.7318517491,41.071709897556644,1.9231292052058757,0.6900981770399461,ok,,1.923129205262676,0.961564602631338,0.961564602631338,0.6900981770589079,1.9231292052110003,0.6900981770419977,0.8267119043396548,2,5.167577477038776e-11,1.6910139954973147e-11,0.0,5.680034220745256e-11,1.8961721082177974e-11,5.1245674370647976e-12,2.0515811272048268e-12
93,4,2,155.9504464118823,4528.73920571972,0.6708159243386305,0.20453883231739445,ok,,0.6708159243386995,0.33540796216934976,0.33540796216934976,0.2045388323173567,0.6708159243386634,0.20453883231740608,0.48594297333136643,2,3.608224830031759e-14,4.937716902020384e-14,0.0,6.905587213168474e-14,3.774758283725532e-14,3.297362383136715e-14,1.1629586182948515e-14
94,4,4,244546.9973935265,218.00812676692786,1.71514105314806,0.6102277656641779,ok,,1.7151410531478968,0.8575705265739484,0.8575705265739484,0.6102277656642761,1.7151410531475102,0.6102277656639421,0.8020091797783571,4,3.865796571744795e-13,3.339550858072471e-13,0.0,1.63202784619898e-13,9.814371537686384e-14,5.497824417943775e-13,2.3581137043038325e-13
95,4,2,83804.74243480705,539.5442629087316,1.7903554958480823,0.6263214564205433,ok,,1.7903554958477315,0.8951777479238657,0.8951777479238657,0.6263214564204693,1.7903554958477323,0.6263214564203929,0.795413637411438,2,8.881784197001252e-16,7.638334409421077e-14,0.0,3.5083047578154947e-13,7.394085344003543e-14,3.4994229736184934e-13,1.503241975342462e-13
96,3,1,5776236.771663709,1.0,16.91632677080268,8.170481327953707,ok,,16.91631610456457,8.458158052282284,8.458158052282284,8.170475713921569,16.91631439901547,8.170475142060289,0.9999999549869955,1,1.7055490992845534e-06,5.718612801075551e-07,0.0,1.0666238111411985e-05,5.614032138723246e-06,1.2371787210696539e-05,6.185893418830801e-06
97,1,3,1.0,34688212.10881699,0.3425289470683644,0.09599459479164746,ok,,0.34252894688884883,0.17126447344442441,0.17126447344442441,0.09599459467296123,0.34252894643272214,0.09599459459546834,0.290027432085065,1,4.561266919722584e-10,7.749288710723334e-11,0.0,1.795155690764716e-10,1.1868622751265434e-10,6.3564226104873e-10,1.9617911461988768e-10
98,3,5,5291.120567742609,6057180.84759089,1.116399013570518,0.3303436370351931,ok,,1.1163990136057453,0.5581995068028727,0.5581995068028727,0.33034363693536406,1.1163990135797797,0.33034363703804676,0.5193235616477823,3,2.5965674055328236e-11,1.026826956795901e-10,0.0,3.522737657135622e-11,9.982903392824483e-11,9.261702516027981e-12,2.853661751345271e-12
99,3,1,284.7136119956029,1.0,0.008571591301180867,0.002149775996492624,ok,,0.008571591301181236,0.004285795650590618,0.004285795650590618,0.0021497759964930196,0.008571591301180872,0.0021497759964926254,0.008534959950171466,1,3.642919299551295e-16,3.942159099157294e-16,0.0,3.694961003830599e-16,3.95516952522712e-16,5.204170427930421e-18,1.3010426069826053e-18
100,4,5,4.128800250186616,2.457939091399481,0.21471955911586715,0.05541171663172001,ok,,0.2147195591158665,0.10735977955793324,0.10735977955793324,0.0554117166317214,0.2147195591158671,0.05541171663171999,0.11600518659619138,4,6.106226635438361e-16,1.4085954624931674e-15,0.0,6.661338147750939e-16,1.3877787807814457e-15,5.551115123125783e-17,2.0816681711721685e-17
101,3,4,94473.4329693814,3408066.6166162468,0.7210035683072029,0.20218158878039258,ok,,0.7210035684720815,0.36050178423604073,0.36050178423604073,0.20218158872993452,0.7210035683035362,0.2021815887793232,0.3736365029432974,3,1.6854528883669673e-10,4.938868758408432e-11,0.0,1.6487855525326722e-10,5.0458054401403274e-11,3.6667335834295045e-12,1.0693668173189508e-12
102,3,1,910.5448937129954,1.0,0.03608558182741743,0.009142738012986417,ok,,0.03608558182741595,0.018042790913707973,0.018042790913707973,0.009142738012986928,0.036085581827417196,0.009142738012986356,0.035442258663461346,1,1.2490009027033011e-15,5.724587470723463e-16,0.0,1.4849232954361469e-15,5.117434254131581e-16,2.3592239273284576e-16,6.071532165918825e-17
103,5,1,946.4923634994861,1.0,0.6369436630186467,0.19316551222653672,ok,,0.6369436630186458,0.3184718315093229,0.3184718315093229,0.1931655122265381,0.6369436630186455,0.19316551222653627,0.47109352733954957,1,3.3306690738754696e-16,1.8318679906315083e-15,0.0,8.881784197001252e-16,1.3877787807814457e-15,1.2212453270876722e-15,4.440892098500626e-16
104,4,2,422092.7067245103,3362.4928397340977,0.7247735859962583,0.22432020924692544,ok,,0.7247735859961528,0.3623867929980764,0.3623867929980764,0.22432020924695983,0.7247735859962064,0.22432020924690677,0.5152251947619139,2,5.362377208939506e-14,5.306866057708248e-14,0.0,1.0547118733938987e-13,3.4389158187764224e-14,5.184741524999481e-14,1.867950238931826e-14
105,5,3,684.9111963380891,20963178.17864524,1.2033842855697712,0.35090047853894607,ok,,1.2033842857230823,0.6016921428615412,0.6016921428615412,0.3509004786446672,1.2033842857815604,0.35090047861024665,0.46927764930959964,3,5.84781112422661e-11,3.4420577499361116e-11,0.0,1.5331114155969772e-10,1.0572115405338423e-10,2.117892528019638e-10,7.130057655402311e-11
106,2,5,14294402.61499014,1.75826746441318,0.0018908073883457303,0.0004729116229092651,ok,,0.0018908073888792253,0.0009454036944396126,0.0009454036944396126,0.0004729116229649222,0.0018908073875299118,0.00047291162270510017,0.0014190153422059444,2,1.349313456106005e-12,2.5982200332203e-13,0.0,5.334949062379968e-13,5.5657084843674376e-14,8.158185498680082e-13,2.041649184783556e-13
107,1,5,1.0,1687207.905374656,0.05732452478664138,0.014636249887355443,ok,,0.05732452480033867,0.028662262400169336,0.028662262400169336,0.0146362498862036,0.0573245247849879,0.014636249886924557,0.05571242508552569,1,1.535076926684198e-11,7.20956280786389e-13,0.0,1.3697293299586022e-11,1.151842510260792e-12,1.6534759672559574e-12,4.3088622947440314e-13
108,2,1,9.242926201699651,1.0,19.263728071467494,9.344181964716622,ok,,19.263727986557637,9.631863993278818,9.631863993278818,9.3441819509753,19.263728123058147,9.344181990511949,0.9999999956960306,1,1.365005104503325e-07,3.953664950984148e-08,0.0,8.490985692333197e-08,1.3741322746341211e-08,5.159065352700054e-08,2.579532676350027e-08
109,2,1,66573189.641414195,1.0,0.3533611975939241,0.09934682510747742,ok,,0.3533611975964428,0.1766805987982214,0.1766805987982214,0.09934682512221515,0.35336119764552687,0.09934682512348986,0.29767653002590083,1,4.9084070141702796e-11,1.2747025657233735e-12,0.0,2.5187074648158614e-12,1.4737738807113487e-11,5.160277760651866e-11,1.601244137283686e-11
110,5,2,26.876715467140745,194.23077887059765,0.7571918910182363,0.23213422824063593,ok,,0.7571918910182368,0.3785959455091184,0.3785959455091184,0.23213422824063645,0.7571918910182364,0.23213422824063598,0.5133935858137739,2,4.440892098500626e-16,4.718447854656915e-16,0.0,5.551115123125783e-16,5.273559366969494e-16,1.1102230246251565e-16,5.551115123125783e-17
111,2,2,15.939319953092507,4788443.961774834,0.0051203830166256115,0.001281848515524354,ok,,0.005120383198203626,0.002560191599101813,0.002560191599101813,0.0012818480273986133,0.005120383016357577,0.0012818485154571329,0.004224522018742169,2,1.8184604950316485e-10,4.880585195970316e-10,0.0,1.8157801477680646e-10,4.88125740782247e-10,2.6803472635839043e-13,6.722118521540477e-14
112,4,3,1.1363426280183917,7799.025182232712,1.4806872092390158,0.46493257901821633,ok,,1.4806872092389671,0.7403436046194836,0.7403436046194836,0.46493257901816865,1.4806872092390009,0.46493257901821133,0.6108809646934106,3,3.375077994860476e-14,4.268807529683727e-14,0.0,4.8627768478581856e-14,4.7684078907650473e-14,1.4876988529977098e-14,4.9960036108132044e-15
113,1,3,1.0,69247.4791400337,0.4162009690926056,0.11914568627990563,ok,,0.41620096909235293,0.20810048454617647,0.20810048454617647,0.11914568628008793,0.4162009690921535,0.11914568627976105,0.3404522915398008,1,1.9945156637390937e-13,3.268774140252617e-13,0.0,2.5268676040468563e-13,1.822986206434507e-13,4.52138326778595e-13,1.44578793381811e-13
114,2,4,3249.407501667602,28338.613343860437,1.3940313075524662,0.4887793303831588,ok,,1.3940313075531616,0.6970156537765808,0.6970156537765808,0.48877933038324617,1.3940313075526618,0.4887793303832417,0.7519211587642354,2,4.998224056862455e-13,4.496403249731884e-15,0.0,6.954437026251981e-13,8.737455203799982e-14,1.9562129693895258e-13,8.287814878826794e-14
115,1,4,1.0,1.2706445904783181,0.20769683311854095,0.05582695029861477,ok,,0.20769683311854084,0.10384841655927042,0.10384841655927042,0.05582695029861506,0.207696833118541,0.05582695029861479,0.18754669168483123,1,1.6653345369377348e-16,2.706168622523819e-16,0.0,1.1102230246251565e-16,2.914335439641036e-16,5.551115123125783e-17,2.0816681711721685e-17
116,1,5,1.0,1.038111888126409,0.9038755706646118,0.2908874885422642,ok,,0.9038755706646123,0.45193778533230616,0.45193778533230616,0.2908874885422641,0.903875570664612,0.29088748854226426,0.595002980298585,1,3.3306690738754696e-16,1.6653345369377348e-16,0.0,5.551115123125783e-16,1.1102230246251565e-16,2.220446049250313e-16,5.551115123125783e-17
117,3,1,231599.3594022405,1.0,0.14734183709197277,0.038820362038724715,ok,,0.14734183709221949,0.07367091854610974,0.07367091854610974,0.03882036203877748,0.1473418370908413,0.03882036203841176,0.13700107805213674,1,1.378175351618438e-12,3.657213420993344e-13,0.0,2.467193116473254e-13,5.2763349245310565e-14,1.1314560399711127e-12,3.129579928540238e-13
118,1,5,1.0,24153987.56889648,0.00031206050213049156,7.802425459750331e-05,ok,,0.0003120606748225896,0.0001560303374112948,0.0001560303374112948,7.802465563866434e-05,0.0003120605021200993,7.802425459490464e-05,0.0003120118163060458,1,1.7270249027525816e-10,4.010437596976054e-10,0.0,1.7269209803480456e-10,4.010411610276283e-10,1.0392240453599433e-14,2.5986699771218813e-15
119,2,4,2655.090825953282,11227430.756173674,0.10797985765872609,0.02801957892574202,ok,,0.10797985764070361,0.05398992882035181,0.05398992882035181,0.02801957891485518,0.10797985765884412,0.02801957892577281,0.10007920218169715,2,1.8140502988650553e-11,1.0917627912832018e-11,0.0,1.802247240334509e-11,1.0886840040580381e-11,1.1803058530546195e-13,3.078787225163637e-14
120,2,3,8.731218007890744,3.772230442499012,15.329403980757817,7.3185747197351665,ok,,15.329403980207168,7.664701990103584,7.664701990103584,7.318574719239903,15.329403978418057,7.318574718565287,0.9999997152981722,2,1.7891110815071443e-09,6.746159186832301e-10,0.0,5.506493039320048e-10,4.952633858579247e-10,2.339760385439149e-09,1.1698793045411549e-09
121,1,1,1.0,1.0,0.02873508237096629,0.007260809056210221,ok,,0.028735082370966225,0.014367541185483113,0.014367541185483113,0.007260809056210293,0.028735082370966284,0.00726080905621022,0.0283261560961545,1,5.898059818321144e-17,7.37257477290143e-17,0.0,6.591949208711867e-17,7.19910242530375e-17,6.938893903907228e-18,1.734723475976807e-18
122,2,5,11.468715232091899,320.31805859499633,0.004223665237407017,0.0010569448304575996,ok,,0.00422366523740525,0.002111832618702625,0.002111832618702625,0.0010569448304567075,0.00422366523740701,0.0010569448304575979,0.0031209861538883388,2,1.7607443281164592e-15,8.903468240450962e-16,0.0,1.7676832220203664e-15,8.92081547521073e-16,6.938893903907228e-18,1.734723475976807e-18
123,3,1,28002.5341088854,1.0,0.10098586452295744,0.026186359089133627,ok,,0.10098586452299552,0.05049293226149776,0.05049293226149776,0.026186359089139355,0.10098586452295451,0.026186359089132843,0.09605418949919026,1,4.100886297209172e-14,6.512151928816934e-15,0.0,3.808064974464287e-14,5.728056917675417e-15,2.9282132274488504e-15,7.840950111415168e-16
124,5,3,17019012.273907658,34.925383989297295,0.6555221604693262,0.1885515882901201,ok,,0.6555221604540937,0.32776108022704686,0.32776108022704686,0.18855158828837482,0.6555221604798374,0.18855158829347332,0.40646290376889477,3,2.5743629450403205e-11,5.098504951561722e-12,0.0,1.5232481942462073e-11,1.745270594710746e-12,1.0511147507941132e-11,3.353234356850976e-12
125,5,1,1.2071825608745768,1.0,0.0038767466971619583,0.000970594747906046,ok,,0.0038767466971618703,0.0019383733485809351,0.0019383733485809351,0.0009705947479066168,0.003876746697161959,0.0009705947479060462,0.0038692418159917146,1,8.890457814381136e-17,5.70615603379121e-16,0.0,8.803721640582296e-17,5.708324438136181e-16,8.673617379884035e-19,2.168404344971009e-19
126,4,4,25.641186619448696,504374.6714191421,1.5947429769946921,0.5639178166412467,ok,,1.5947429769727224,0.7973714884863612,0.7973714884863612,0.5639178166481704,1.5947429769761277,0.563917816633253,0.7840261017797132,4,3.40527606113028e-12,1.4917400648073453e-11,0.0,2.1969759345097373e-11,6.923683848469864e-12,1.8564483283967093e-11,7.99371679960359e-12
127,3,5,21061.985786358968,20249.37036760588,0.1152657078406132,0.029985930406518296,ok,,0.1152657078406305,0.05763285392031525,0.05763285392031525,0.029985930406540184,0.11526570784060731,0.029985930406516703,0.10661066843570023,3,2.3189783426857957e-14,2.348121697082206e-14,0.0,1.7305601396344628e-14,2.1888740819875352e-14,5.88418203051333e-15,1.592476150946709e-15
128,1,4,1.0,38204.354239319764,0.16379769643607148,0.04339545085645457,ok,,0.16379769643567688,0.08189884821783844,0.08189884821783844,0.04339545085647334,0.163797696436064,0.04339545085645248,0.15108625721461477,1,3.871347686867921e-13,2.085831507514513e-14,0.0,3.9460101852739626e-13,1.8769708010069053e-14,7.466249840604178e-15,2.0886070650760757e-15
129,5,3,1283.0547187584377,10861.669068639783,1.008270064663094,0.3191164319318237,ok,,1.0082700646631872,0.5041350323315936,0.5041350323315936,0.319116431931608,1.0082700646631673,0.3191164319318491,0.5998411482297784,3,1.9984014443252818e-14,2.4108492979735274e-13,0.0,9.325873406851315e-14,2.1571633368466792e-13,7.327471962526033e-14,2.5368596112684827e-14
130,4,3,2366.3499601195012,2722.581700894943,0.5243388977810922,0.14741853410141087,ok,,0.5243388977811403,0.26216944889057014,0.26216944889057014,0.14741853410149108,0.5243388977811644,0.1474185341014336,0.3478994927322534,3,2.4091839634365897e-14,5.748179709996748e-14,0.0,4.807265696626928e-14,8.021361352916756e-14,7.216449660063518e-14,2.273181642920008e-14
131,2,4,278133.4547734216,1101377.9965114528,1.0481098891081961,0.3403798235486343,ok,,1.0481098890870744,0.5240549445435372,0.5240549445435372,0.3403798235483757,1.0481098891120029,0.3403798235501263,0.6325332196867126,2,2.4928503705723415e-11,1.7505996652289468e-12,0.0,2.1121770998888678e-11,2.5857094243519896e-13,3.806732706834737e-12,1.4920287227937479e-12
132,1,4,1.0,35.146262435546554,16.97370386998542,8.199169876708416,ok,,16.973703881902455,8.486851940951228,8.486851940951228,8.199169884314285,16.97370389088253,8.19916988715697,0.9999999574975404,1,8.980073573638947e-09,2.8426843101669874e-09,0.0,1.1917034470343424e-08,7.605869711824198e-09,2.089710804398237e-08,1.0448554021991185e-08
133,3,1,220690.88324065408,1.0,0.08318903058178216,0.021437008265480548,ok,,0.08318903058178329,0.04159451529089164,0.04159451529089164,0.021437008265480895,0.08318903058178384,0.021437008265480995,0.0798228108504641,1,5.551115123125783e-16,1.0061396160665481e-16,0.0,1.124100812432971e-15,3.469446951953614e-16,1.6792123247455493e-15,4.475586568020162e-16
134,5,2,21.594730665547445,2.5097053344438924,0.8283247597392376,0.2616811851204015,ok,,0.8283247597392367,0.41416237986961835,0.41416237986961835,0.26168118512040195,0.8283247597392369,0.2616811851204013,0.560627894146414,2,2.220446049250313e-16,6.661338147750939e-16,0.0,8.881784197001252e-16,4.440892098500626e-16,6.661338147750939e-16,2.220446049250313e-16
135,3,3,3232.299751627277,3.4120793778035474,0.02440437606137763,0.006129385517772422,ok,,0.024404376061377422,0.012202188030688711,0.012202188030688711,0.0061293855177737555,0.024404376061377638,0.006129385517772424,0.01569835024091039,3,2.1510571102112408e-16,1.3314002678121994e-15,0.0,2.0816681711721685e-16,1.3331349912881763e-15,6.938893903907228e-18,1.734723475976807e-18
136,2,4,898.0432770851999,322.5606330397083,2.6480471224758344,0.929749519434866,ok,,2.6480471224758757,1.3240235612379379,1.3240235612379379,0.9297495194348899,2.6480471224758846,0.9297495194348853,0.8188894604886845,2,8.881784197001252e-15,4.6629367034256575e-15,0.0,4.1300296516055823e-14,2.398081733190338e-14,5.0182080713057076e-14,1.9317880628477724e-14
137,2,3,1.154763746441463,7558052.263218036,0.16910199251432748,0.044185955256082037,ok,,0.1691019924372057,0.08455099621860285,0.08455099621860285,0.044185955276971,0.1691019925118134,0.04418595525541678,0.13223604150741294,2,7.460770889977653e-11,2.1554223683661888e-11,0.0,7.712178118346458e-11,2.0888964169518687e-11,2.5140722836880514e-12,6.652595141432016e-13
138,1,2,1.0,15125200.709654879,1.5679351376105233,0.5634690197774445,ok,,1.5679351374495907,0.7839675687247953,0.7839675687247953,0.563469019829085,1.5679351375894597,0.5634690197682812,0.7915247891441863,1,1.3986900526674617e-10,6.080380643425087e-11,0.0,1.609326005791445e-10,5.1640580700507144e-11,2.106359531239832e-11,9.16322573374373e-12
139,1,1,1.0,1.0,0.35258060158493376,0.09910465146684165,ok,,0.35258060158493376,0.17629030079246688,0.17629030079246688,0.09910465146684211,0.35258060158493376,0.09910465146684165,0.29712808506283683,1,0.0,4.579669976578771e-16,0.0,0.0,4.579669976578771e-16,0.0,0.0
140,4,4,6.080418731107115,195526.91357067402,1.0176021374728237,0.2919503519950689,ok,,1.0176021374735658,0.5088010687367829,0.5088010687367829,0.29195035199373276,1.0176021374738613,0.2919503519953959,0.4448484036854774,4,2.9554136915521667e-13,1.6631140908884845e-12,0.0,7.420730696594546e-13,1.3361534101363759e-12,1.0376144388146713e-12,3.269606807521086e-13
141,4,5,27014222.534054555,40.02470908707796,0.7716134688035334,0.22078689063043286,ok,,0.7716134687685002,0.3858067343842501,0.3858067343842501,0.22078689063334878,0.7716134687939753,0.22078689062725304,0.41765318682381575,4,2.547506650074638e-11,6.095735027855653e-12,0.0,3.503319856434928e-11,2.9159175074511268e-12,9.558132063602898e-12,3.1798175204045265e-12
142,2,4,17.680858599123734,6.497339838933296,0.06933832783179211,0.01773847098861461,ok,,0.06933832783179195,0.03466916391589597,0.03466916391589597,0.017738470988615695,0.069338327831792,0.01773847098861458,0.06378624348409812,2,5.551115123125783e-17,1.1171619185290638e-15,0.0,1.6653345369377348e-16,1.0859368959614812e-15,1.1102230246251565e-16,3.122502256758253e-17
143,3,3,2183.1143473771863,6.196573139711357,0.12418300353534463,0.03244461566827875,ok,,0.12418300353534362,0.06209150176767181,0.06209150176767181,0.032444615668278054,0.12418300353534145,0.03244461566827789,0.11612180974495419,3,2.1649348980190553e-15,1.6653345369377348e-16,0.0,1.0130785099704553e-15,6.938893903907228e-16,3.1780134079895106e-15,8.604228440844963e-16
144,1,1,1.0,1.0,9.661249818736605,4.542964071641943,ok,,9.66124981873693,4.830624909368465,4.830624909368465,4.542964071641826,9.661249818736605,4.542964071641943,0.9999362951473626,1,3.2507330161024584e-13,1.163513729807164e-13,0.0,3.2507330161024584e-13,1.163513729807164e-13,0.0,0.0
145,3,2,2523967.4435175788,126.76880353459788,0.8475905775878658,0.2511544149815632,ok,,0.8475905775415873,0.42379528877079364,0.42379528877079364,0.2511544149639615,0.8475905775234107,0.25115441495883356,0.4815759065312941,2,1.8176571359163063e-11,5.127953617289904e-12,0.0,4.6278536558475025e-11,1.7601697877012157e-11,6.445510791763809e-11,2.272965149430206e-11
146,4,3,6578662.999778262,6008.24701864227,2.079076300341134,0.7785046870560608,ok,,2.0790763004137665,1.0395381502068832,1.0395381502068832,0.7785046871091845,2.0790763004522312,0.7785046871065766,0.865860836764482,3,3.8464786911163173e-11,2.6079138848444927e-12,0.0,7.263256662781714e-11,5.312372763910389e-11,1.1109735353898031e-10,5.05158137542594e-11
147,4,1,75320122.4534528,1.0,0.025966547933790135,0.006554575010706244,ok,,0.025966547934899165,0.012983273967449582,0.012983273967449582,0.006554575011076924,0.025966547937617494,0.006554575011681596,0.025632316327885336,1,2.7183290340904165e-12,6.046716946594977e-13,0.0,1.1090295348736845e-12,3.706800491554141e-13,3.827358568964101e-12,9.753517438149117e-13
148,4,4,9740.403105430138,1677352.67776434,0.6041861351574208,0.17550539808104113,ok,,0.6041861351608047,0.30209306758040233,0.30209306758040233,0.17550539807032717,0.604186135157565,0.175505398081079,0.41326930786842225,4,3.2396307858562068e-12,1.0751843859679866e-11,0.0,3.3838487567550146e-12,1.0713957498964533e-11,1.4421797089880783e-13,3.788636071533347e-14
149,5,5,64.30126712071065,1.1015879025702109,0.8593730702660737,0.24279545489013435,ok,,0.8593730702660746,0.4296865351330373,0.4296865351330373,0.24279545489013454,0.8593730702660747,0.24279545489013468,0.39179035268672535,5,1.1102230246251565e-16,1.3877787807814457e-16,0.0,8.881784197001252e-16,1.942890293094024e-16,9.992007221626409e-16,3.3306690738754696e-16
150,4,5,4.963152653974809,71.23809666199001,0.7587188261456428,0.21193013987512066,ok,,0.7587188261456427,0.37935941307282134,0.37935941307282134,0.2119301398751201,0.7587188261456426,0.21193013987512063,0.3671223284582028,4,1.1102230246251565e-16,5.273559366969494e-16,0.0,1.1102230246251565e-16,5.551115123125783e-16,2.220446049250313e-16,2.7755575615628914e-17
151,3,4,36553.589100591365,2.587692686413076,0.7050663444959289,0.21219984158236496,ok,,0.7050663444960173,0.3525331722480087,0.3525331722480087,0.2121998415824553,0.7050663444962504,0.21219984158247734,0.4803502193515006,3,2.3303581286882036e-13,2.2037927038809357e-14,0.0,8.848477506262498e-14,9.034439862887211e-14,3.2152058793144533e-13,1.1238232566768147e-13
152,1,2,1.0,8370.174733358692,1.3425257513821964,0.46705918561153686,ok,,1.3425257513824853,0.6712628756912427,0.6712628756912427,0.4670591856115487,1.342525751382311,0.467059185611585,0.7388148539700248,1,1.7430501486614958e-13,3.630429290524262e-14,0.0,2.8888003100746573e-13,1.1823875212257917e-14,1.1457501614131615e-13,4.8128168117500536e-14
153,4,5,17058592.70412546,10140.45303936508,1.8092367611840259,0.5653987320979919,ok,,1.8092367611845876,0.9046183805922938,0.9046183805922938,0.565398732100987,1.809236761419455,0.5653987321728742,0.6654788801535633,4,2.3486745881484694e-10,7.188716288908381e-11,0.0,5.617728504603292e-13,2.9951596758337473e-12,2.3542923166530727e-10,7.488232256491756e-11
154,4,5,941182.8297038203,3.955769663543595,0.34255518882920505,0.09123255952291005,ok,,0.34255518882918956,0.17127759441459478,0.17127759441459478,0.0912325595229051,0.34255518882920927,0.0912325595229118,0.20774442042054223,4,1.970645868709653e-14,6.702971511174383e-15,0.0,1.5487611193520934e-14,4.954370247389761e-15,4.218847493575595e-15,1.7486012637846216e-15
155,5,4,5.803587288303286,8.689119882448816,2.4779724510542986,0.8051369329470525,ok,,2.477972451054298,1.238986225527149,1.238986225527149,0.8051369329470521,2.477972451054299,0.8051369329470526,0.7124117100835198,4,8.881784197001252e-16,4.440892098500626e-16,0.0,4.440892098500626e-16,3.3306690738754696e-16,4.440892098500626e-16,1.1102230246251565e-16
156,4,5,57223.519185333826,12475.065337966651,15.548381785911193,7.360858906499782,ok,,15.54838201445732,7.77419100722866,7.77419100722866,7.360858990033836,15.548382316079762,7.360859171584003,0.999999674158983,4,3.016224408014523e-07,1.8155016690002412e-07,0.0,2.2854612780065509e-07,8.353405345218334e-08,5.301685686021074e-07,2.6508422035220747e-07
157,5,2,1612910.9652926503,165.78485289941673,0.0749868214807761,0.019094306809272262,ok,,0.07498682148069369,0.037493410740346844,0.037493410740346844,0.019094306809236627,0.07498682148068482,0.01909430680924909,0.05736236251121714,2,8.867906409193438e-15,1.2462253451417382e-14,0.0,8.240630400280224e-14,3.563468964351557e-14,9.127421041199568e-14,2.317243619209819e-14
158,5,2,22800834.773003034,18.773498364468754,0.027140057147222955,0.006852936736507375,ok,,0.027140057147104657,0.013570028573552328,0.013570028573552328,0.00685293673649312,0.027140057147178355,0.006852936736496003,0.026616343615777256,2,7.369799215339867e-14,2.882243055335465e-15,0.0,1.1829773272076238e-13,1.4254222802101424e-14,4.459974056736371e-14,1.1371979746765959e-14
159,3,1,1015.7082647928211,1.0,0.17683806415855255,0.04705404174748071,ok,,0.1768380641585532,0.0884190320792766,0.0884190320792766,0.04705404174748118,0.17683806415855294,0.04705404174748081,0.16208453791741867,1,2.498001805406602e-16,3.677613769070831e-16,0.0,6.38378239159465e-16,4.718447854656915e-16,3.885780586188048e-16,1.0408340855860843e-16
160,5,4,2.3156955236995023,740.909343192661,0.4463820571739319,0.12116889064036125,ok,,0.44638205717393986,0.22319102858696993,0.22319102858696993,0.12116889064032232,0.4463820571739333,0.1211688906403617,0.2692916029594979,4,6.5503158452884236e-15,3.9371284010769614e-14,0.0,7.93809462606987e-15,3.892719480091955e-14,1.3877787807814457e-15,4.440892098500626e-16
161,4,3,88206787.4217554,862.3675034747845,1.8231203416561987,0.5567723900286636,ok,,1.8231203414624033,0.9115601707312017,0.9115601707312017,0.5567723898493071,1.8231203408900656,0.5567723897438652,0.5868169014911574,3,5.723377327626622e-10,1.0544187745153977e-10,0.0,1.9379542415265405e-10,1.7935652962819404e-10,7.661331569153162e-10,2.847984070797338e-10
162,2,3,187.6872493940005,324655.8158574455,0.5967656314475671,0.1686148914536893,ok,,0.5967656314381911,0.29838281571909553,0.29838281571909553,0.1686148914530734,0.5967656314473921,0.1686148914536326,0.36125857579148557,2,9.201084338883447e-12,5.591915819280757e-13,0.0,9.376055487564372e-12,6.158962229108056e-13,1.7497114868092467e-13,5.670464098272987e-14
163,1,4,1.0,17.994185717482917,0.0018807586963171445,0.0004705211876127586,ok,,0.0018807586963159872,0.0009403793481579936,0.0009403793481579936,0.00047052118761303774,0.0018807586963171452,0.0004705211876127588,0.0018789911779457575,1,1.1579279202145187e-15,2.789652189805203e-16,0.0,1.1572773989110274e-15,2.791278493063931e-16,6.505213034913027e-19,1.6263032587282567e-19
164,1,5,1.0,109.65622191230823,0.0017538113541192004,0.0004387411155694348,ok,,0.0017538113541211153,0.0008769056770605577,0.0008769056770605577,0.0004387411155697407,0.0017538113541192,0.0004387411155694347,0.0017522743256702387,1,1.915351557912892e-15,3.0601606318403363e-16,0.0,1.914917877043898e-15,3.059076429667851e-16,4.336808689942018e-19,1.0842021724855044e-19
165,4,4,96990408.77026461,13.025620344386342,0.41466660617783757,0.11671565963124865,ok,,0.41466660618412765,0.20733330309206383,0.20733330309206383,0.11671565963074304,0.4146666061544475,0.11671565962389296,0.31967997141237053,4,2.968014722881662e-11,6.850076061937216e-12,0.0,6.290079568316287e-12,5.056094432021041e-13,2.3390067660500335e-11,7.35568550513932e-12
166,3,4,2149.8432437567326,443.9330075950207,0.5968397872346967,0.16568708944515567,ok,,0.5968397872346891,0.29841989361734456,0.29841989361734456,0.16568708944516786,0.596839787234683,0.16568708944515173,0.31475988048656595,3,6.106226635438361e-15,1.61259894326804e-14,0.0,7.549516567451064e-15,1.2184697695261093e-14,1.3655743202889425e-14,3.941291737419306e-15
167,5,1,1031860.6983289795,1.0,1.2822584168364626,0.44188834951409406,ok,,1.2822584168366031,0.6411292084183016,0.6411292084183016,0.441888349514163,1.2822584168361824,0.4418883495139777,0.7225899151435143,1,4.2077452633293433e-13,1.8529622280993863e-13,0.0,1.4055423491754482e-13,6.894484982922222e-14,2.802202914153895e-13,1.163513729807164e-13
168,5,2,5567.396540813053,9.565483984556273,17.598852780427126,8.45582998691808,ok,,17.598853113367714,8.799426556683857,8.799426556683857,8.455830212423603,17.59885298666206,8.455830090035542,0.9999999709302219,2,1.2670565396888378e-07,1.2238806057496276e-07,0.0,3.3294058709998353e-07,2.2550552358779896e-07,2.0623493313109975e-07,1.031174630128362e-07
169,4,4,1052993.5849072295,703100.7373273446,0.2889223761306625,0.07521435893390227,ok,,0.2889223761479762,0.1444611880739881,0.1444611880739881,0.07521435892715012,0.2889223761330479,0.0752143589345348,0.1368209902272262,4,1.492833634486601e-11,7.384690081657652e-12,0.0,1.731370602442439e-11,6.752154391165277e-12,2.38536967955838e-12,6.325356904923751e-13
170,1,5,1.0,82176.05606589199,0.33029082002495896,0.0922291430686357,ok,,0.3302908200251533,0.16514541001257665,0.16514541001257665,0.0922291430690878,0.33029082002496535,0.09222914306863765,0.2812853135871757,1,1.87960758069039e-13,4.5015380312207753e-13,0.0,1.9434454046063365e-13,4.5211057120297937e-13,6.38378239159465e-15,1.9567680809018384e-15
171,2,4,99861800.9183643,1816820.2218928784,0.09496264023050913,0.024563193203592102,ok,,0.09496264431484924,0.04748132215742462,0.04748132215742462,0.024563193228300584,0.09496264021623621,0.02456319319978724,0.09009600640874656,2,4.098613032299525e-09,2.8513344463299006e-11,0.0,4.0843401161172466e-09,2.4708481788371373e-11,1.427291618227855e-11,3.804862674927634e-12
172,1,4,1.0,723115.2617042053,0.1269368498236216,0.03321262272856275,ok,,0.12693684983303388,0.06346842491651694,0.06346842491651694,0.03321262273070813,0.1269368498236219,0.03321262272856283,0.11921070715988084,1,9.411971202410996e-12,2.1452978282709978e-12,0.0,9.412276513742768e-12,2.1453810949978447e-12,3.0531133177191805e-16,8.326672684688674e-17
173,2,3,78831.7432018469,1.5608528075205341,0.6840505401752701,0.20182442003527584,ok,,0.6840505401751034,0.3420252700875517,0.3420252700875517,0.20182442003527656,0.6840505401748421,0.20182442003514947,0.4500869309029885,2,2.6123547769429933e-13,1.270927807439648e-13,0.0,1.667554982986985e-13,7.216449660063518e-16,4.2799097599299785e-13,1.2637113577795844e-13
174,1,4,1.0,1513089.527600516,0.02853813534588988,0.007210522407757768,ok,,0.02853813533888161,0.014269067669440805,0.014269067669440805,0.007210522401745578,0.0285381353458898,0.007210522407757747,0.028134768977309786,1,7.008189167878598e-12,6.0121690612091605e-12,0.0,7.008268965158493e-12,6.012189877890872e-12,7.979727989493313e-17,2.0816681711721685e-17
175,1,5,1.0,1011591.0582267892,0.009798644996830858,0.0024586478006213284,ok,,0.009798645008746831,0.004899322504373416,0.004899322504373416,0.0024586477988339794,0.009798644996889525,0.0024586478006361026,0.009750794691921033,1,1.1857306803086942e-11,1.802123120869803e-12,0.0,1.1915973416321002e-11,1.7873489147057775e-12,5.866661323405964e-14,1.4774206164025472e-14
176,2,4,4.418365125067377,11464.409471478548,0.38972952021281554,0.10889094211488393,ok,,0.38972952021277907,0.19486476010638953,0.19486476010638953,0.108890942114658,0.38972952021282314,0.10889094211488627,0.30189594283093923,2,4.4075854077618715e-14,2.2827573165074e-13,0.0,3.647082635893639e-14,2.2593038551121936e-13,7.605027718682322e-15,2.345346139520643e-15
177,1,1,1.0,1.0,0.014784559481316762,0.003716581504640847,ok,,0.014784559481316517,0.0073922797406582585,0.0073922797406582585,0.003716581504641825,0.014784559481316769,0.0037165815046408487,0.014675804506269603,1,2.5153490401663703e-16,9.762156361059482e-16,0.0,2.445960101127298e-16,9.77950359581925e-16,6.938893903907228e-18,1.734723475976807e-18
178,3,4,4.335552769091598,16357.97422190393,0.9117017081794638,0.263783942448013,ok,,0.9117017081794381,0.45585085408971904,0.45585085408971904,0.26378394244753967,0.9117017081793685,0.2637839424479798,0.4379799842982761,3,6.961098364399732e-14,4.401479181126433e-13,0.0,2.5757174171303632e-14,4.733435865489355e-13,9.536815781530095e-14,3.319566843629218e-14
179,5,5,665736.911258031,5.939008928066959,0.47782509333339507,0.13459578829982566,ok,,0.4778250933389623,0.23891254666948114,0.23891254666948114,0.134595788301616,0.47782509333306755,0.13459578829972135,0.3397960850194994,5,5.894729149247269e-12,1.894651102674061e-12,0.0,5.5672133569828475e-12,1.7903456495105274e-12,3.275157922644212e-13,1.0430545316353346e-13
180,3,1,5569469.546390399,1.0,22.18630918852118,10.805472521885985,ok,,22.19580656805661,11.097903284028305,11.097903284028305,10.910103819914184,22.337259280395582,10.880947567812374,0.999999999800909,1,0.14145271233897105,0.029156252101810054,0.0,0.00949737953543206,0.10463129802819893,0.15095009187440311,0.07547504592638887
181,1,4,1.0,24930825.3015376,0.37069677039638943,0.10474910173761155,ok,,0.37069676998131396,0.18534838499065698,0.18534838499065698,0.10474910177132513,0.3706967703522166,0.10474910172378757,0.3097467849324944,1,3.709026419329575e-10,4.753755722397557e-11,0.0,4.1507547399177724e-10,3.371357359949201e-11,4.417283205881972e-11,1.382398362448356e-11
182,2,4,6379400.484976012,19545884.793393064,0.0022964605712526755,0.0005743631257359171,ok,,0.002296460323513827,0.0011482301617569135,0.0011482301617569135,0.000574363128268196,0.002296460571508173,0.0005743631257998493,0.0012138078275983919,2,2.4799434597891357e-10,2.4683467075847787e-12,0.0,2.4773884853279693e-10,2.5322789655099487e-12,2.5549744611663705e-13,6.393225792516999e-14
183,1,2,1.0,5220056.704673819,0.02830411080027555,0.0071507780451205835,ok,,0.02830411084753859,0.014152055423769294,0.014152055423769294,0.007150778055382556,0.02830411080240743,0.007150778045664786,0.027907302044908957,1,4.51311592264414e-11,9.717769991479663e-12,0.0,4.726303723390224e-11,1.0261972695213561e-11,2.1318780074608412e-12,5.442027037338981e-13
184,4,4,2.946967288344751,21660.708848962153,0.4564900492797648,0.12148779232331355,ok,,0.4564900492793238,0.2282450246396619,0.2282450246396619,0.12148779232414508,0.45649004927982384,0.12148779232333064,0.20536771178038063,4,5.000444502911705e-13,8.14445733077207e-13,0.0,4.409805853811122e-13,8.315292898686266e-13,5.906386491005833e-14,1.7083556791419596e-14
185,2,5,3.056950993033695,462.2125727909212,0.11401439388035947,0.029443514444640446,ok,,0.11401439388035772,0.05700719694017886,0.05700719694017886,0.029443514444627894,0.11401439388035928,0.029443514444640398,0.09514866627177385,2,1.5543122344752192e-15,1.2503886814840826e-14,0.0,1.7486012637846216e-15,1.2552459072168176e-14,1.942890293094024e-16,4.85722573273506e-17
186,5,5,4542.871748700843,23887.43606355088,4.111963023882443,1.5388319032664692,ok,,4.111963023884496,2.055981511942248,2.055981511942248,1.5388319032670816,4.111963023882935,1.538831903266703,0.9385729127831564,5,1.5614176618328202e-12,3.785860513971784e-13,0.0,2.0534685063466895e-12,6.123990203832363e-13,4.920508445138694e-13,2.3381296898605797e-13
187,4,3,2.514437965569437,20343688.765361957,2.135442326320848,0.7140540549843423,ok,,2.1354423262415185,1.0677211631207593,1.0677211631207593,0.7140540549324639,2.1354423261703466,0.7140540549277494,0.725691453295293,3,7.117195721662029e-11,4.714451051768265e-12,0.0,7.932943191235609e-11,5.187839047238185e-11,1.5050138912897637e-10,5.659284152415012e-11
188,3,1,1266.972372254888,1.0,1.2485142246748222,0.4279169915277669,ok,,1.2485142246748255,0.6242571123374128,0.6242571123374128,0.42791699152776763,1.2485142246748273,0.427916991527769,0.7130692049916898,1,1.7763568394002505e-15,1.3877787807814457e-15,0.0,3.3306690738754696e-15,7.216449660063518e-16,5.10702591327572e-15,2.1094237467877974e-15
189,1,3,1.0,8800111.45976142,0.03633220897180491,0.009206053991457294,ok,,0.03633220899559486,0.01816610449779743,0.01816610449779743,0.009206053986610119,0.036332208971890365,0.009206053991479233,0.03568011545271067,1,2.3704496698861988e-11,4.869113792715929e-12,0.0,2.3789949177288605e-11,4.84717474491525e-12,8.545247842661752e-14,2.193904780067868e-14
190,1,5,1.0,11213496.260550171,0.15587878335078484,0.04118798249561684,ok,,0.1558787834171067,0.07793939170855335,0.07793939170855335,0.04118798251459044,0.1558787833498731,0.041187982495363304,0.14433709532411615,1,6.723360757021624e-11,1.9227133774002425e-11,0.0,6.632186466681844e-11,1.8973600468541463e-11,9.117429033977942e-13,2.535333054609623e-13
191,4,5,132319.60733954192,15.838320247428213,1.0079912726498068,0.3168753001244607,ok,,1.007991272649582,0.503995636324791,0.503995636324791,0.3168753001239697,1.0079912726483586,0.3168753001239106,0.5919596870145939,4,1.2234657731369225e-12,5.911937606128959e-14,0.0,2.2470914018413168e-13,4.909961326404755e-13,1.4481749133210542e-12,5.501155087017651e-13
192,5,4,2994.0746948965757,28010026.742938627,23.179799293450667,11.264717672300058,ok,,23.245072407546246,11.622536203773123,11.622536203773123,11.229506717296118,23.113693976970968,11.231665014063276,0.9999999998929656,4,0.13137843057527832,0.0021582967671580633,0.0,0.06527311409557868,0.035210955003940114,0.06610531647969964,0.03305265823678205
193,3,1,50091.59797464223,1.0,3.3971505884527216,1.4219876173258945,ok,,3.3971505884527593,1.6985752942263797,1.6985752942263797,1.4219876173258057,3.397150588452612,1.4219876173258408,0.9665315002488741,1,1.474376176702208e-13,3.5083047578154947e-14,0.0,3.774758283725532e-14,8.881784197001252e-14,1.0969003483296547e-13,5.3734794391857577e-14
194,4,4,34552.50197568287,36935209.47190155,3.027648403347354,1.0362133852692181,ok,,3.0276484031788353,1.5138242015894177,1.5138242015894177,1.0362133852684456,3.0276484032825386,1.036213385245877,0.816058460278168,4,1.0370326819497677e-10,2.2568613644580182e-11,0.0,1.6851853246180326e-10,7.724931805341839e-13,6.481526426682649e-11,2.3341106825114366e-11
195,2,4,1556952.7754879273,74.12958656190084,1.4386549504421888,0.5035886216304488,ok,,1.4386549504467774,0.7193274752233887,0.7193274752233887,0.5035886216318186,1.4386549504440895,0.5035886216310053,0.756990526177206,2,2.687849942617504e-12,8.133493878403897e-13,0.0,4.588551760775772e-12,1.3697931677825181e-12,1.900701818158268e-12,5.564437799421285e-13
196,3,5,3777308.4617262585,61984373.069961704,0.3334415521846222,0.09098313070325131,ok,,0.33344155091210936,0.16672077545605468,0.16672077545605468,0.09098313053194662,0.33344155223571276,0.09098313071710215,0.25220949072400606,3,1.3236033935548619e-09,1.85155529797143e-10,0.0,1.272512817340754e-09,1.7130469265325132e-10,5.109057621410784e-11,1.3850837143891681e-11
197,3,3,81296.772295663,59803207.45899645,1.5678977362949795,0.4734027386443211,ok,,1.5678977376418075,0.7839488688209038,0.7839488688209038,0.4734027389452953,1.5678977358282515,0.47340273849570497,0.567297574196667,3,1.813555972063341e-09,4.4959030942592904e-10,0.0,1.3468279824735419e-09,3.0097419001506864e-10,4.667279895897991e-10,1.486161194108604e-10
198,2,4,28.37287533332936,3422265.9369913535,1.534457166492727,0.5014087494744884,ok,,1.5344571665638131,0.7672285832819066,0.7672285832819066,0.5014087494320938,1.534457166460193,0.5014087494612378,0.6985391598319569,2,1.0362022351273481e-10,2.9144020530225134e-11,0.0,7.108624799911922e-11,4.239464335142884e-11,3.253397551361559e-11,1.3250622821203706e-11
199,1,5,1.0,100.85238222274954,0.0006714099256822524,0.00016789473837449108,ok,,0.0006714099256789341,0.00033570496283946705,0.00033570496283946705,0.0001678947383743079,0.0006714099256822526,0.00016789473837449114,0.0006711845804739251,1,3.318526009543632e-15,1.8323016715005025e-16,0.0,3.318309169109135e-15,1.8317595704142597e-16,2.168404344971009e-19,5.421010862427522e-20
200,2,1,689711.2466220658,1.0,0.06456774198826559,0.016528556758037247,ok,,0.06456774198743442,0.03228387099371721,0.03228387099371721,0.016528556758034885,0.06456774198821734,0.016528556758024608,0.0625273941472387,1,7.829153991778526e-13,1.0276501871686605e-14,0.0,8.311684673856234e-13,2.3626933742804113e-15,4.8253068207770866e-14,1.2639195245967016e-14
201,2,4,166.56600058915208,50880992.363602065,0.5315624341365355,0.15463014737975245,ok,,0.53156243312249,0.265781216561245,0.265781216561245,0.15463014732848013,0.5315624341817381,0.1546301473946215,0.39501394456358063,2,1.0592481336502146e-09,6.614137015859001e-11,0.0,1.0140455142249039e-09,5.127231972323898e-11,4.5202619425310786e-11,1.4869050435351028e-11
202,1,5,1.0,2.9894166509327302,0.02714033676475109,0.006853827359473739,ok,,0.02714033676475147,0.013570168382375736,0.013570168382375736,0.006853827359475595,0.027140336764751107,0.006853827359473743,0.026775347258794723,1,3.642919299551295e-16,1.8518173106052416e-15,0.0,3.8163916471489756e-16,1.8561541192951836e-15,1.734723475976807e-17,4.336808689942018e-18
203,1,1,1.0,1.0,0.05377207792819705,0.013711654560978018,ok,,0.05377207792819716,0.02688603896409858,0.02688603896409858,0.013711654560977893,0.05377207792819705,0.013711654560978018,0.052351928198900874,1,1.1102230246251565e-16,1.249000902703301e-16,0.0,1.1102230246251565e-16,1.249000902703301e-16,0.0,0.0
204,3,1,198.45801816926786,1.0,16.802082808809505,8.113359348773006,ok,,16.802082735822502,8.401041367911251,8.401041367911251,8.113359321714515,16.80208279120791,8.113359339972208,0.9999999495398939,1,5.538540648331036e-08,1.8257692246947954e-08,0.0,7.298700310798267e-08,2.705849055928411e-08,1.760159662467231e-08,8.800798312336156e-09
205,2,5,1381449.827908596,234.00931792109617,0.6198681927963258,0.17522341353841636,ok,,0.6198681927893253,0.30993409639466263,0.30993409639466263,0.1752234135356936,0.6198681927894927,0.17522341353622464,0.36367221423105456,2,1.674216321134736e-13,5.31047428253828e-13,0.0,7.0005112817739246e-12,2.722766456741965e-12,6.833089649660451e-12,2.191719028488137e-12
206,3,2,63571347.711455636,4872.769862519274,0.22567530084274776,0.05917392869104094,ok,,0.22567530067747343,0.11283765033873672,0.11283765033873672,0.059173928655094965,0.22567530074128864,0.059173928664450724,0.14885095293384162,2,6.381520312181976e-11,9.355759222895443e-12,0.0,1.6527432200597048e-10,3.5945975362938754e-11,1.0145911888415071e-10,2.659021614004331e-11
207,3,3,3258390.147448846,467.6852972166643,0.7320011212851505,0.20107946164913545,ok,,0.7320011212950375,0.36600056064751874,0.36600056064751874,0.2010794616544791,0.7320011213045692,0.20107946165502255,0.3102547418189742,3,9.531708755616819e-12,5.434541705540141e-13,0.0,9.886980123496869e-12,5.3436421953989566e-12,1.9418688879113688e-11,5.887096365952971e-12
208,3,4,51766.52265657599,59.34379156524982,1.14578405983258,0.3785311935723102,ok,,1.1457840598323532,0.5728920299161766,0.5728920299161766,0.3785311935722975,1.1457840598322324,0.3785311935721739,0.665810532235082,3,1.2079226507921703e-13,1.2356782264077992e-13,0.0,2.2670754162845697e-13,1.2712053631958042e-14,3.47499806707674e-13,1.3627987627273797e-13
209,3,5,2.885032274970225,209701.8253539358,0.40584842216177747,0.10970034152842828,ok,,0.4058484221668408,0.2029242110834204,0.2029242110834204,0.10970034152878139,0.40584842216065936,0.10970034152810432,0.23846468577657687,3,6.181444245356715e-12,6.770695115676517e-13,0.0,5.06333863725672e-12,3.5310643298203104e-13,1.1181056080999952e-12,3.239630785856207e-13
210,5,1,76251868.48158707,1.0,2.129936535147891,0.8161365948727147,ok,,2.1299365351518524,1.0649682675759262,1.0649682675759262,0.8161365948857631,2.129936535243632,0.8161365949169368,0.8811551639283586,1,9.177947291050259e-11,3.1173730263844845e-11,0.0,3.9612757518625585e-12,1.3048340186117002e-11,9.574074866236515e-11,4.422207044996185e-11
211,4,3,13081.91650754734,376967.7879678842,0.0620046858466672,0.015805461503520347,ok,,0.062004685844336827,0.031002342922168413,0.031002342922168413,0.015805461501837925,0.062004685846693344,0.01580546150352706,0.055474878296191826,3,2.356517758705934e-12,1.6891349430281366e-12,0.0,2.3303720064760114e-12,1.6824215631761064e-12,2.6145752229922437e-14,6.7133798520302435e-15
212,3,4,84771889.39000206,67.49385368227176,0.7997156622978551,0.232017750656578,ok,,0.7997156601144341,0.39985783005721703,0.39985783005721703,0.23201774990365376,0.7997156586800938,0.2320177494232757,0.43954202762955996,3,1.4343403131888977e-09,4.803780706552629e-10,0.0,2.183420999557484e-09,7.529242507242628e-10,3.6177613127463815e-09,1.2333023213795258e-09
213,2,4,32560440.218534052,13851.70261676866,0.5083078828619473,0.1488890022917763,ok,,0.5083078830186674,0.2541539415093337,0.2541539415093337,0.14888900232080626,0.50830788274898,0.14888900225442925,0.3961123137709053,2,2.696873835361657e-10,6.63770149955667e-11,0.0,1.5672008135680926e-10,2.9029972870020515e-11,1.1296730217935647e-10,3.734704212554618e-11
214,1,5,1.0,13360682.530353606,0.003845374402764223,0.0009627289843002442,ok,,0.00384537460887735,0.001922687304438675,0.001922687304438675,0.0009627290157627755,0.003845374402764968,0.0009627289843004311,0.003837990418376608,1,2.0611238193621317e-10,3.14623443400594e-11,0.0,2.061131269999461e-10,3.146253125651394e-11,7.450637329320386e-16,1.8691645453650096e-16
215,4,1,170.7760502905756,1.0,1.1224171915621683,0.37653188767982115,ok,,1.122417191562172,0.561208595781086,0.561208595781086,0.37653188767982293,1.1224171915621675,0.3765318876798208,0.6745079337147375,1,4.440892098500626e-15,2.1094237467877974e-15,0.0,3.552713678800501e-15,1.7763568394002505e-15,8.881784197001252e-16,3.3306690738754696e-16
216,5,5,518829.18307037326,496.865758426684,19.917863384866504,9.482318182364377,ok,,19.917867847222645,9.958933923611323,9.958933923611323,9.482319986698407,19.91787574314922,9.482324361505658,0.9999999942864433,5,7.895926575685053e-06,4.374807250684398e-06,0.0,4.462356141488044e-06,1.8043340297424493e-06,1.2358282717173097e-05,6.1791412804268475e-06
217,4,5,116141.26294739812,6171354.032924724,2.3827848523881623,0.7712451900506995,ok,,2.3827848524165454,1.1913924262082727,1.1913924262082727,0.7712451899931798,2.382784852391276,0.7712451900515693,0.7315393392828079,4,2.5269564218888263e-11,5.838951544490101e-11,0.0,2.8383073669147052e-11,5.75196557051072e-11,3.113509450258789e-12,8.698597397938101e-13
218,4,3,279229.1008253256,2.186902265871167,0.7965769622443504,0.223666605564096,ok,,0.7965769622444254,0.3982884811222127,0.3982884811222127,0.22366660556412032,0.7965769622443376,0.22366660556409207,0.3429360371663125,3,8.781864124784988e-14,2.8255175976710234e-14,0.0,7.505107646466058e-14,2.4313884239290928e-14,1.27675647831893e-14,3.941291737419306e-15
219,4,4,1801.803850851618,3248.536344653709,0.7382576154179501,0.20307125027422124,ok,,0.7382576154179366,0.3691288077089683,0.3691288077089683,0.20307125027413075,0.7382576154179634,0.20307125027422507,0.3171245240515772,4,2.6867397195928788e-14,9.431344594190705e-14,0.0,1.354472090042691e-14,9.048317650695026e-14,1.3322676295501878e-14,3.83026943495679e-15
220,3,5,59376225.79297422,711532.2892019077,1.4049882689440827,0.4508170567495271,ok,,1.4049882692408717,0.7024941346204359,0.7024941346204359,0.45081705683177464,1.4049882691557363,0.4508170568324239,0.6699135346326898,3,8.51354542419358e-11,6.492584248007915e-13,0.0,2.967890377902904e-10,8.224754211028085e-11,2.1165358354835462e-10,8.289680053508164e-11
221,2,2,1.6835090277184734,38054468.2300319,2.991407491813981,1.1703935258262796,ok,,2.9914074971080735,1.4957037485540368,1.4957037485540368,1.170393527279912,2.9914074970801616,1.1703935282432758,0.9348138859456997,2,2.7911895017496136e-11,9.633638331507655e-10,0.0,5.294092719765331e-09,1.4536323256209016e-09,5.266180824747835e-09,2.416996158771667e-09
222,4,2,421265.8534029543,10.732924810853232,0.6517138918654586,0.19831755002636847,ok,,0.6517138918677087,0.32585694593385434,0.32585694593385434,0.19831755002690254,0.651713891867997,0.19831755002726167,0.4786784831173801,2,2.8832491949515315e-13,3.591293928906225e-13,0.0,2.2500890040078048e-12,5.340727859959316e-13,2.538413923502958e-12,8.932021788865541e-13
223,2,2,9550.854620847995,90171936.74207227,0.5752713966313628,0.17181561052657818,ok,,0.5752713980694057,0.2876356990347029,0.2876356990347029,0.1718156110148934,0.5752714011582479,0.17181561207517176,0.4374300075535246,2,3.08884218203076e-09,1.0602783651059156e-09,0.0,1.4380429069760226e-09,4.883152215917619e-10,4.5268850890067824e-09,1.5485935866976774e-09
224,3,3,7.788328688093771,102549.03759296393,1.1027820045745633,0.3482939644159576,ok,,1.1027820045782555,0.5513910022891277,0.5513910022891277,0.3482939644167429,1.1027820045808279,0.3482939644183705,0.6110709913354586,3,2.5723867480564877e-12,1.6276424652517107e-12,0.0,3.6921576906934206e-12,7.852607453173732e-13,6.264544438749908e-12,2.412903210569084e-12
225,1,4,1.0,122.30590306953951,1.5914977045973175,0.5737360427076837,ok,,1.5914977045973198,0.7957488522986599,0.7957488522986599,0.5737360427076852,1.5914977045973202,0.573736042707685,0.7963795799914185,1,4.440892098500626e-16,2.220446049250313e-16,0.0,2.220446049250313e-15,1.4432899320127035e-15,2.6645352591003757e-15,1.2212453270876722e-15
226,2,4,4478.725125232436,5654.013750013976,0.05243088568862462,0.013350673415083922,ok,,0.05243088568870391,0.026215442844351955,0.026215442844351955,0.013350673414993075,0.05243088568862609,0.013350673415084304,0.04982421829794847,2,7.781969513231957e-14,9.122910760162029e-14,0.0,7.92907406399479e-14,9.084746843690539e-14,1.4710455076283324e-15,3.8163916471489756e-16
227,4,5,28099.480877069007,2.373308779800477,1.2901044094452172,0.430481358015803,ok,,1.290104409445604,0.645052204722802,0.645052204722802,0.430481358015939,1.2901044094456333,0.43048135801597276,0.6976687623896995,4,2.930988785010413e-14,3.375077994860476e-14,0.0,3.8680170177940454e-13,1.3600232051658168e-13,4.1611158962950867e-13,1.6975310046518644e-13
228,4,1,295856.2543197685,1.0,13.699893299747034,6.562264951610378,ok,,13.6998933146487,6.84994665732435,6.84994665732435,6.562264958838918,13.699893313395297,6.562264958434505,0.9999988774338784,1,1.253402714951335e-09,4.044133916636383e-10,0.0,1.4901665679190046e-08,7.228540432890895e-09,1.3648262964238711e-08,6.824127041227257e-09
229,5,4,1538.4193190943447,13.168276952943302,0.4089490023395235,0.1113607392644615,ok,,0.4089490023395217,0.20447450116976085,0.20447450116976085,0.11136073926446244,0.4089490023395261,0.11136073926446227,0.2612190375684075,4,4.385380947269368e-15,1.6653345369377348e-16,0.0,1.8318679906315083e-15,9.43689570931383e-16,2.55351295663786e-15,7.771561172376096e-16
230,3,3,2101.438544654255,69156.1033943715,0.2724062124900402,0.07261587169246835,ok,,0.2724062124908002,0.1362031062454001,0.1362031062454001,0.07261587169525807,0.27240621248960306,0.07261587169234604,0.1946350145915432,3,1.1971534874533063e-12,2.9120317268649387e-12,0.0,7.600031715071509e-13,2.78972678291467e-12,4.371503159461554e-13,1.223049439502688e-13
231,1,5,1.0,1264001.6019318055,0.17450733315852995,0.04639799839353619,ok,,0.17450733315875322,0.08725366657937661,0.08725366657937661,0.046397998393023165,0.17450733315855146,0.04639799839354224,0.1601293046983431,1,2.0175527915000657e-13,5.19077836269588e-13,0.0,2.2326585025211898e-13,5.130271207853809e-13,2.1510571102112408e-14,6.050715484207103e-15
232,4,5,1438.6667197344284,125819.12175274374,1.0556890367030018,0.2946850760776223,ok,,1.05568903670303,0.527844518351515,0.527844518351515,0.2946850760772941,1.055689036702911,0.29468507607759375,0.381647463530591,4,1.1901590823981678e-13,2.9964919434632975e-13,0.0,2.8199664825478976e-14,3.2818192607919627e-13,9.08162434143378e-14,2.853273173286652e-14
233,5,4,1817843.80601366,9171.075743911128,1.3719105412968071,0.4342133561887666,ok,,1.371910541294202,0.685955270647101,0.685955270647101,0.43421335618807344,1.3719105412943013,0.43421335618797435,0.6537891724950031,4,9.9253938401489e-14,9.908740494779522e-14,0.0,2.6050273049804673e-12,6.931677454247165e-13,2.5057733665789783e-12,7.922551503725117e-13
234,4,1,19938468.815741412,1.0,0.018962649286804637,0.004774266475621801,ok,,0.01896264928826996,0.00948132464413498,0.00948132464413498,0.004774266476012645,0.01896264928788355,0.004774266475895347,0.018783989324881997,1,3.8641312372078573e-13,1.1729853199859974e-13,0.0,1.465324389604561e-12,3.908444748401685e-13,1.0789112658837752e-12,2.7354594284156875e-13
235,3,4,3129.485154042686,3133.621442309235,2.8657756296551105,1.0548296548135423,ok,,2.865775629656196,1.432887814828098,1.432887814828098,1.0548296548135898,2.865775629655192,1.0548296548135734,0.893705224465744,3,1.0036416142611415e-12,1.6431300764452317e-14,0.0,1.085354028873553e-12,4.75175454539567e-14,8.171241461241152e-14,3.108624468950438e-14
236,4,5,14.457408314656854,11134957.808672365,2.815456242758478,1.0842614284673706,ok,,2.815456243177616,1.407728121588808,1.407728121588808,1.0842614285172365,2.8154562428223113,1.0842614284979564,0.922612290506458,4,3.5530467457078885e-10,1.928013304564047e-11,0.0,4.1913805759463685e-10,4.986588919564383e-11,6.3833383023848e-11,3.058575615000336e-11
237,5,2,1431.664213968166,598226.8469489474,2.1873742822767164,0.7312744915244176,ok,,2.1873742823808744,1.0936871411904372,1.0936871411904372,0.7312744915400531,2.187374282302585,0.7312744915349649,0.7020881492002455,2,7.828937498288724e-11,5.0881521218570924e-12,0.0,1.0415801554586324e-10,1.5635492900401005e-11,2.5868640562975997e-11,1.0547340778543912e-11
238,1,1,1.0,1.0,0.45073783803107037,0.13027712654481594,ok,,0.4507378380310705,0.22536891901553524,0.22536891901553524,0.13027712654481705,0.45073783803107054,0.130277126544816,0.36284214115688973,1,5.551115123125783e-17,1.0547118733938987e-15,0.0,1.1102230246251565e-16,1.1102230246251565e-15,1.6653345369377348e-16,5.551115123125783e-17
239,3,5,29706962.67327535,18229.322087075925,1.3659125709033688,0.41881632081456355,ok,,1.3659125707538222,0.6829562853769111,0.6829562853769111,0.4188163208504827,1.36591257168492,0.4188163210934403,0.5051370199671196,3,9.310978654752944e-10,2.429575984841392e-10,0.0,1.4954659732779874e-10,3.591915653800015e-11,7.815512681474956e-10,2.788767550221394e-10
240,2,5,16018686.947507028,48393434.850665115,17.76841726965198,8.591099455849724,ok,,17.82438576550804,8.91219288275402,8.91219288275402,8.592846762424696,17.76921461509194,8.591498128563893,0.99999998039198,2,0.055171150416100545,0.0013486338608021953,0.0,0.05596849585606023,0.0017473065749715744,0.0007973454399596847,0.0003986727141693791
241,3,3,1.318327189377684,21437.434998900546,0.4140807146320202,0.1120157277730805,ok,,0.41408071463279406,0.20704035731639703,0.20704035731639703,0.11201572777311863,0.4140807146320377,0.11201572777308558,0.2568780232375424,3,7.563394355258879e-13,3.3056890558214036e-14,0.0,7.738809593149654e-13,3.813616089587413e-14,1.7541523789077473e-14,5.079270337660091e-15
242,3,1,1637476.8231037133,1.0,0.035039306237805164,0.008874254799362899,ok,,0.035039306237694134,0.017519653118847067,0.017519653118847067,0.008874254799262182,0.03503930623740443,0.008874254799260106,0.03443253731225304,1,2.897057593820307e-13,2.076464000744238e-15,0.0,1.1102924135641956e-13,1.0071631029173744e-13,4.0073500073845025e-13,1.0279277429248168e-13
243,1,3,1.0,61989694.39210981,0.07294745744964105,0.018729648267852634,ok,,0.07294745741310926,0.03647372870655463,0.03647372870655463,0.018729648287014733,0.07294745744399027,0.018729648266364064,0.0703503250873226,1,3.0881006085614615e-11,2.0650668675070705e-11,0.0,3.653179148077612e-11,1.9162098990888055e-11,5.650785395161506e-12,1.4885696841826501e-12
244,1,1,1.0,1.0,0.054058456322103134,0.013786105005598749,ok,,0.054058456322103154,0.027029228161051577,0.027029228161051577,0.013786105005598737,0.054058456322103134,0.013786105005598749,0.05262327527586693,1,2.0816681711721685e-17,1.214306433183765e-17,0.0,2.0816681711721685e-17,1.214306433183765e-17,0.0,0.0
245,2,1,147.6230922704457,1.0,0.06561617832854949,0.016803252468260005,ok,,0.0656161783285496,0.0328080891642748,0.0328080891642748,0.01680325246826042,0.06561617832854923,0.016803252468259935,0.06350975943156238,1,3.7470027081099033e-16,4.85722573273506e-16,0.0,1.1102230246251565e-16,4.163336342344337e-16,2.636779683484747e-16,6.938893903907228e-17
246,2,3,34916.392009624244,5.103388363777759,0.1696166031816897,0.04464628991199625,ok,,0.16961660318183738,0.08480830159091869,0.08480830159091869,0.04464628991202524,0.16961660318135843,0.044646289911904384,0.14454467593247247,2,4.789502128232925e-13,1.208547151243522e-13,0.0,1.4768741785076145e-13,2.89906987305244e-14,3.312627949725311e-13,9.18640163938278e-14
247,2,4,188462.06414091305,473.75602818899176,0.3492494966887165,0.0974694031858688,ok,,0.3492494966882722,0.1746247483441361,0.1746247483441361,0.09746940318574282,0.34924949668740946,0.09746940318546682,0.28740055003553805,2,8.627543124362091e-13,2.760014439218139e-13,0.0,4.4431125445498765e-13,1.2598255771933964e-13,1.3070655668911968e-12,4.0198400164115355e-13
248,5,4,52701.00140989349,57.16012102468458,1.8021722781340974,0.5611440219430343,ok,,1.8021722781340677,0.9010861390670338,0.9010861390670338,0.5611440219430115,1.8021722781339855,0.5611440219429941,0.6494404152562328,4,8.215650382226158e-14,1.7430501486614958e-14,0.0,2.9753977059954195e-14,2.275957200481571e-14,1.1191048088221578e-13,4.0190073491430667e-14
249,4,4,26531.803741978045,3539.8537078078093,1.035348016414942,0.32896238978957026,ok,,1.0353480164151205,0.5176740082075603,0.5176740082075603,0.3289623897896483,1.0353480164153779,0.3289623897897378,0.6089472669641193,4,2.573496971081113e-13,8.948397578478762e-14,0.0,1.7852386235972517e-13,7.80486786311485e-14,4.3587355946783646e-13,1.6753265441593612e-13
250,5,4,4289527.20018387,921857.038702662,0.8908139504100347,0.241631834574547,ok,,0.8908139505421708,0.4454069752710854,0.4454069752710854,0.24163183458382775,0.8908139504051178,0.24163183457316115,0.2725795256776181,4,1.3705303558708692e-10,1.066660648696427e-11,0.0,1.3213607985562703e-10,9.280742840900302e-12,4.916955731459893e-12,1.3858636460639673e-12
251,1,3,1.0,6984335.188896687,0.07353479901654403,0.018884400944472912,ok,,0.07353479906976013,0.03676739953488006,0.03676739953488006,0.01888440093695687,0.07353479901301664,0.01888440094354333,0.07089618666674025,1,5.674348491080394e-11,6.586460543633876e-12,0.0,5.3216098194752703e-11,7.516043343258616e-12,3.5273867160512395e-12,9.295827996247397e-13
252,3,3,19960.52077462963,239.7304323407563,20.43296271018879,9.860709307797425,ok,,20.4329490493556,10.2164745246778,10.2164745246778,9.860699401758762,20.432931212033026,9.860693558719587,0.9999999981953129,3,1.7837322573655e-05,5.843039174280307e-06,0.0,1.3660833189987898e-05,9.906038663132222e-06,3.14981557636429e-05,1.574907783741253e-05
253,1,5,1.0,12705800.969235564,0.4772668302287857,0.13894482397060126,ok,,0.4772668303601373,0.23863341518006864,0.23863341518006864,0.13894482395182894,0.47726683026299377,0.13894482398184274,0.37952305482347,1,9.714351545397903e-11,3.00137970032921e-11,0.0,1.313515962664269e-10,1.8772317034176922e-11,3.420808081244786e-11,1.1241479969115176e-11
254,2,4,16.15820044600355,16.02587974131174,0.45402435028710975,0.12399564793195982,ok,,0.4540243502871091,0.22701217514355454,0.22701217514355454,0.12399564793196127,0.45402435028710975,0.12399564793195982,0.26798388219913105,2,6.661338147750939e-16,1.457167719820518e-15,0.0,6.661338147750939e-16,1.457167719820518e-15,0.0,0.0
255,3,3,4.020764487407646,42.993636232920856,1.238718685985817,0.3826491596924062,ok,,1.238718685985818,0.619359342992909,0.619359342992909,0.38264915969240665,1.238718685985818,0.38264915969240654,0.5913572218197785,3,0.0,1.1102230246251565e-16,0.0,8.881784197001252e-16,4.440892098500626e-16,8.881784197001252e-16,3.3306690738754696e-16
256,2,4,2.017195949249741,33818627.629071526,0.15960333824637518,0.041442282612998864,ok,,0.1596033384352964,0.0798016692176482,0.0798016692176482,0.04144228260490124,0.15960333825133582,0.041442282614350436,0.11727042338428247,2,1.8396056900016333e-10,9.449198368205458e-12,0.0,1.8892121200764223e-10,8.0976267358146e-12,4.960643007478893e-12,1.3515716323908578e-12
257,2,1,13892824.429061495,1.0,0.011729836027362127,0.0029453327451690985,ok,,0.011729836029380714,0.005864918014690357,0.005864918014690357,0.0029453327457438228,0.011729836029371816,0.0029453327456759274,0.011661309698638597,1,8.897396708285044e-15,6.789534212625625e-14,0.0,2.018586686691748e-12,5.747242959319721e-13,2.009689289983463e-12,5.068289538057158e-13
258,3,5,23673.27868034788,316.8020623896164,0.3579721176303144,0.10040564966013095,ok,,0.35797211763031056,0.17898605881515528,0.17898605881515528,0.1004056496601331,0.3579721176303159,0.10040564966013142,0.2965493243293925,3,5.329070518200751e-15,1.6792123247455493e-15,0.0,3.83026943495679e-15,2.1510571102112408e-15,1.4988010832439613e-15,4.718447854656915e-16
259,4,3,47974149.66024652,80729778.44222298,1.5062872901528352,0.5108362351825474,ok,,1.5062872430647634,0.7531436215323817,0.7531436215323817,0.5108362366368455,1.5062872906785687,0.5108362353849392,0.7412912697378654,3,4.761380534290538e-08,1.2519063563587451e-09,0.0,4.708807188613662e-08,1.4542981263687693e-09,5.257334567687622e-10,2.0239177001002417e-10
260,3,3,28844.87549682133,2246.232425995822,0.19227074062790162,0.049423102096717825,ok,,0.19227074062783278,0.09613537031391639,0.09613537031391639,0.04942310209669554,0.1922707406278471,0.049423102096703336,0.09590414252732152,3,1.432187701766452e-14,7.799316747991725e-15,0.0,6.88338275267597e-14,2.2287727219350018e-14,5.4511950509095186e-14,1.4488410471358293e-14
261,2,5,5531.7436792722065,71.86847112969686,2.0305294836980283,0.7696763833372235,ok,,2.030529483698281,1.0152647418491405,1.0152647418491405,0.7696763833373037,2.0305294836982486,0.7696763833373244,0.8682708979967405,2,3.241851231905457e-14,2.0650148258027912e-14,0.0,2.5268676040468563e-13,8.01581023779363e-14,2.2026824808563106e-13,1.0080825063596421e-13
262,3,5,985.0868429549597,1177987.647209148,0.5199670619067628,0.14243191472537392,ok,,0.5199670619108083,0.25998353095540416,0.25998353095540416,0.14243191472466155,0.5199670619063802,0.14243191472525818,0.26457049021442747,3,4.428124533717437e-12,5.966338534335591e-13,0.0,4.045541679431608e-12,7.123746037507317e-13,3.8258285428582894e-13,1.1574075031717257e-13
263,2,2,1761.2511971866197,56716934.69399604,0.7230249745051626,0.22371343887881245,ok,,0.7230249718721584,0.3615124859360792,0.3615124859360792,0.22371343723245607,0.7230249712886806,0.22371343771862007,0.5144825903532058,2,5.834778216140535e-10,4.86163997948097e-10,0.0,2.633004148044904e-09,1.6463563845547924e-09,3.2164819696589575e-09,1.1601923866066954e-09
264,4,4,40930.23186772223,17.441264277621595,22.123600536389308,10.748327717278938,ok,,22.123922419252477,11.061961209626238,11.061961209626238,10.748637519850739,22.122360436763056,10.747707667465926,0.9999999997258777,4,0.0015619824894201884,0.0009298523848126905,0.0,0.00032188286316880976,0.00030980257180068804,0.0012400996262513786,0.0006200498130120025
265,5,1,12.478939024415967,1.0,0.017989097192673296,0.004527521452392497,ok,,0.017989097192673387,0.008994548596336693,0.008994548596336693,0.004527521452392769,0.017989097192673303,0.004527521452392499,0.017828259270824143,1,8.326672684688674e-17,2.697495005143935e-16,0.0,9.020562075079397e-17,2.714842239903703e-16,6.938893903907228e-18,1.734723475976807e-18
266,1,3,1.0,50779.82823755015,0.14786385834001411,0.03896477608199637,ok,,0.14786385833767302,0.07393192916883651,0.07393192916883651,0.03896477608193871,0.1478638583399984,0.03896477608199202,0.13745146426157961,1,2.325389880653006e-12,5.330458296981533e-14,0.0,2.341099536451452e-12,5.765526944756516e-14,1.5709655798445965e-14,4.350686477749832e-15
267,3,2,3.2819609458644123,24606515.102496244,0.821675775000666,0.24389309028575287,ok,,0.821675775542082,0.410837887771041,0.410837887771041,0.2438930902741201,0.8216757750802572,0.24389309030890918,0.48187227961105666,2,4.6182480062384457e-10,3.478908827680982e-11,0.0,5.414160231254073e-10,1.1632778074144312e-11,7.95912225015627e-11,2.315631020266551e-11
268,1,3,1.0,314957.9022005513,0.2311455809457786,0.06260017130948872,ok,,0.2311455809479961,0.11557279047399804,0.11557279047399804,0.06260017130747775,0.23114558094580123,0.0626001713094953,0.20637607889616816,1,2.1948554085327032e-12,2.0175527915000657e-12,0.0,2.2174762026594408e-12,2.0109747200791617e-12,2.2620794126737565e-14,6.5780714209040525e-15
269,2,3,99834.12743144105,1564880.6027127632,0.5642509375673923,0.16797944659210193,ok,,0.5642509374752569,0.28212546873762845,0.28212546873762845,0.16797944659561148,0.5642509375658733,0.16797944659158434,0.43072875400446825,2,9.061640326990528e-11,4.027139732798446e-12,0.0,9.213541041219742e-11,3.509553758718198e-12,1.5190071422921392e-12,5.17585974080248e-13
270,2,5,170.78762933910838,1936.6089345479695,0.5688835837761345,0.16807020930851738,ok,,0.5688835837761523,0.28444179188807617,0.28444179188807617,0.16807020930850758,0.568883583776136,0.1680702093085179,0.4237251013565744,2,1.63202784619898e-14,1.0325074129013956e-14,0.0,1.787459069646502e-14,9.797718192317006e-15,1.5543122344752192e-15,5.273559366969494e-16
271,3,5,273.35155577903976,89194.65129433281,1.074224389774696,0.3436053427562902,ok,,1.074224389774478,0.537112194887239,0.537112194887239,0.3436053427566854,1.074224389774729,0.3436053427563003,0.6230224399340073,3,2.509104035652854e-13,3.851363672424668e-13,0.0,2.1782575743145571e-13,3.9523939676655573e-13,3.3084646133829665e-14,1.0103029524088925e-14
272,1,3,1.0,1.3285155051721897,0.07903673350765676,0.020337071760170338,ok,,0.07903673350765685,0.03951836675382842,0.03951836675382842,0.0203370717601703,0.07903673350765676,0.020337071760170338,0.07599401815913367,1,8.326672684688674e-17,3.8163916471489756e-17,0.0,8.326672684688674e-17,3.8163916471489756e-17,0.0,0.0
273,2,3,423680.7685729918,1.7118919802681454,0.05235804467319647,0.013284849724486056,ok,,0.052358044673040324,0.026179022336520162,0.026179022336520162,0.013284849724453096,0.05235804467287788,0.013284849724404085,0.04425504270394562,2,1.6244644518437212e-13,4.901114236677273e-14,0.0,1.5614592951962436e-13,3.2959746043559335e-14,3.185923747039965e-13,8.197088841033207e-14
274,3,2,114931.31005993533,81.41320038600077,0.1863021441354042,0.049350500874334916,ok,,0.18630214413541513,0.09315107206770756,0.09315107206770756,0.04935050087433934,0.18630214413541885,0.049350500874338885,0.15986246573834997,2,3.7192471324942744e-15,4.579669976578771e-16,0.0,1.0935696792557792e-14,4.427014310692812e-15,1.4654943925052066e-14,3.969047313034935e-15
275,4,1,29612188.62153173,1.0,0.7548933276045972,0.23532440500747018,ok,,0.7548933276099414,0.3774466638049707,0.3774466638049707,0.23532440500885698,0.7548933276004038,0.23532440500594154,0.5299392454351324,1,9.537592937647332e-12,2.915445662665661e-12,0.0,5.344280573638116e-12,1.3868073356348987e-12,4.193312364009216e-12,1.5286383270307624e-12
276,4,3,832819.5112664894,283795.71691147616,20.15082786494816,9.709126059400209,ok,,20.15564526091655,10.077822630458275,10.077822630458275,9.709687219396212,20.151181923013617,9.709303088432623,0.9999999974856066,3,0.004463337902933517,0.0003841309635888024,0.0,0.00481739596839148,0.0005611599960033686,0.0003540580654579628,0.00017702903241456625
277,2,3,1634675.7065992109,70607.29600239081,0.799075727557599,0.24690921577423586,ok,,0.7990757275225167,0.3995378637612583,0.3995378637612583,0.24690921577467373,0.7990757275527289,0.24690921577259412,0.531509610808895,2,3.021227712451946e-11,2.079614258576612e-12,0.0,3.508238144434017e-11,4.3787196091216174e-13,4.870104319820712e-12,1.6417422976644502e-12
278,1,5,1.0,39370.54143238996,0.802772864121853,0.2529110063153167,ok,,0.8027728641219212,0.4013864320609606,0.4013864320609606,0.2529110063153164,0.802772864121848,0.2529110063153149,0.5519152382470388,1,7.316369732279782e-14,1.4988010832439613e-15,0.0,6.816769371198461e-14,3.3306690738754696e-16,4.9960036108132044e-15,1.8318679906315083e-15
279,1,5,1.0,6229392.250533927,0.001604912237556815,0.0004014694707249169,ok,,0.0016049123126213871,0.0008024561563106936,0.0008024561563106936,0.000401469503048979,0.0016049122374679054,0.0004014694707026628,0.0016036250545202258,1,7.515348174509662e-11,3.234631621796061e-11,0.0,7.506457217962281e-11,3.2324062101008605e-11,8.89095654738048e-14,2.2254116952002967e-14
280,4,4,18118989.250467602,65680.5682338998,0.5594270930939153,0.1575016829822229,ok,,0.5594270930388565,0.27971354651942826,0.27971354651942826,0.15750168295549205,0.5594270929900348,0.15750168294897549,0.3578558308796848,4,4.882172444098387e-11,6.516565065339819e-12,0.0,5.5058735348723076e-11,2.6730839763899894e-11,1.0388045978970695e-10,3.324740482923971e-11
281,3,2,60276955.1903617,13059724.903444456,0.011771375450740716,0.002952134816995083,ok,,0.011771374664413692,0.005885687332206846,0.005885687332206846,0.0029521347888170624,0.011771375437479692,0.002952134813655802,0.009709748633105149,2,7.730660001037393e-10,2.4838739572097257e-11,0.0,7.863270243269049e-10,2.8178020680669214e-11,1.3261024223165663e-11,3.3392811085719565e-12
282,1,5,1.0,5096.371457124072,0.1147925583953793,0.029909728757316893,ok,,0.11479255839542235,0.057396279197711175,0.057396279197711175,0.02990972875733,0.11479255839539144,0.029909728757320182,0.10844893049001407,1,3.0905833448002795e-14,9.818534874028728e-15,0.0,4.3048897779840445e-14,1.3107570584480754e-14,1.214306433183765e-14,3.2890357104520263e-15
283,5,2,76761138.00768271,2.433602009714765,0.06892933016642945,0.017671752730233706,ok,,0.068929330166861,0.0344646650834305,0.0344646650834305,0.017671752730344714,0.06892933016666251,0.017671752730294008,0.06654320690896698,2,1.9848012122736236e-13,5.070596720280207e-14,0.0,4.3154368967179835e-13,1.1100842467470784e-13,2.33063568444436e-13,6.030245747190577e-14
284,4,3,26176869.9183098,1011492.2205491733,0.023501934151880975,0.005896214053758153,ok,,0.023501934137149405,0.011750967068574703,0.011750967068574703,0.005896214033223934,0.02350193415138498,0.005896214053633271,0.010857387838830819,3,1.4235574524734673e-11,2.0409336547178025e-11,0.0,1.4731570130432914e-11,2.0534218422851858e-11,4.959956056982406e-13,1.2488187567383235e-13
285,4,3,687298.7401829123,3.40542709456607,0.032145747369964874,0.0081164188753255,ok,,0.03214574736984066,0.01607287368492033,0.01607287368492033,0.00811641887529202,0.03214574736985841,0.008116418875298322,0.028778916253321272,3,1.774969060619469e-14,6.30225038822374e-15,0.0,1.242131397738433e-13,3.348016308635238e-14,1.064634491676486e-13,2.7177912698128637e-14
286,5,4,15907.378590722408,1880014.4437546479,2.459505737287818,0.8487363188998117,ok,,2.4595057374140996,1.2297528687070498,1.2297528687070498,0.848736318916461,2.459505737277782,0.8487363188952689,0.8382212020109212,4,1.3631762385557522e-10,2.119204811634745e-11,0.0,1.2628165180217366e-10,1.6649237544186235e-11,1.0035972053401565e-11,4.5428105721612155e-12
287,2,4,370.4089137862966,81250858.63594617,0.6167173542347897,0.18607038144012994,ok,,0.6167173546857843,0.30835867734289213,0.30835867734289213,0.1860703816262559,0.6167173543676131,0.1860703814862446,0.46006718162908444,2,3.181711560884537e-10,1.4001128034735189e-10,0.0,4.5099457501862616e-10,1.8612594798739224e-10,1.3282341893017247e-10,4.611466764004035e-11
288,5,4,9327833.601610532,17363287.842359766,21.276507580663484,10.305528351342515,numerical_failure,non-positive target residual determinant,nan,nan,nan,nan,nan,nan,nan,0,nan,nan,nan,nan,nan,nan,nan
289,2,3,85464.82116299267,54717298.337192416,5.317576929771652,2.132721078854805,ok,,5.317576983905955,2.6587884919529774,2.6587884919529774,2.132721074064881,5.317576926116731,2.1327210770858414,0.9518050631037378,2,5.7789224072735124e-08,3.0209603707476163e-09,0.0,5.413430237410921e-08,4.789924012982283e-09,3.6549216986259125e-09,1.7689636422346666e-09
290,1,1,1.0,1.0,0.08142260647939992,0.020968706573891365,ok,,0.0814226064793998,0.0407113032396999,0.0407113032396999,0.02096870657389105,0.08142260647939992,0.020968706573891365,0.07819595124609621,1,1.1102230246251565e-16,3.157196726277789e-16,0.0,1.1102230246251565e-16,3.157196726277789e-16,0.0,0.0
291,1,3,1.0,1.5455569931373576,0.028312960006247605,0.007153036983703585,ok,,0.028312960006247445,0.014156480003123723,0.014156480003123723,0.007153036983703842,0.028312960006247622,0.00715303698370359,0.02791590425328332,1,1.7694179454963432e-16,2.5240226575462543e-16,0.0,1.5959455978986625e-16,2.5673907444456745e-16,1.734723475976807e-17,4.336808689942018e-18
292,3,4,2813.422330048197,5.1349199112992725,0.7596855447280956,0.2184140603174914,ok,,0.7596855447280872,0.3798427723640436,0.3798427723640436,0.21841406031748978,0.7596855447280665,0.2184140603174825,0.4285634878775971,3,2.0761170560490427e-14,7.271960811294775e-15,0.0,8.326672684688674e-15,1.609823385706477e-15,2.90878432451791e-14,8.881784197001252e-15
293,4,3,1102.6350808791856,1.3112078641836071,1.498864909766969,0.5143179926465942,ok,,1.498864909766971,0.7494324548834855,0.7494324548834855,0.514317992646597,1.4988649097670022,0.5143179926466082,0.7493294991471345,3,3.108624468950438e-14,1.1102230246251565e-14,0.0,1.9984014443252818e-15,2.886579864025407e-15,3.3084646133829665e-14,1.3988810110276972e-14
294,1,3,1.0,30.67068131929058,0.007118811917954362,0.001784448354111985,ok,,0.007118811917954715,0.0035594059589773575,0.0035594059589773575,0.0017844483541131773,0.00711881191795437,0.001784448354111987,0.00709353319678144,1,3.452099717193846e-16,1.1902371449545868e-15,0.0,3.5301622736128024e-16,1.1921887088650607e-15,7.806255641895632e-18,1.951563910473908e-18
295,1,2,1.0,207421.23247145963,0.00018467640396533226,4.6172298271748044e-05,ok,,0.0001846764125783551,9.233820628917755e-05,9.233820628917755e-05,4.6172297310853594e-05,0.00018467640396574033,4.6172298271850074e-05,0.00018465935232834399,1,8.612614771754193e-12,9.609964801465982e-13,0.0,8.613022838346862e-12,9.608944499459038e-13,4.0806659266923173e-16,1.02030200694464e-16
296,5,1,1393669.2083334203,1.0,0.13444827220876748,0.03526847393393424,ok,,0.13444827220877748,0.06722413610438874,0.06722413610438874,0.03526847393392174,0.13444827220875843,0.03526847393393175,0.12580190195626242,1,1.9040324872321435e-14,1.001282390333813e-14,0.0,9.992007221626409e-15,1.2496947920936918e-14,9.048317650695026e-15,2.4841240175987878e-15
297,3,2,86107813.73103803,397.59369489766493,0.9159841579582833,0.28780132640262723,ok,,0.915984157938265,0.4579920789691325,0.4579920789691325,0.2878013264015382,0.915984157936184,0.28780132639681416,0.5740483050823583,2,2.0810020373573934e-12,4.724054480931272e-12,0.0,2.0018209312411273e-11,1.089017764854816e-12,2.2099211349768666e-11,5.813072245786088e-12
298,4,4,116263.23459799119,334177.0036848644,0.4423336850111419,0.11818183554897457,ok,,0.4423336850143915,0.22116684250719576,0.22116684250719576,0.11818183555420436,0.44233368501147946,0.11818183554907097,0.21913675245452102,4,2.9120594824405543e-12,5.1333937101105676e-12,0.0,3.249622793077833e-12,5.229788824223647e-12,3.3756331063727885e-13,9.639511411307922e-14
299,5,1,276.44020260543454,1.0,0.08070629801600676,0.0207789638586075,ok,,0.08070629801600715,0.040353149008003575,0.040353149008003575,0.020778963858608,0.08070629801600673,0.02077896385860749,0.077535418660086,1,4.163336342344337e-16,5.100087019371813e-16,0.0,3.885780586188048e-16,5.030698080332741e-16,2.7755575615628914e-17,6.938893903907228e-18
300,3,3,1.7104499194109326,2550183.44058057,13.470361421254383,6.35918706430074,ok,,13.470361341472028,6.735180670736014,6.735180670736014,6.359187087892306,13.470361503459939,6.35918710540297,0.9999978822800094,3,1.6198791108479327e-07,1.7510664029884992e-08,0.0,7.978235494476849e-08,2.3591566034042444e-08,8.220555614002478e-08,4.1102230063927436e-08
301,3,1,3.7072122156476928,1.0,0.019429537096731717,0.0048926608046819435,ok,,0.01942953709673212,0.00971476854836606,0.00971476854836606,0.004892660804682425,0.019429537096731724,0.004892660804681945,0.019242000189948313,1,3.95516952522712e-16,4.796510411075872e-16,0.0,4.0245584642661925e-16,4.81385764583564e-16,6.938893903907228e-18,1.734723475976807e-18
302,5,3,28674.25029324536,25.35409266801414,0.5371926129225881,0.155825494495313,ok,,0.5371926129225872,0.2685963064612936,0.2685963064612936,0.15582549449531147,0.5371926129225816,0.15582549449531097,0.3930455373847926,3,5.662137425588298e-15,4.996003610813204e-16,0.0,8.881784197001252e-16,1.5265566588595902e-15,6.5503158452884236e-15,2.0261570199409107e-15
303,4,5,1.1430748911467297,83603.32303673767,1.3645832184223758,0.41667477380443885,ok,,1.3645832184230997,0.6822916092115499,0.6822916092115499,0.41667477380512263,1.3645832184224345,0.41667477380444723,0.6000734181770349,4,6.652456363553938e-13,6.75404177030714e-13,0.0,7.238654120556021e-13,6.837863608666339e-13,5.861977570020827e-14,8.382183835919932e-15
304,5,5,36241158.824452825,59064526.20974673,1.348093498986267,0.42429453490972396,ok,,1.3480935012011992,0.6740467506005996,0.6740467506005996,0.4242945354479346,1.3480934990134514,0.4242945349196277,0.6376458141051828,5,2.187747760729053e-09,5.28306898228692e-10,0.0,2.2149322376208147e-09,5.382106427198607e-10,2.7184476891761733e-11,9.903744491168709e-12
305,5,3,3.2842221236986004,5280057.24679441,1.581345599032367,0.4718949739509449,ok,,1.5813455992191479,0.7906727996095739,0.7906727996095739,0.4718949739591576,1.581345599057612,0.4718949739599384,0.5000130180864141,3,1.615358957707258e-10,7.808198532188726e-13,0.0,1.8678081303846739e-10,8.212708291210902e-12,2.5244917267741585e-11,8.993528144429774e-12
306,5,4,127728.56583935673,1.3217290447142778,0.2528275714552594,0.06666583066767133,ok,,0.25282757145527407,0.12641378572763703,0.12641378572763703,0.06666583066765774,0.2528275714551353,0.06666583066763679,0.16840154980186672,4,1.3877787807814457e-13,2.095545958979983e-14,0.0,1.4654943925052066e-14,1.3586354263850353e-14,1.241229341530925e-13,3.454181385365018e-14
307,5,2,7856.605957937204,2455.1388945613803,0.8849845903855684,0.28016284842531625,ok,,0.8849845903855726,0.4424922951927863,0.4424922951927863,0.28016284842534844,0.8849845903855721,0.28016284842531736,0.5753976041587135,2,5.551115123125783e-16,3.108624468950438e-14,0.0,4.218847493575595e-15,3.219646771412954e-14,3.6637359812630166e-15,1.1102230246251565e-15
308,5,5,62129390.706793986,2.7757947411988018,1.4743226392905855,0.4876986540223641,ok,,1.474322639348629,0.7371613196743145,0.7371613196743145,0.48769865404285895,1.474322639361583,0.4876986540434934,0.7147172532746833,5,1.2953860206721401e-11,6.344369474220457e-13,0.0,5.804356995042781e-11,2.0494828056882852e-11,7.099743015714921e-11,2.1129265004304898e-11
309,4,4,100.07530603554315,21118.368799972777,0.598715254466121,0.16378830466419772,ok,,0.5987152544662289,0.29935762723311443,0.29935762723311443,0.16378830466431626,0.5987152544664104,0.16378830466428454,0.27318037628322595,4,1.815214645262131e-13,3.172462292866385e-14,0.0,1.0791367799356522e-13,1.185440634543511e-13,2.894351425197783e-13,8.681944052568724e-14
310,4,4,6.71097673255747,3.7139110464773615,1.0653319322686603,0.3135454225979467,ok,,1.0653319322686599,0.5326659661343299,0.5326659661343299,0.3135454225979455,1.065331932268659,0.31354542259794627,0.503632400158452,4,8.881784197001252e-16,7.771561172376096e-16,0.0,4.440892098500626e-16,1.2212453270876722e-15,1.3322676295501878e-15,4.440892098500626e-16
311,2,3,157139.4765534502,27.19026231754032,0.08118934498729014,0.020629239873368812,ok,,0.08118934498712016,0.04059467249356008,0.04059467249356008,0.020629239873314997,0.08118934498713799,0.020629239873329333,0.050921967132790076,2,1.7832957333041577e-14,1.4335754805472334e-14,0.0,1.6997514507011147e-13,5.381459167175251e-14,1.521421877370699e-13,3.9478836866280176e-14
312,3,2,1981985.0634592604,344.2771795979679,10.549421990531675,4.963033344002954,ok,,10.549421985279833,5.274710992639917,5.274710992639917,4.963033338861235,10.549421969355446,4.963033333415047,0.999971044109038,2,1.5924387142263186e-08,5.446188389157669e-09,0.0,5.251841628250986e-09,5.141719050527627e-09,2.117622877051417e-08,1.0587907439685296e-08
313,1,2,1.0,149.3803674539586,0.2309152228834126,0.06253318744075684,ok,,0.23091522288341204,0.11545761144170602,0.11545761144170602,0.06253318744075642,0.23091522288341246,0.0625331874407568,0.20619324016905835,1,4.163336342344337e-16,3.7470027081099033e-16,0.0,5.551115123125783e-16,4.163336342344337e-16,1.3877787807814457e-16,4.163336342344337e-17
314,1,2,1.0,66484681.0257879,0.0059984532478991855,0.0015029831984557044,ok,,0.005998451009359584,0.002999225504679792,0.002999225504679792,0.0015029828195896044,0.005998453264372623,0.0015029832025925637,0.00598049846187644,1,2.2550130382784084e-09,3.8300295920890015e-10,0.0,2.2385396010807246e-09,3.7886609995096965e-10,1.6473437197683793e-11,4.136859257930503e-12
315,4,3,306.2963103710669,15.091158958372365,3.2318883226671096,1.2932435568253036,ok,,3.231888322667108,1.615944161333554,1.615944161333554,1.2932435568253027,3.2318883226671318,1.2932435568253142,0.9507814220546862,3,2.398081733190338e-14,1.1546319456101628e-14,0.0,1.7763568394002505e-15,8.881784197001252e-16,2.220446049250313e-14,1.0658141036401503e-14
316,1,1,1.0,1.0,0.10845073943707713,0.02819528028689261,ok,,0.10845073943707728,0.05422536971853864,0.05422536971853864,0.028195280286892777,0.10845073943707713,0.02819528028689261,0.10277690855706142,1,1.5265566588595902e-16,1.6653345369377348e-16,0.0,1.5265566588595902e-16,1.6653345369377348e-16,0.0,0.0
317,5,1,44092.120253002184,1.0,0.32191788818169526,0.08966638545438321,ok,,0.3219178881816953,0.16095894409084766,0.16095894409084766,0.08966638545438421,0.3219178881816967,0.08966638545438364,0.2752423009408165,1,1.3877787807814457e-15,5.689893001203927e-16,0.0,5.551115123125783e-17,9.992007221626409e-16,1.4432899320127035e-15,4.3021142204224816e-16
318,2,3,15618078.177520122,2538945.755575501,0.08861444819563906,0.022750414760364997,ok,,0.0886144475823949,0.04430722379119745,0.04430722379119745,0.022750414796113727,0.08861444818054684,0.022750414756479796,0.0767346398053454,2,5.981519446418559e-10,3.963393155337336e-11,0.0,6.132441637829444e-10,3.5748730364826287e-11,1.5092219141088492e-11,3.885201188547072e-12
319,2,1,3012096.7486863253,1.0,0.12737585889015818,0.03333250606410833,ok,,0.1273758588900087,0.06368792944500434,0.06368792944500434,0.03333250606407878,0.12737585888966252,0.033332506063972964,0.11959729678032611,1,3.461675390781238e-13,1.0581813203458523e-13,0.0,1.4949153026577733e-13,2.954581024283698e-14,4.956590693439011e-13,1.353639422774222e-13
320,4,4,241.0751661438184,211.27431213091944,0.6770419580612779,0.1839023803908534,ok,,0.6770419580612778,0.3385209790306389,0.3385209790306389,0.18390238039086082,0.6770419580612741,0.18390238039085238,0.24845073730634465,4,3.6637359812630166e-15,8.43769498715119e-15,0.0,1.1102230246251565e-16,7.41073868937292e-15,3.774758283725532e-15,1.0269562977782698e-15
321,4,4,3522991.389479098,69.01873628329261,1.131481595990223,0.32294438789386487,ok,,1.1314815959956661,0.5657407979978331,0.5657407979978331,0.32294438789605273,1.131481595999109,0.3229443878963789,0.3868738027033831,4,3.4428015993626104e-12,3.26183524634871e-13,0.0,5.4432014451322175e-12,2.1878610034775647e-12,8.886003044494828e-12,2.5140445281124357e-12
322,5,1,25.994834703510147,1.0,0.00015338925737567156,3.834952006230308e-05,ok,,0.0001533892573757356,7.66946286878678e-05,7.66946286878678e-05,3.834952006176451e-05,0.00015338925737567153,3.834952006230307e-05,0.0001533774938450065,1,6.407634839389331e-17,5.385638766550183e-16,0.0,6.404924333958117e-17,5.385706529185963e-16,2.710505431213761e-20,6.776263578034403e-21
323,2,3,1757687.6591872785,10.216091919652412,0.26522682140218934,0.07257541605702636,ok,,0.26522682143600695,0.13261341071800348,0.13261341071800348,0.07257541606497364,0.2652268213771359,0.07257541604960371,0.23245320171352446,2,5.887107468183217e-11,1.5369927552910667e-11,0.0,3.3817615374687193e-11,7.947281721598642e-12,2.5053459307144976e-11,7.422645831312025e-12
324,5,3,31873.905727833902,62484542.162393585,15.411619541066173,7.413825013636792,ok,,15.412789958960925,7.7063949794804625,7.7063949794804625,7.413697318483078,15.411387757891262,7.413709122067736,0.9999997937268927,3,0.0014022010696628229,1.1803584658132138e-05,0.0,0.0011704178947518074,0.00012769515371413576,0.00023178317491101552,0.00011589156905600362
325,2,1,14.18744402283272,1.0,0.7297941157102263,0.22621189815733347,ok,,0.7297941157102263,0.36489705785511317,0.36489705785511317,0.22621189815733356,0.7297941157102255,0.22621189815733314,0.5179917822052746,1,8.881784197001252e-16,4.163336342344337e-16,0.0,0.0,8.326672684688674e-17,8.881784197001252e-16,3.3306690738754696e-16
326,5,2,87.69036135610143,66105574.499508925,0.35548884457509583,0.09645848137976881,ok,,0.355488844139936,0.177744422069968,0.177744422069968,0.09645848120754241,0.35548884464326697,0.09645848139782023,0.24542263275658452,2,5.033309879998171e-10,1.9027782127700732e-10,0.0,4.351598525964562e-10,1.7222639980829513e-10,6.817113540336095e-11,1.8051421468712192e-11
327,5,2,31.448178970005127,102262.9591664671,0.0921867129742711,0.02347399247256115,ok,,0.09218671297736858,0.04609335648868429,0.04609335648868429,0.023473992471612526,0.09218671297512228,0.02347399247278192,0.057590752402948225,2,2.2463003679362714e-12,1.1693944423907254e-12,0.0,3.0974806053407633e-12,9.48623124497061e-13,8.511802374044919e-13,2.2077131789366433e-13
328,4,2,224492.41502432723,46748200.116119556,0.16734848455352694,0.04384356293684929,ok,,0.16734848473476216,0.08367424236738108,0.08367424236738108,0.04384356253926125,0.16734848452712253,0.04384356292995276,0.13639897370350954,2,2.076396277139736e-10,3.9069151386295076e-10,0.0,1.8123522127488911e-10,3.9758803888068073e-10,2.6404406439084482e-11,6.896525017729971e-12
329,5,3,83.6254102086566,2618.42872125406,1.0869799844189403,0.329430068722388,ok,,1.0869799844189152,0.5434899922094576,0.5434899922094576,0.3294300687223757,1.0869799844189396,0.3294300687223878,0.5479103548064959,3,2.4424906541753444e-14,1.2101430968414206e-14,0.0,2.5091040356528538e-14,1.2323475573339238e-14,6.661338147750939e-16,2.220446049250313e-16
330,5,4,22.257582842420206,1244.2063453994679,0.9451909522598164,0.275861079904264,ok,,0.9451909522598269,0.4725954761299134,0.4725954761299134,0.27586107990428044,0.9451909522598179,0.27586107990426445,0.48578989816035906,4,8.992806499463768e-15,1.5987211554602254e-14,0.0,1.0436096431476471e-14,1.6431300764452317e-14,1.4432899320127035e-15,4.440892098500626e-16
331,4,2,47566.43068428523,2332126.707144117,2.0337344787968874,0.6691977144833633,ok,,2.0337344789736482,1.0168672394868241,1.0168672394868241,0.6691977144677468,2.03373447877423,0.6691977144744952,0.6419302575758521,2,1.9941825968317062e-10,6.7483796328815515e-12,0.0,1.7676082819662042e-10,1.5616508086679914e-11,2.2657431486550195e-11,8.868128453798363e-12
332,5,1,56.92538654303629,1.0,0.011972946327459287,0.0030066489420902025,ok,,0.011972946327460043,0.005986473163730022,0.005986473163730022,0.003006648942090351,0.011972946327459287,0.0030066489420902025,0.011901555807914256,1,7.563394355258879e-16,1.48318857196017e-16,0.0,7.563394355258879e-16,1.48318857196017e-16,0.0,0.0
333,2,5,97597.38464888264,4496.408670815212,0.44178780568485393,0.12511672965448617,ok,,0.4417878056878277,0.22089390284391386,0.22089390284391386,0.1251167296556206,0.44178780568658077,0.1251167296550359,0.33539571479819724,2,1.2469469901077446e-12,5.846989559188387e-13,0.0,2.973787882609713e-12,1.134425886561985e-12,1.7268408925019685e-12,5.497269306431463e-13
334,2,1,3.065552066234593,1.0,0.28399313768340234,0.07819692412023116,ok,,0.2839931376834022,0.1419965688417011,0.1419965688417011,0.07819692412023116,0.2839931376834023,0.07819692412023115,0.24722818955303916,1,1.1102230246251565e-16,1.3877787807814457e-17,0.0,1.6653345369377348e-16,0.0,5.551115123125783e-17,1.3877787807814457e-17
335,1,1,1.0,1.0,0.2169447756598391,0.058487295861495266,ok,,0.21694477565983972,0.10847238782991986,0.10847238782991986,0.05848729586149504,0.21694477565983925,0.0584872958614953,0.19502557774113682,1,4.718447854656915e-16,2.636779683484747e-16,0.0,6.106226635438361e-16,2.2898349882893854e-16,1.3877787807814457e-16,3.469446951953614e-17
336,1,3,1.0,158433.24675744105,20.996020275083385,10.210328065343672,ok,,20.996290062117396,10.498145031058698,10.498145031058698,10.210089297411573,20.996907353819307,10.210771604711407,0.9999999992393953,1,0.000617291701910716,0.0006823072998347612,0.0,0.0002697870340107045,0.0002387679320996483,0.0008870787359214205,0.00044353936773511293
337,3,5,190.71929337217,4039.7877506570153,1.5302769172785209,0.48437094415173904,ok,,1.5302769172784367,0.7651384586392184,0.7651384586392184,0.484370944151741,1.5302769172785275,0.4843709441517416,0.6368069221644134,3,9.08162434143378e-14,6.106226635438361e-16,0.0,8.415490526658687e-14,1.942890293094024e-15,6.661338147750939e-15,2.55351295663786e-15
338,4,3,16701.076158929918,851.0807178693586,0.4706498444505304,0.13667364462203174,ok,,0.47064984445052827,0.23532492222526413,0.23532492222526413,0.13667364462202602,0.47064984445053254,0.13667364462203246,0.3745985357124111,3,4.274358644806853e-15,6.439293542825908e-15,0.0,2.1094237467877974e-15,5.717648576819556e-15,2.1649348980190553e-15,7.216449660063518e-16
339,2,2,4.198191318745244,62843323.71499085,0.16042392682609716,0.042381249371430854,ok,,0.16042392686212104,0.08021196343106052,0.08021196343106052,0.04238124936697352,0.16042392682917458,0.042381249372287266,0.14604292514813597,2,3.294645112283945e-11,5.313749440460924e-12,0.0,3.602387832479792e-11,4.457337277052886e-12,3.0774272019584714e-12,8.564121634080379e-13
340,3,4,3546.0907896069084,20797.99974990589,0.7091571611393718,0.2002186539421972,ok,,0.709157161138716,0.354578580569358,0.354578580569358,0.20021865394214178,0.7091571611389755,0.20021865394206997,0.3464585827299568,3,2.595701431573616e-13,7.1803674117632e-14,0.0,6.5580874064608e-13,5.542788450441094e-14,3.9623859748871837e-13,1.2723155862204294e-13
341,5,4,231.7524502653304,14485592.773757849,2.2462292231934367,0.6911892063595448,ok,,2.2462292231486707,1.1231146115743353,1.1231146115743353,0.6911892062624148,2.2462292229798253,0.691189206286505,0.5816641607048094,4,1.688453821202529e-10,2.4090285322131422e-11,0.0,4.476596870972571e-11,9.713008175538107e-11,2.1361135082997862e-10,7.303979643324965e-11
342,2,5,25954.501743866207,250865.70485394352,1.1819007655782758,0.39592280056418827,ok,,1.181900765579714,0.590950382789857,0.590950382789857,0.3959228005632367,1.1819007655783254,0.3959228005642115,0.6837797276901441,2,1.3886669592011458e-12,9.747758156208874e-13,0.0,1.4381829060994278e-12,9.515721544062217e-13,4.951594689828198e-14,2.3203661214665772e-14
343,1,1,1.0,1.0,0.44215990651425857,0.12749616992268292,ok,,0.4421599065142584,0.2210799532571292,0.2210799532571292,0.12749616992268353,0.4421599065142582,0.1274961699226828,0.3573531361810691,1,2.220446049250313e-16,7.216449660063518e-16,0.0,1.6653345369377348e-16,6.106226635438361e-16,3.885780586188048e-16,1.1102230246251565e-16
344,2,3,407.264041571043,3.486109825816791,0.8380922068236053,0.24050849538863456,ok,,0.8380922068236081,0.41904610341180404,0.41904610341180404,0.24050849538863428,0.8380922068236105,0.24050849538863622,0.3755511092814578,2,2.4424906541753444e-15,1.942890293094024e-15,0.0,2.7755575615628914e-15,2.7755575615628914e-16,5.218048215738236e-15,1.6653345369377348e-15
345,4,1,208.77172239579588,1.0,0.00028771210549581106,7.193578646328337e-05,ok,,0.00028771210549649595,0.00014385605274824798,0.00014385605274824798,7.19357864631398e-05,0.00028771210549581117,7.19357864632834e-05,0.0002876707203370856,1,6.847820921418446e-16,1.43589025218549e-16,0.0,6.848905123590932e-16,1.4356192016423686e-16,1.0842021724855044e-19,2.710505431213761e-20
346,4,2,187231.80559684377,163.8058693156218,1.0311773577708752,0.3334247474601759,ok,,1.0311773577708634,0.5155886788854317,0.5155886788854317,0.33342474746016837,1.0311773577709133,0.3334247474601907,0.6252500342709777,2,4.9960036108132044e-14,2.2315482794965646e-14,0.0,1.176836406102666e-14,7.549516567451064e-15,3.8191672047105385e-14,1.4765966227514582e-14
347,3,4,21141791.672931354,12.114720095358724,0.38351425944095313,0.10842149457157797,ok,,0.3835142594409895,0.19175712972049475,0.19175712972049475,0.10842149457171413,0.3835142594414747,0.10842149457174159,0.3147991431785615,3,4.852229729124247e-13,2.746414207166481e-14,0.0,3.6359804056473877e-14,1.3615497618246764e-13,5.215827769688985e-13,1.6361911825413245e-13
348,5,2,1054010.3168906847,42113.63774020968,12.273497377816673,5.847564517909578,ok,,12.273497448041258,6.136748724020629,6.136748724020629,5.847564514367758,12.273497442414866,5.847564550208577,0.9999952977487037,2,5.626391796909047e-09,3.584081831320418e-08,0.0,7.022458525796083e-08,3.541819282304459e-09,6.459819346105178e-08,3.229899903089972e-08
349,5,5,24.9954170099452,2195468.2973547587,0.19423728153332892,0.04965216341832772,ok,,0.19423728153627629,0.09711864076813814,0.09711864076813814,0.0496521634328948,0.1942372815366342,0.04965216341919202,0.0717492406885513,5,3.5790814756353484e-13,1.3702781964664013e-11,0.0,2.9473645746236343e-12,1.4567083650440793e-11,3.305272722187169e-12,8.643016857767805e-13
350,1,3,1.0,8095704.393822398,0.0008293234646140782,0.00020739533637280505,ok,,0.0008293235796870135,0.00041466178984350677,0.00041466178984350677,0.00020739533195124338,0.0008293234646114334,0.00020739533637214344,0.0008289796709522398,1,1.1507558014128838e-10,4.420900060961297e-12,0.0,1.1507293533850882e-10,4.421561668232002e-12,2.6448027795611395e-15,6.616072707049669e-16
351,5,1,1.8452567865332492,1.0,0.015382871047320855,0.0038678451492265083,ok,,0.015382871047320723,0.0076914355236603615,0.0076914355236603615,0.0038678451492266674,0.015382871047320864,0.0038678451492265105,0.015265159042298223,1,1.4051260155412137e-16,1.5699247457590104e-16,0.0,1.3183898417423734e-16,1.5916087892087205e-16,8.673617379884035e-18,2.168404344971009e-18
352,4,4,134182.13258462082,8835447.314081527,1.8073300025600636,0.5980013001530058,ok,,1.8073300033363502,0.9036650016681751,0.9036650016681751,0.598001299470627,1.8073300022591259,0.5980013000266944,0.742210259960287,4,1.0772243097534329e-09,5.560674143367805e-10,0.0,7.762865905647232e-10,6.823788201160141e-10,3.009377191887097e-10,1.263114057792336e-10
353,3,4,22.87007755161698,1954.455640719917,1.086770302554264,0.3559755144071113,ok,,1.0867703025542816,0.5433851512771408,0.5433851512771408,0.35597551440717456,1.0867703025542481,0.3559755144071051,0.647608055402768,3,3.352873534367973e-14,6.944445019030354e-14,0.0,1.7541523789077473e-14,6.328271240363392e-14,1.5987211554602254e-14,6.161737786669619e-15
354,5,5,15.308327504536502,62.351791923936055,2.942924906422416,0.9545818339376655,ok,,2.9429249064224203,1.4714624532112102,1.4714624532112102,0.9545818339376666,2.9429249064224177,0.9545818339376663,0.6711557495480359,5,2.6645352591003757e-15,3.3306690738754696e-16,0.0,4.440892098500626e-15,1.1102230246251565e-15,1.7763568394002505e-15,7.771561172376096e-16
355,3,2,8822657.25596496,69.21931868353013,0.21932850180877142,0.05839269605727224,ok,,0.21932850180887797,0.10966425090443899,0.10966425090443899,0.05839269605731401,0.21932850180895258,0.05839269605731883,0.17871126693048245,2,7.460698725481052e-14,4.822531263215524e-15,0.0,1.065536547883994e-13,4.176520240761761e-14,1.8116064204320992e-13,4.658773367083313e-14
356,2,3,282515.47028877743,105.1073320925207,0.04666799474691494,0.011866140172039021,ok,,0.04666799474726635,0.023333997373633175,0.023333997373633175,0.011866140172122286,0.046667994747087056,0.011866140172083522,0.045212284846442415,2,1.7929407958305887e-13,3.876413079417773e-14,0.0,3.5141334286947767e-13,8.326499212341076e-14,1.721192632864188e-13,4.450086132923303e-14
357,2,3,89511.67099470322,10.00375222265725,0.030620248639946435,0.0077345675389723515,ok,,0.030620248639945613,0.015310124319972807,0.015310124319972807,0.007734567538970616,0.03062024863995192,0.007734567538973752,0.02873470472800108,2,6.3074545586516706e-15,3.1363800445660672e-15,0.0,8.222589276130066e-16,1.7355908377147955e-15,5.485195631038664e-15,1.4007892068512717e-15
358,5,4,9.966140922908494,29281393.593321316,0.26378247356897594,0.06870683132929221,ok,,0.2637824725168514,0.1318912362584257,0.1318912362584257,0.06870683180248793,0.26378247363614904,0.06870683134754282,0.13282097287239147,4,1.1192976545615352e-09,4.549451093627255e-10,0.0,1.052124554146161e-09,4.731957187198432e-10,6.717310041537417e-11,1.8250609357117753e-11
359,3,5,258.96949152857337,6350963.028229993,0.4396813168469303,0.12450163743941046,ok,,0.43968131683582623,0.21984065841791312,0.21984065841791312,0.12450163745189347,0.43968131682888756,0.12450163743367473,0.33499463923900574,3,6.938671859302303e-12,1.8218732078523203e-11,0.0,1.1104062114242197e-11,1.2483000744190065e-11,1.80427339735445e-11,5.7357313343331384e-12
360,5,3,28121782.275953505,57.56377352144269,20.281727670689158,9.832087142596125,ok,,20.310747635865685,10.155373817932842,10.155373817932842,9.86439793601221,20.343760180291852,9.8631033973624,0.9999999984054213,3,0.03301254442616752,0.0012945386498106615,0.0,0.02901996517652705,0.03231079341608556,0.062032509602694574,0.031016254766274898
361,2,5,4908.232859125813,60468.178240213005,1.1444504268311952,0.3854014474084702,ok,,1.1444504268324085,0.5722252134162042,0.5722252134162042,0.3854014474091274,1.144450426831124,0.3854014474084412,0.681576758833043,2,1.2845280394913061e-12,6.862288515208093e-13,0.0,1.213251721310371e-12,6.571965194268614e-13,7.127631818093505e-14,2.9032332093947844e-14
362,4,1,12.266257338163769,1.0,0.09985359276287832,0.02588251109212094,ok,,0.09985359276287831,0.049926796381439154,0.049926796381439154,0.025882511092121252,0.09985359276287832,0.02588251109212094,0.09503009751951738,1,1.3877787807814457e-17,3.122502256758253e-16,0.0,1.3877787807814457e-17,3.122502256758253e-16,0.0,0.0
363,4,5,33801.37146989893,88630.96960048912,1.4963979187744996,0.4456229640432113,ok,,1.4963979187779808,0.7481989593889904,0.7481989593889904,0.44562296404408386,1.4963979187744478,0.4456229640431948,0.516686787742455,4,3.532951708962173e-12,8.890665981198254e-13,0.0,3.481215316014641e-12,8.725797862041418e-13,5.1736392947532295e-14,1.6486811915683575e-14
364,5,1,211.87340562153145,1.0,0.38302407919935205,0.10861848599195204,ok,,0.38302407919935266,0.19151203959967633,0.19151203959967633,0.10861848599195323,0.38302407919935205,0.10861848599195204,0.3182035180250735,1,6.106226635438361e-16,1.1934897514720433e-15,0.0,6.106226635438361e-16,1.1934897514720433e-15,0.0,0.0
365,5,5,15415.086331634393,27160150.470663328,0.7448975021958106,0.20133710882620376,ok,,0.7448975022639654,0.3724487511319827,0.3724487511319827,0.20133710899360047,0.7448975022583979,0.20133710884460865,0.2769154780474144,5,5.567546423890235e-12,1.4899181888239355e-10,0.0,6.815481512489896e-11,1.6739670760657077e-10,6.258726870100872e-11,1.8404888724177226e-11
366,4,4,364769.30517444666,1.6199760241032464,0.29160139197725543,0.07679118538715395,ok,,0.2916013919773925,0.14580069598869624,0.14580069598869624,0.0767911853871821,0.291601391977309,0.07679118538716874,0.15169617952095782,4,8.348877145181177e-14,1.3364309658925322e-14,0.0,1.3705703238997557e-13,2.8158031462055533e-14,5.35682609381638e-14,1.479372180313021e-14
367,2,3,4.1510242521406555,1975772.3629131822,1.0507858027238186,0.32331867448768553,ok,,1.0507858027011538,0.5253929013505769,0.5253929013505769,0.3233186744884762,1.0507858027208679,0.32331867448666113,0.567491707676049,2,1.971400820366398e-11,1.8150481118084372e-12,0.0,2.266475895851272e-11,7.906453269868052e-13,2.950750754848741e-12,1.024402784821632e-12
368,3,2,14.839540775934172,854343.3952833165,0.03789077151914702,0.00954222452429815,ok,,0.03789077151448428,0.01894538575724214,0.01894538575724214,0.009542224521460696,0.03789077152109342,0.009542224524791632,0.022321198232651013,2,6.609143787805749e-12,3.33093622129077e-12,0.0,4.662742414396348e-12,2.83745422990922e-12,1.946401373409401e-12,4.934819913815502e-13
369,1,4,1.0,6461850.518242667,0.058688200882535006,0.014991784459017988,ok,,0.05868820097660166,0.02934410048830083,0.02934410048830083,0.0149917844371803,0.0586882008822429,0.014991784458941795,0.05699924987485188,1,9.435875691909956e-11,2.17614953834655e-11,0.0,9.406665030242678e-11,2.1837687907977354e-11,2.921066166727826e-13,7.619252451185332e-14
370,5,1,41384.320715830785,1.0,0.06823310228932322,0.017489769287615278,ok,,0.068233102289323,0.0341165511446615,0.0341165511446615,0.017489769287615253,0.06823310228932207,0.01748976928761498,0.0659572792976676,1,9.298117831235686e-16,2.740863092043355e-16,0.0,2.220446049250313e-16,2.42861286636753e-17,1.1518563880486e-15,2.983724378680108e-16
371,1,1,1.0,1.0,0.01124870024269761,0.0028240152984680875,ok,,0.011248700242697572,0.005624350121348786,0.005624350121348786,0.0028240152984684297,0.011248700242697607,0.0028240152984680866,0.011185670170956279,1,3.469446951953614e-17,3.430415673744136e-16,0.0,3.8163916471489756e-17,3.421742056364252e-16,3.469446951953614e-18,8.673617379884035e-19
372,5,5,588.3229708140739,10.996792114672932,12.91240386581973,6.125907855979321,ok,,12.912403866848768,6.456201933424384,6.456201933424384,6.125907856114417,12.912403865441576,6.125907855790244,0.9999970641021604,5,1.407192584679251e-09,3.241735768710896e-10,0.0,1.0290381879940469e-09,1.3509637852848755e-10,3.781543966852041e-10,1.8907719834260206e-10
373,5,4,7.407267240452723,61788.411594581004,0.9283997041405837,0.28397694910793275,ok,,0.9283997041390093,0.46419985206950465,0.46419985206950465,0.2839769491058295,0.9283997041411585,0.2839769491081409,0.5472280908861776,4,2.149169731069378e-12,2.3114288261183447e-12,0.0,1.5744072712209345e-12,2.103262009001128e-12,5.747624598484435e-13,2.0816681711721685e-13
374,1,1,1.0,1.0,0.0007157892907259186,0.0001789953501673888,ok,,0.00071578929072591,0.000357894645362955,0.000357894645362955,0.0001789953501674102,0.0007157892907259186,0.0001789953501673888,0.0007155331746835779,1,8.565197162635485e-18,2.1385887852276575e-17,0.0,8.565197162635485e-18,2.1385887852276575e-17,0.0,0.0
375,2,2,2137108.1967281546,625014.9455641423,1.2568042599014682,0.399213901031826,ok,,1.2568042591960955,0.6284021295980478,0.6284021295980478,0.3992139010197815,1.2568042598821467,0.39921390102471777,0.6362925078546388,2,6.860512158368692e-10,4.936273612088371e-12,0.0,7.053726491790258e-10,1.2044532038402167e-11,1.9321433342156524e-11,7.108258426313796e-12
376,4,5,255143.75111233824,694411.8259184003,0.19031323965883992,0.04923412336203614,ok,,0.19031323966600855,0.09515661983300427,0.09515661983300427,0.049234123367306815,0.19031323965854677,0.049234123361956914,0.11623819629481731,4,7.461781192930061e-12,5.349901077700281e-12,0.0,7.168626803277789e-12,5.270672787105468e-12,2.931543896522726e-13,7.922829059481273e-14
377,3,5,1151.209519040705,582894.5238709995,0.27792845756161716,0.07566391661917832,ok,,0.27792845756229134,0.13896422878114567,0.13896422878114567,0.0756639166201376,0.2779284575616822,0.0756639166191973,0.2306631758547526,3,6.091238624605921e-13,9.403033907062763e-13,0.0,6.741829317036263e-13,9.592882044273665e-13,6.505906924303417e-14,1.8984813721090177e-14
378,5,5,2908014.8251211387,248698.55658625104,0.7489310292393458,0.2070021242866618,ok,,0.7489310293653197,0.3744655146826599,0.3744655146826599,0.20700212429119702,0.7489310292362773,0.20700212428570952,0.3323547389855598,5,1.2904244339750903e-10,5.487499343814761e-12,0.0,1.2597389797974756e-10,4.535233300018149e-12,3.06854541776147e-12,9.522660437966124e-13
379,3,1,539896.5049971918,1.0,0.007317964425227046,0.001834505536712939,ok,,0.007317964425209489,0.0036589822126047444,0.0036589822126047444,0.0018345055367081642,0.007317964425207767,0.0018345055367080928,0.0072912533202307605,1,1.721713049906981e-15,7.134050294954619e-17,0.0,1.7557136300361265e-14,4.7748263676261615e-15,1.9278849350268246e-14,4.846166870575708e-15
380,1,3,1.0,36192.78683608601,1.1346267512669568,0.3814481818055413,ok,,1.1346267512671737,0.5673133756335869,0.5673133756335869,0.38144818180569784,1.1346267512671007,0.3814481818055993,0.6784578858739091,1,7.30526750203353e-14,9.853229343548264e-14,0.0,2.169375790117556e-13,1.5654144647214707e-13,1.438849039914203e-13,5.800915303666443e-14
381,2,4,24221647.489187002,888.0451158322012,0.07316632965371968,0.0186090898778115,ok,,0.0731663296374605,0.03658316481873025,0.03658316481873025,0.01860908987435206,0.07316632963693645,0.018609089873561288,0.05428981394335684,2,5.240530231986895e-13,7.907702270770756e-13,0.0,1.6259174562271994e-11,3.45944106694418e-12,1.6783227585470684e-11,4.2502112940212555e-12
382,5,5,144.9868715330528,1.0305262085429996,0.9397013184147297,0.26698194632921907,ok,,0.9397013184147291,0.4698506592073646,0.4698506592073646,0.2669819463292189,0.9397013184147291,0.26698194632921884,0.4221804720112915,5,0.0,5.551115123125783e-17,0.0,5.551115123125783e-16,1.6653345369377348e-16,5.551115123125783e-16,2.220446049250313e-16
383,5,2,1171521.3295934529,1720563.4062707752,0.6701856157815035,0.2048698354893378,ok,,0.6701856157428354,0.3350928078714177,0.3350928078714177,0.20486983539977022,0.6701856157478581,0.20486983547741658,0.4883654994470232,2,5.022648963404208e-12,7.764636156259996e-11,0.0,3.866806874697204e-11,8.956757557854189e-11,3.364541978356783e-11,1.1921214015941928e-11
384,2,4,4322833.85653957,1451.0741813514685,14.288479732092624,6.835459048521154,ok,,14.288460962311822,7.144230481155911,7.144230481155911,6.8354502578355225,14.288442366742627,6.835440365858874,0.9999993200430156,2,1.859556919470151e-05,9.891976648468415e-06,0.0,1.8769780801619618e-05,8.790685631865358e-06,3.736534999632113e-05,1.8682662280333773e-05
385,4,5,332756.7434682836,1790268.544709826,0.9103005773986127,0.2875674032105695,ok,,0.9103005773981785,0.45515028869908924,0.45515028869908924,0.2875674032124227,0.9103005773976943,0.2875674032102149,0.5789998338929129,4,4.841682610390308e-13,2.2077895067695863e-12,0.0,4.342082249308987e-13,1.8531842727043113e-12,9.183764859699295e-13,3.54605234065275e-13
386,2,1,23.767145553100995,1.0,0.21806276592822524,0.05880987494795959,ok,,0.2180627659282255,0.10903138296411274,0.10903138296411274,0.05880987494795997,0.21806276592822535,0.05880987494795962,0.1959250284292784,1,1.3877787807814457e-16,3.5388358909926865e-16,0.0,2.498001805406602e-16,3.8163916471489756e-16,1.1102230246251565e-16,2.7755575615628914e-17
387,5,4,111957.70491448136,3.0597967970747333,0.26717100996909254,0.06894861691340201,ok,,0.26717100996928783,0.13358550498464392,0.13358550498464392,0.06894861691345167,0.26717100996916604,0.06894861691342166,0.10554611125045693,4,1.2179146580137967e-13,3.0003777240494856e-14,0.0,1.9528823003156504e-13,4.9654724776360126e-14,7.349676423018536e-14,1.965094753586527e-14
388,1,3,1.0,11515.580703920812,0.48349982195638846,0.14099586515895376,ok,,0.48349982195622676,0.24174991097811338,0.24174991097811338,0.14099586515900908,0.4834998219563876,0.14099586515895346,0.38337845464924486,1,1.6081580511695392e-13,5.562217353372034e-14,0.0,1.6170398353665405e-13,5.5316862201948425e-14,8.881784197001252e-16,3.0531133177191805e-16
389,4,2,7184467.39646359,480.74719950932354,0.005522277189853826,0.0013828593163424398,ok,,0.005522277190214808,0.002761138595107404,0.002761138595107404,0.00138285931643356,0.005522277190241119,0.001382859316439617,0.004893748257385291,2,2.6310550960140233e-14,6.057003856807519e-15,0.0,3.6098207756296574e-13,9.112025370350274e-14,3.87292628523106e-13,9.717725756031026e-14
390,1,2,1.0,120.46182293954199,0.03996318825383008,0.010139521469036033,ok,,0.039963188253824056,0.019981594126912028,0.019981594126912028,0.010139521469037405,0.03996318825383037,0.010139521469036109,0.03917519185972714,1,6.314393452555578e-15,1.2958384365546749e-15,0.0,6.022959908591474e-15,1.3721662694976544e-15,2.914335439641036e-16,7.632783294297951e-17
391,5,1,3.442440008879029,1.0,1.662637110179692,0.6049316946887235,ok,,1.6626371101796933,0.8313185550898466,0.8313185550898466,0.6049316946887249,1.6626371101796942,0.6049316946887245,0.8103617767727334,1,8.881784197001252e-16,3.3306690738754696e-16,0.0,1.3322676295501878e-15,1.3322676295501878e-15,2.220446049250313e-15,9.992007221626409e-16
392,4,2,98755.51650142441,638669.5248787175,0.08067846777422298,0.020515585958590814,ok,,0.08067846777042931,0.040339233885214654,0.040339233885214654,0.020515585944315795,0.0806784677739494,0.020515585958519926,0.054105015209780095,2,3.520086999664329e-12,1.4204130927009118e-11,0.0,3.793673708507583e-12,1.4275018667131434e-11,2.735867088432542e-13,7.088774012231625e-14
393,2,3,56970.116550485516,6.073864011682851,1.0669885500897849,0.3211251565854698,ok,,1.0669885500920473,0.5334942750460236,0.5334942750460236,0.32112515658625096,1.066988550091176,0.32112515658597207,0.5228845263784518,2,8.713030297258229e-13,2.788880237858393e-13,0.0,2.262412479581144e-12,7.811529201262601e-13,1.3911094498553211e-12,5.022648963404208e-13
394,1,5,1.0,18.963480530980785,0.021147890643166977,0.005328752807574925,ok,,0.02114789064316769,0.010573945321583844,0.010573945321583844,0.0053287528075749435,0.021147890643166998,0.005328752807574931,0.020925842044976307,1,6.904199434387692e-16,1.214306433183765e-17,0.0,7.112366251504909e-16,1.8214596497756474e-17,2.0816681711721685e-17,6.071532165918825e-18
395,5,5,12036808.136878654,10224052.197479112,1.5307649716247478,0.44899660998041324,ok,,1.5307649851747493,0.7653824925873747,0.7653824925873747,0.44899661008826275,1.530764971570949,0.4489966099626996,0.5212950795017154,5,1.3603800308459313e-08,1.2556317097178749e-10,0.0,1.3550001565221237e-08,1.0784950710274188e-10,5.3798743238075986e-11,1.7713663869045604e-11
396,1,1,1.0,1.0,20.08730331970841,9.755969588032038,ok,,20.087303088736512,10.043651544368256,10.043651544368256,9.7559694776827,20.087302967040138,9.755969411697901,0.99999999811116,1,1.216963738670529e-07,6.598479984631922e-08,0.0,2.30971899384258e-07,1.1034933677933623e-07,3.526682732513109e-07,1.7633413662565545e-07
397,2,1,4.9461350904959485,1.0,1.5521085678614814,0.5565917325634359,ok,,1.5521085678614819,0.7760542839307409,0.7760542839307409,0.5565917325634362,1.5521085678614803,0.5565917325634354,0.7881990939275423,1,1.5543122344752192e-15,7.771561172376096e-16,0.0,4.440892098500626e-16,3.3306690738754696e-16,1.1102230246251565e-15,4.440892098500626e-16
398,2,5,23.972539408192556,1.289777351584463,0.0830474150229668,0.021369103371106,ok,,0.08304741502296667,0.041523707511483335,0.041523707511483335,0.0213691033711072,0.08304741502296686,0.021369103371106018,0.07781301627651045,2,1.942890293094024e-16,1.1830814106161824e-15,0.0,1.249000902703301e-16,1.2004286453759505e-15,6.938893903907228e-17,1.734723475976807e-17
399,1,4,1.0,2319501.142504242,0.2725914685191593,0.07479360701239304,ok,,0.2725914684885238,0.1362957342442619,0.1362957342442619,0.07479360701415105,0.2725914685192218,0.07479360701241165,0.2385962184864553,1,3.0697999697792966e-11,1.7394002904680406e-12,0.0,3.063549414150657e-11,1.7580104039183198e-12,6.250555628639631e-14,1.8610113450279187e-14
400,4,5,46149297.51919478,5067783.941832921,0.5819705840472154,0.16426088410797138,ok,,0.5819705703516789,0.29098528517583944,0.29098528517583944,0.1642608842674269,0.5819705838218028,0.1642608840349515,0.3657733998937941,4,1.3470123905179321e-08,2.324754000415652e-10,0.0,1.3695536482671855e-08,1.5945553211160757e-10,2.2541257749253418e-10,7.301986792995763e-11
401,1,4,1.0,116.28922124212299,0.22000291680363193,0.059370170412338004,ok,,0.2200029168036315,0.11000145840181574,0.11000145840181574,0.05937017041233794,0.22000291680363174,0.059370170412337955,0.19748354282385214,1,2.498001805406602e-16,1.3877787807814457e-17,0.0,4.440892098500626e-16,6.245004513516506e-17,1.942890293094024e-16,4.85722573273506e-17
402,4,4,523667.9847309406,6731.675172123892,0.3650972170661412,0.09666995019950042,ok,,0.3650972170664226,0.1825486085332113,0.1825486085332113,0.09666995019952562,0.3650972170661764,0.09666995019950811,0.20274940115595666,4,2.4619195571062846e-13,1.7513768213461844e-14,0.0,2.814415367424772e-13,2.5202062658991053e-14,3.524958103184872e-14,7.688294445529209e-15
403,3,5,2.972711278402838,1929074.5258513389,0.17840675011025933,0.04647408611312286,ok,,0.1784067501409039,0.08920337507045195,0.08920337507045195,0.04647408611631221,0.17840675011220217,0.046474086113642135,0.13032092738828824,3,2.8701735432790088e-11,2.6700724964356937e-12,0.0,3.064457021473288e-11,3.189344621734591e-12,1.9428347819427927e-12,5.192721252988974e-13
404,5,5,406.3797067682208,13.771803701804407,1.583136997465961,0.539910849000764,ok,,1.583136997465958,0.791568498732979,0.791568498732979,0.5399108490007629,1.5831369974659641,0.5399108490007654,0.7538359069703717,5,6.217248937900877e-15,2.4424906541753444e-15,0.0,3.1086244689504383e-15,1.1102230246251565e-15,3.1086244689504383e-15,1.3322676295501878e-15
405,4,2,184.80464961156457,1062908.5504506992,0.4683602952453345,0.12870761683216245,ok,,0.46836029523059874,0.23418014761529937,0.23418014761529937,0.12870761683458465,0.4683602952446656,0.12870761683197926,0.2859849372010888,2,1.4066858788908121e-11,2.6053881274634705e-12,0.0,1.4735768161244778e-11,2.4222013284003197e-12,6.689093723366568e-13,1.8318679906315083e-13
406,4,1,20978.624454282322,1.0,0.006082549869024666,0.0015241024571595332,ok,,0.006082549869024539,0.0030412749345122697,0.0030412749345122697,0.001524102457159504,0.006082549869024841,0.0015241024571595774,0.006064088612040716,1,3.0184188481996443e-16,7.32920668600201e-17,0.0,1.2663481374630692e-16,2.905661822261152e-17,1.7520707107365752e-16,4.423544863740858e-17
407,1,2,1.0,239.92022053561462,0.003669439322000557,0.0009186213819083585,ok,,0.0036694393220022548,0.0018347196610011274,0.0018347196610011274,0.0009186213819094569,0.0036694393220005578,0.0009186213819083587,0.0036627151566848773,1,1.6969932403743115e-15,1.0981883805105674e-15,0.0,1.6978606021123e-15,1.0984052209450645e-15,8.673617379884035e-19,2.168404344971009e-19
408,3,1,13163.456696931638,1.0,21.03613917211535,10.230387513849676,ok,,21.03635451324918,10.51817725662459,10.51817725662459,10.230482864207316,21.036172570028107,10.230404212806045,0.9999999992686819,1,0.00018194322107234484,7.865140127094605e-05,0.0,0.0002153411338277067,9.53503576397452e-05,3.339791275536186e-05,1.6698956368799145e-05
409,2,4,13.477287999924986,549.8870597339426,2.1370337101003853,0.7343031705055219,ok,,2.1370337101003827,1.0685168550501913,1.0685168550501913,0.7343031705055187,2.1370337101003867,0.7343031705055225,0.7939809367611921,2,3.9968028886505635e-15,3.774758283725532e-15,0.0,2.6645352591003757e-15,3.1086244689504383e-15,1.3322676295501878e-15,6.661338147750939e-16
410,3,3,401.21183758018117,2293598.2734039235,1.325890125702632,0.4041306562222373,ok,,1.325890125707632,0.662945062853816,0.662945062853816,0.4041306561650657,1.3258901256925344,0.40413065621867283,0.4835306287096678,3,1.509770086727258e-11,5.3607118744025684e-11,0.0,5.000000413701855e-12,5.717160078688721e-11,1.0097700453570724e-11,3.5644820428615276e-12
411,1,1,1.0,1.0,0.0008013490682551457,0.0002003974615537056,ok,,0.0008013490682552415,0.0004006745341276208,0.0004006745341276208,0.00020039746155364746,0.0008013490682551457,0.0002003974615537056,0.0008010280738391332,1,9.584347204771859e-17,5.814034149953518e-17,0.0,9.584347204771859e-17,5.814034149953518e-17,0.0,0.0
412,4,3,287.9300286720097,1.192598071076915,1.0387021554696863,0.33769535921459615,ok,,1.0387021554696867,0.5193510777348433,0.5193510777348433,0.3376953592145959,1.0387021554696865,0.33769535921459626,0.6318210507204078,3,2.220446049250313e-16,3.3306690738754696e-16,0.0,4.440892098500626e-16,2.220446049250313e-16,2.220446049250313e-16,1.1102230246251565e-16
413,3,1,92923.58370416575,1.0,0.013480105331822737,0.0033870236437209536,ok,,0.01348010533183519,0.006740052665917595,0.006740052665917595,0.0033870236437225643,0.01348010533182525,0.003387023643721588,0.013389655592095413,1,9.939965517347105e-15,9.762156361059482e-16,0.0,1.2453579834037498e-14,1.6106907474444654e-15,2.5136143166903935e-15,6.344751113385172e-16
414,5,4,68240.51644463264,219.39051548883478,0.4804180199611997,0.13562401702283616,ok,,0.4804180199611482,0.2402090099805741,0.2402090099805741,0.1356240170228249,0.4804180199611515,0.13562401702282095,0.3429521973958691,4,3.3306690738754696e-15,3.941291737419306e-15,0.0,5.1514348342607263e-14,1.1268763699945339e-14,4.8183679268731794e-14,1.5210055437364645e-14
415,3,4,32066325.509224772,5130898.765522065,3.2638869036725615,1.3217755122555892,ok,,3.263886793122478,1.631943396561239,1.631943396561239,1.3217755158979276,3.2638869080824415,1.321775514376112,0.9554106529278849,3,1.1495996332655523e-07,1.521815562455231e-09,0.0,1.1055008330984606e-07,3.642338430864811e-09,4.409880016709167e-09,2.12052286840958e-09
416,2,5,491.07772516197366,19340.06073596675,1.6561023258868521,0.5396236654628059,ok,,1.656102325886886,0.828051162943443,0.828051162943443,0.5396236654628002,1.6561023258868213,0.5396236654627942,0.6973884345494296,2,6.483702463810914e-14,5.995204332975845e-15,0.0,3.397282455352979e-14,5.773159728050814e-15,3.086420008457935e-14,1.176836406102666e-14
417,4,4,14005.976581170997,19076536.76355454,0.2998507795643232,0.07893605270348049,ok,,0.29985077915560865,0.14992538957780432,0.14992538957780432,0.07893605263264103,0.29985077959210843,0.07893605271077574,0.1783718389947388,4,4.364997807648763e-10,7.813470703776915e-11,0.0,4.0871456219448987e-10,7.083945929853286e-11,2.7785218570386405e-11,7.295247739236288e-12
418,1,1,1.0,1.0,0.06142474410631218,0.01570627046687835,ok,,0.06142474410631138,0.03071237205315569,0.03071237205315569,0.015706270466879113,0.061424744106312164,0.015706270466878346,0.0595762844963702,1,7.840950111415168e-16,7.667477763817487e-16,0.0,7.979727989493313e-16,7.632783294297951e-16,1.3877787807814457e-17,3.469446951953614e-18
419,4,4,52515.8556915839,785.8419436839206,2.2850147562734375,0.8207934961528202,ok,,2.285014756273563,1.1425073781367816,1.1425073781367816,0.8207934961528922,2.2850147562735286,0.8207934961528488,0.8519513558832505,4,3.4638958368304884e-14,4.340972026284362e-14,0.0,1.2567724638756772e-13,7.205347429817266e-14,9.103828801926284e-14,2.864375403532904e-14
420,4,5,20.01363377174019,1586.8696067029773,23.10144412386561,11.131721272892877,ok,,23.101417596828167,11.550708798414083,11.550708798414083,11.131691254074155,23.1014775452755,11.131737983597821,0.9999999998339082,4,5.9948447333368904e-05,4.67295236656895e-05,0.0,2.652703744132623e-05,3.0018818721444518e-05,3.3421409892042675e-05,1.671070494424498e-05
421,4,4,298644.7005113229,39037951.70491219,0.7706825237853919,0.21692785918223795,ok,,0.7706825235474701,0.38534126177373507,0.38534126177373507,0.21692785900111478,0.7706825238479286,0.2169278592003068,0.3439256689399341,4,3.0045843590897903e-10,1.9919202398632763e-10,0.0,2.379217933778932e-10,1.8112317201612882e-10,6.253664253108582e-11,1.8068851970198807e-11
422,2,5,23.810349998178815,9169029.883928083,0.13994088839377988,0.03677333287559558,ok,,0.1399408883871649,0.06997044419358245,0.06997044419358245,0.03677333281290007,0.13994088839439497,0.036773332875764904,0.1304289099130113,2,7.230077647690791e-12,6.286483139605892e-11,0.0,6.614986336472839e-12,6.269550850701577e-11,6.150913112179524e-13,1.6932288904314419e-13
423,2,1,49680.101703015396,1.0,0.0015819815620343642,0.00039572995354630864,ok,,0.0015819815620359279,0.0007909907810179639,0.0007909907810179639,0.00039572995354708596,0.0015819815620373115,0.0003957299535470464,0.001580730888806931,1,1.3836588125260008e-15,3.957337929572091e-17,0.0,1.5636363731585945e-15,7.773187475634824e-16,2.9472951856845953e-15,7.377453682677615e-16
424,3,2,2.0606554314418104,932.7108884465354,0.02853276913865005,0.007209137517474646,ok,,0.028532769138628566,0.014266384569314283,0.014266384569314283,0.007209137517454334,0.02853276913865022,0.007209137517474689,0.02812683957823367,2,2.1652818427142506e-14,2.0355245267111854e-14,0.0,2.148281552649678e-14,2.0311877180212434e-14,1.700029006457271e-16,4.336808689942018e-17
425,3,2,550615.1387920581,24796.420991738076,0.06761906654470203,0.01732212508578712,ok,,0.06761906654279848,0.03380953327139924,0.03380953327139924,0.017322125085466933,0.0676190665446802,0.017322125085781327,0.06489612109023053,2,1.881717004437178e-12,3.143943438921326e-13,0.0,1.90354676465887e-12,3.2018832030189515e-13,2.182976022169214e-14,5.793976409762536e-15
426,3,3,1347.1705994000101,1.4187257328065324,1.9241882814176106,0.6677910129490051,ok,,1.9241882814175895,0.9620941407087947,0.9620941407087947,0.6677910129489923,1.9241882814176057,0.6677910129490034,0.7999690475174197,3,1.6209256159527285e-14,1.1102230246251565e-14,0.0,2.1094237467877974e-14,1.27675647831893e-14,4.884981308350689e-15,1.6653345369377348e-15
427,3,1,1815.6083145594785,1.0,1.362560458421699,0.47548668242053793,ok,,1.3625604584217097,0.6812802292108548,0.6812802292108548,0.4754866824205415,1.362560458421701,0.4754866824205388,0.7439955516846494,1,8.659739592076221e-15,2.6645352591003757e-15,0.0,1.0658141036401503e-14,3.552713678800501e-15,1.9984014443252818e-15,8.881784197001252e-16
428,5,5,5.479958100861219,934.8214014982946,0.9956467215356446,0.27949248122371106,ok,,0.995646721535645,0.4978233607678225,0.4978233607678225,0.2794924812237918,0.9956467215356284,0.2794924812237062,0.3917103737137853,5,1.6653345369377348e-14,8.559819519859957e-14,0.0,4.440892098500626e-16,8.071321389024888e-14,1.6209256159527285e-14,4.884981308350689e-15
429,2,4,20077604.873564128,24200.031567385515,0.09762318231911946,0.02524400616851926,ok,,0.09762318231843015,0.04881159115921507,0.04881159115921507,0.02524400616689082,0.0976231823246508,0.025244006169997422,0.09089211688242979,2,6.220648995913791e-12,3.1066017813774494e-12,0.0,6.893097204141441e-13,1.62844043805066e-12,5.531339275499647e-12,1.4781613433267893e-12
430,3,3,6.950263598044431,77.53540198847904,0.7982353481599272,0.23046810598941322,ok,,0.7982353481599236,0.3991176740799618,0.3991176740799618,0.23046810598941292,0.7982353481599275,0.23046810598941325,0.425827470172198,3,3.885780586188048e-15,3.3306690738754696e-16,0.0,3.6637359812630166e-15,3.0531133177191805e-16,2.220446049250313e-16,2.7755575615628914e-17
431,4,5,2.8018533203757636,103157.61017805192,0.15439741890079625,0.040761116817024996,ok,,0.154397418900996,0.077198709450498,0.077198709450498,0.04076111681699768,0.15439741890081063,0.04076111681702899,0.14260118897169438,4,1.8537948953678551e-13,3.131522818833332e-14,0.0,1.997568777056813e-13,2.7318425299682758e-14,1.4377388168895777e-14,3.9968028886505635e-15
432,3,3,183.15592741924922,9.222593320252882,16.346648698138253,7.84279981026516,ok,,16.346648728789734,8.173324364394867,8.173324364394867,7.842799825264319,16.34664866557063,7.842799793981349,0.9999999045486151,3,6.321910461792868e-08,3.128296999221902e-08,0.0,3.065148135306117e-08,1.499915924796369e-08,3.256762326486751e-08,1.6283810744255334e-08
433,2,1,86875676.40166326,1.0,0.0048823405103851645,0.001222818050662701,ok,,0.004882340508874705,0.0024411702544373526,0.0024411702544373526,0.0012228180503943697,0.0048823405081988795,0.0012228180501141306,0.0048704412570549785,1,6.758257148353763e-13,2.8023915653319076e-13,0.0,1.5104592923642635e-12,2.6833114723234797e-13,2.18628500719964e-12,5.485703037655387e-13
434,1,5,1.0,3.4544667124180344,0.2940735068245624,0.08122320925778807,ok,,0.2940735068245621,0.14703675341228106,0.14703675341228106,0.08122320925778848,0.29407350682456257,0.08122320925778813,0.254778289451609,1,4.440892098500626e-16,3.469446951953614e-16,0.0,2.7755575615628914e-16,4.0245584642661925e-16,1.6653345369377348e-16,5.551115123125783e-17
435,2,2,96604.05777325419,184257.59971538655,1.368522783889277,0.4767308305965605,ok,,1.368522783854627,0.6842613919273135,0.6842613919273135,0.4767308305752387,1.3685227838882386,0.47673083059612265,0.7436193060593903,2,3.3611557981316764e-11,2.088396122701397e-11,0.0,3.4650060598551136e-11,2.132183318792613e-11,1.0385026172343714e-12,4.3787196091216174e-13
436,4,4,2598.627133523832,8188958.728865165,0.3415046800393919,0.09154459878915917,ok,,0.3415046799880672,0.1707523399940336,0.1707523399940336,0.09154459909647183,0.34150468003600787,0.09154459878819489,0.22561697700343453,4,4.794065144864135e-11,3.0827694563750896e-10,0.0,5.1324666738850055e-11,3.073126614294708e-10,3.3840152902087084e-12,9.642842080381797e-13
437,5,3,494892.9183506924,894759.5290157179,1.0278702934642525,0.3349617804646695,ok,,1.0278702928817838,0.5139351464408919,0.5139351464408919,0.33496178044803493,1.027870293463396,0.3349617804643876,0.6319400210428379,3,5.816123138657758e-10,1.6352696974308856e-11,0.0,5.824687399069717e-10,1.6634582600261183e-11,8.564260411958458e-13,2.8188562595232725e-13
438,1,1,1.0,1.0,8.786866822894317e-05,2.196789088127812e-05,ok,,8.786866822907413e-05,4.3934334114537066e-05,4.3934334114537066e-05,2.196789088082518e-05,8.786866822894321e-05,2.196789088127813e-05,8.786480789058348e-05,1,1.3091741232762466e-16,4.529491744783426e-16,0.0,1.3095806990909287e-16,4.529390100829755e-16,4.0657581468206416e-20,1.0164395367051604e-20
439,5,4,130916.51070249963,2238.761577742839,1.6780808317122666,0.5114595541591913,ok,,1.6780808317115632,0.8390404158557816,0.8390404158557816,0.5114595541589102,1.6780808317111933,0.5114595541588421,0.5981559417968622,4,3.6992631180510216e-13,6.80566714095221e-14,0.0,7.034373084024992e-13,2.8110846983508964e-13,1.0733636202076013e-12,3.4916514124461173e-13
440,4,2,126.11424214462829,9899.893594303212,0.23174322135744557,0.061749405789843274,ok,,0.23174322135780479,0.11587161067890239,0.11587161067890239,0.06174940578997745,0.2317432213574497,0.061749405789844336,0.1838600017160884,2,3.550770788507407e-13,1.3311574065255627e-13,0.0,3.592126596174694e-13,1.3417739141985408e-13,4.135580766728708e-15,1.061650767297806e-15
441,1,2,1.0,33.410834673645816,0.3651831403108582,0.10302591227288396,ok,,0.36518314031085897,0.18259157015542948,0.18259157015542948,0.10302591227288405,0.3651831403108586,0.10302591227288409,0.30593047287136316,1,3.885780586188048e-16,4.163336342344337e-17,0.0,7.771561172376096e-16,8.326672684688674e-17,3.885780586188048e-16,1.249000902703301e-16
442,5,5,83223948.69630387,95524.4540097362,1.9389628262317595,0.6659713556606388,ok,,1.9389628249686126,0.9694814124843063,0.9694814124843063,0.665971355523852,1.9389628258642329,0.6659713555036946,0.7974873965359354,5,8.956202446341877e-10,2.0157431279699267e-11,0.0,1.263146920393865e-09,1.367868041057818e-10,3.6752667575967735e-10,1.5694423538548108e-10
443,4,2,15.157701720126072,24773.305987886943,0.4480559364782249,0.12940605685905524,ok,,0.44805593647968855,0.22402796823984428,0.22402796823984428,0.12940605685709006,0.448055936478057,0.12940605685900078,0.36112714962800224,2,1.6315282458378988e-12,1.91072158095551e-12,0.0,1.4636625245145751e-12,1.965178020313374e-12,1.6786572132332367e-13,5.445643935786393e-14
444,1,2,1.0,34547.15655041832,13.235163940919806,6.329900493560482,ok,,13.235163384946276,6.617581692473138,6.617581692473138,6.32990031518716,13.2351624751705,6.3298997606867005,0.9999982133397718,1,9.097757764919834e-07,5.545004597706793e-07,0.0,5.559735303251045e-07,1.7837332144665652e-07,1.465749306817088e-06,7.328737812173358e-07
445,1,2,1.0,621.3797717893007,0.9092269900897092,0.2929281884404655,ok,,0.9092269900897165,0.45461349504485826,0.45461349504485826,0.29292818844046975,0.9092269900897131,0.292928188440467,0.5971645004580292,1,3.4416913763379853e-15,2.7755575615628914e-15,0.0,7.327471962526033e-15,4.274358644806853e-15,3.885780586188048e-15,1.4988010832439613e-15
446,2,5,62.41699968093017,2142.9989752528118,0.45614530932263214,0.12569291583958328,ok,,0.4561453093226855,0.22807265466134274,0.22807265466134274,0.12569291583966535,0.4561453093226519,0.12569291583958933,0.2920048530262463,2,3.3584246494910985e-14,7.60225216112076e-14,0.0,5.334621633323877e-14,8.20732370954147e-14,1.9761969838327786e-14,6.050715484207103e-15
447,3,5,3863.347058703764,17333.64562758454,1.5428310265984346,0.48759131773728703,ok,,1.5428310265983658,0.7714155132991829,0.7714155132991829,0.4875913177373139,1.5428310265983673,0.4875913177372615,0.6299105804367784,3,1.5543122344752192e-15,5.240252676230739e-14,0.0,6.88338275267597e-14,2.6867397195928788e-14,6.727951529228449e-14,2.55351295663786e-14
448,3,2,282210.13277431694,1510.8066846034703,0.15258158353648157,0.04006543382569753,ok,,0.15258158353648987,0.07629079176824494,0.07629079176824494,0.04006543382567562,0.15258158353648468,0.04006543382569822,0.13468246828299388,2,5.190292640122607e-15,2.2599977445025843e-14,0.0,8.298917109073045e-15,2.190608805463512e-14,3.1086244689504383e-15,6.938893903907228e-16
449,2,2,186345.8898917973,15976212.66332213,0.10317935989524737,0.02642124346396008,ok,,0.10317935986792648,0.05158967993396324,0.05158967993396324,0.026421243410862605,0.10317935989773744,0.026421243464597607,0.07544332376677781,2,2.981095925669308e-11,5.3735002558674694e-11,0.0,2.732089554591255e-11,5.309747433401846e-11,2.4900637107805323e-12,6.375282246562364e-13
450,4,1,5281480.233274878,1.0,0.7860170229621745,0.24672647476068202,ok,,0.7860170230292218,0.3930085115146109,0.3930085115146109,0.2467264747927298,0.7860170230491238,0.24672647479269172,0.5443439466536975,1,1.990196896173302e-11,3.808064974464287e-14,0.0,6.704736765783537e-11,3.2047781095556616e-11,8.694933661956838e-11,3.200970044581197e-11
451,4,1,12552076.28464662,1.0,4.431030012385537,1.9317924923052914,ok,,4.431030012178536,2.215515006089268,2.215515006089268,1.9317924923858194,4.431030013056975,1.931792492638357,0.9880977760891086,1,8.784386551496937e-10,2.52537546430176e-10,0.0,2.0700063885215059e-10,8.05280286897414e-11,6.714380162975431e-10,3.330655751199174e-10
452,4,5,72.96551454732125,4.249474768248603,0.5976985522596998,0.17099992140132797,ok,,0.5976985522596983,0.29884927612984913,0.29884927612984913,0.17099992140132692,0.5976985522596977,0.17099992140132728,0.3907132412064793,4,5.551115123125783e-16,3.608224830031759e-16,0.0,1.5543122344752192e-15,1.0547118733938987e-15,2.1094237467877974e-15,6.938893903907228e-16
453,2,4,6338.362141812736,166446.1786522329,0.03293524340940404,0.008312026525625925,ok,,0.032935243412103965,0.016467621706051982,0.016467621706051982,0.008312026528972893,0.032935243409483186,0.008312026525646124,0.028224444157831593,2,2.6207785941423367e-12,3.3267694155014738e-12,0.0,2.6999236180103026e-12,3.3469685356557477e-12,7.914502386796585e-14,2.0199120154273942e-14
454,1,5,1.0,2643.684962883602,0.007853587198532644,0.0019691716176850915,ok,,0.007853587198475509,0.0039267935992377545,0.0039267935992377545,0.0019691716176950536,0.00785358719853264,0.0019691716176850906,0.007822828357674637,1,5.713138295782016e-14,9.962950603403797e-15,0.0,5.713485240477212e-14,9.962083241665809e-15,3.469446951953614e-18,8.673617379884035e-19
455,2,3,921.2702213231091,2727887.9551571063,0.38516174267764464,0.10923159450427086,ok,,0.38516174262624503,0.19258087131312251,0.19258087131312251,0.1092315945674156,0.3851617426776147,0.10923159450426144,0.3190287261703732,2,5.1369686282498606e-11,6.315416245517014e-11,0.0,5.1399606793012254e-11,6.314473943724863e-11,2.992051051364797e-14,9.423017921506016e-15
456,3,2,103.60960499348526,3.950348908153634,14.379986598452074,6.861925133367062,ok,,14.379986600844807,7.189993300422404,7.189993300422404,6.861925134700442,14.37998660009532,6.8619251341886836,0.99999932437208,2,7.494875831071113e-10,5.117586354685955e-10,0.0,2.392733122746904e-09,1.3333805171100721e-09,1.6432455396397927e-09,8.216218816414766e-10
457,4,2,20.981618708449982,2.8934192631110287,0.417312886223043,0.1194958236649043,ok,,0.41731288622304324,0.20865644311152162,0.20865644311152162,0.11949582366490485,0.4173128862230432,0.11949582366490435,0.3411332784418479,2,5.551115123125783e-17,4.996003610813204e-16,0.0,2.220446049250313e-16,5.551115123125783e-16,1.6653345369377348e-16,5.551115123125783e-17
458,2,4,2347.341600726007,37649.00056225544,0.17074138117090767,0.044550474990115586,ok,,0.17074138117108006,0.08537069058554003,0.08537069058554003,0.04455047499030318,0.17074138117087362,0.04455047499010626,0.12986726319910724,2,2.0644597142904786e-13,1.9691887009898323e-13,0.0,1.7238988014867118e-13,1.8759299669213192e-13,3.405609128037668e-14,9.325873406851315e-15
459,3,2,268.47180458271356,83616597.01740867,0.4473162494496501,0.12916634462888765,ok,,0.44731624944889603,0.22365812472444802,0.22365812472444802,0.12916634462147458,0.44731624945039034,0.1291663446291277,0.36065634996315227,2,1.4943046799942294e-12,7.653128131224207e-12,0.0,7.540634783254063e-13,7.413070157724633e-12,7.402412016688231e-13,2.4005797349957447e-13
460,1,5,1.0,991.7789435182043,0.13826908528974655,0.036318003019260435,ok,,0.13826908528974569,0.06913454264487284,0.06913454264487284,0.03631800301925647,0.1382690852897464,0.03631800301926039,0.12913567656412134,1,7.216449660063518e-16,3.920475055707584e-15,0.0,8.604228440844963e-16,3.9621084191310274e-15,1.3877787807814457e-16,4.163336342344337e-17
461,5,4,166.1926058537745,17792392.299150147,2.71786847391632,0.9035503602604226,ok,,2.717868473865445,1.3589342369327224,1.3589342369327224,0.9035503603442114,2.717868473985266,0.9035503602878981,0.7524003368286466,4,1.1982104197727494e-10,5.63132873665495e-11,0.0,5.0875303969633023e-11,8.378886473536795e-11,6.894573800764192e-11,2.747557736881845e-11
462,1,1,1.0,1.0,0.36953875948173887,0.10438680148845032,ok,,0.36953875948173875,0.18476937974086938,0.18476937974086938,0.10438680148844948,0.36953875948173887,0.10438680148845032,0.30894700121632046,1,1.1102230246251565e-16,8.465450562766819e-16,0.0,1.1102230246251565e-16,8.465450562766819e-16,0.0,0.0
463,3,4,45.73483618211495,2503378.4862216664,0.10435537554156771,0.02649007518248362,ok,,0.10435537557266628,0.05217768778633314,0.05217768778633314,0.0264900751394741,0.10435537554264493,0.026490075182763598,0.05381331604164825,3,3.002134651985955e-11,4.3289496987064524e-11,0.0,3.109856816507772e-11,4.300951955693577e-11,1.0772216452181738e-12,2.7997743012875276e-13
464,5,4,95970.97383148507,75.67214407836244,1.9808046684035572,0.6476996960049767,ok,,1.9808046684035832,0.9904023342017916,0.9904023342017916,0.6476996960049535,1.980804668403527,0.6476996960049604,0.7337868269165967,4,5.617728504603292e-14,6.8833827526759706e-15,0.0,2.5979218776228663e-14,2.3203661214665772e-14,3.019806626980426e-14,1.63202784619898e-14
465,4,5,43432594.300559714,172962.88796873248,0.22824722169818024,0.059121939095241105,ok,,0.22824722155321098,0.11412361077660549,0.11412361077660549,0.059121939063571105,0.22824722153970686,0.05912193905275641,0.10291653493214319,4,1.3504114493301245e-11,1.0814696360661458e-11,0.0,1.4496925881957168e-10,3.166999995585229e-11,1.5847337331287292e-10,4.248469631651375e-11
466,2,5,2909434.582394216,925.7461009742515,0.09162940100622942,0.02349812111021015,ok,,0.09162940100745764,0.04581470050372882,0.04581470050372882,0.023498121110670844,0.09162940100756913,0.023498121110559225,0.07584539955612042,2,1.1148026946017353e-13,1.1161904733825168e-13,0.0,1.2282258543550029e-12,4.606939829621126e-13,1.3397061238151764e-12,3.4907493562386094e-13
467,5,5,12.381702393345202,49944774.852328174,2.152959995431158,0.7110370709774656,ok,,2.1529599939952995,1.0764799969976497,1.0764799969976497,0.7110370705254034,2.152959994417962,0.7110370705745821,0.6891566143189339,5,4.2266234956400695e-10,4.917866114340086e-11,0.0,1.4358585431750726e-09,4.520621654791057e-10,1.0131961936110656e-09,4.0288350433570486e-10
468,4,1,62.12140608027911,1.0,11.32544821210205,5.375046054267199,ok,,11.325448212100628,5.662724106050314,5.662724106050314,5.375046054268363,11.325448212120458,5.375046054276403,0.9999879379718857,1,1.9829471398224996e-11,8.039791055125534e-12,0.0,1.4210854715202004e-12,1.1644019082268642e-12,1.8408385926704796e-11,9.204192963352398e-12
469,5,1,29.32266372706343,1.0,0.9926541570536239,0.32512104747223786,ok,,0.9926541570536234,0.4963270785268117,0.4963270785268117,0.3251210474722388,0.9926541570536239,0.32512104747223786,0.6294082242353136,1,5.551115123125783e-16,9.43689570931383e-16,0.0,5.551115123125783e-16,9.43689570931383e-16,0.0,0.0
470,5,2,902779.7474107948,1.253254231313441,0.16582811373271705,0.04350348279210675,ok,,0.1658281137327235,0.08291405686636175,0.08291405686636175,0.04350348279211058,0.1658281137327022,0.043503482792102796,0.1380936028959067,2,2.1288526497187377e-14,7.78543896018391e-15,0.0,6.439293542825908e-15,3.83026943495679e-15,1.484923295436147e-14,3.95516952522712e-15
471,4,1,33155.16700565902,1.0,0.03238822373070978,0.00819486750318945,ok,,0.032388223730711374,0.016194111865355687,0.016194111865355687,0.008194867503189318,0.03238822373071231,0.008194867503190099,0.03186934218323528,1,9.367506770274758e-16,7.806255641895632e-16,0.0,1.5959455978986625e-15,1.3183898417423734e-16,2.5326962749261384e-15,6.487865800153259e-16
472,1,2,1.0,9450.461545080308,0.00526264590110108,0.0013182556448423147,ok,,0.005262645900997676,0.002631322950498838,0.002631322950498838,0.0013182556449007343,0.005262645901103222,0.0013182556448428525,0.005248822440120685,1,1.0554664781059486e-13,5.788186770161463e-14,0.0,1.034042643177635e-13,5.841963197916744e-14,2.1423834928313568e-15,5.377642775528102e-16
473,4,5,34.71781488974537,560.9004052063607,1.0760458892342502,0.330333448897996,ok,,1.0760458892342564,0.5380229446171282,0.5380229446171282,0.3303334488979841,1.0760458892342524,0.33033344889799676,0.5728756510167644,4,3.9968028886505635e-15,1.2656542480726785e-14,0.0,6.217248937900877e-15,1.1879386363489175e-14,2.220446049250313e-15,7.771561172376096e-16
474,5,1,960489.0752212333,1.0,0.01889769579608702,0.004757798649297335,ok,,0.01889769579604275,0.009448847898021376,0.009448847898021376,0.004757798649281497,0.018897695796004393,0.004757798649276388,0.018720253848802458,1,3.835820550079916e-14,5.109627998489685e-15,0.0,4.4266673659976163e-14,1.583802533566825e-14,8.262487916077532e-14,2.0947653334157934e-14
475,3,4,17.684316589170574,3362.1189750820645,1.1417486190251993,0.36279122421805454,ok,,1.1417486190251958,0.5708743095125979,0.5708743095125979,0.36279122421809884,1.14174861902521,0.36279122421805854,0.6275199569044593,3,1.4210854715202004e-14,4.030109579389318e-14,0.0,3.552713678800501e-15,4.4297898682543746e-14,1.0658141036401503e-14,3.9968028886505635e-15
476,2,2,1.0476078087487548,3696632.3494260996,0.5821695217084535,0.16757178886694762,ok,,0.5821695216065264,0.2910847608032632,0.2910847608032632,0.16757178887034696,0.5821695216359012,0.16757178884294868,0.393043322123398,2,2.9374835897044704e-11,2.7398278090728923e-11,0.0,1.0192713340018145e-10,3.3993363679485356e-12,7.255229750313674e-11,2.3998941722780387e-11
477,2,3,3904834.008556583,1013419.3018614003,0.3591138066072054,0.09817364662185527,ok,,0.35911380653240954,0.17955690326620477,0.17955690326620477,0.09817364662215544,0.3591138065770857,0.0981736466130147,0.260272201760147,2,4.467615166703354e-11,9.14074371749507e-12,0.0,7.479583619129926e-11,3.001765502830267e-13,3.011968452426572e-11,8.840567167212043e-12
478,4,2,869778.1326922056,3.2723502152834256,2.2204682954616644,0.774480928636493,ok,,2.220468295460845,1.1102341477304225,1.1102341477304225,0.7744809286358088,2.2204682954599835,0.7744809286357954,0.8169389827738986,2,8.615330671091215e-13,1.3322676295501878e-14,0.0,8.193445921733655e-13,6.84230450076484e-13,1.680877659282487e-12,6.975531263719859e-13
479,1,3,1.0,42451.55936564121,1.079755266613957,0.3594578608278737,ok,,1.0797552666140489,0.5398776333070244,0.5398776333070244,0.35945786082827125,1.0797552666140184,0.3594578608278982,0.6603213538214356,1,3.042011087472929e-14,3.730349362740526e-13,0.0,9.192646643896296e-14,3.9757086511826856e-13,6.150635556423367e-14,2.453592884421596e-14
480,3,1,63077.63830958828,1.0,12.631768770598843,6.0282034017051105,ok,,12.63176874958068,6.31588437479034,6.31588437479034,6.028203394771488,12.631768781610754,6.028203407211055,0.9999967334258462,1,3.203007459262608e-08,1.2439566710042982e-08,0.0,2.101816320987382e-08,6.933622564986308e-09,1.101191138275226e-08,5.505944145056674e-09
481,1,5,1.0,1683900.8122361845,0.05792784605853885,0.014793504703755154,ok,,0.05792784605376422,0.02896392302688211,0.02896392302688211,0.01479350470525187,0.05792784605856708,0.014793504703762513,0.05628196204369081,1,4.802859498997947e-12,1.4893572486407436e-12,0.0,4.774632078596852e-12,1.4967159456258372e-12,2.8227420401094605e-14,7.358696985093616e-15
482,3,4,1263.7132459539832,469.2807210656425,1.4460637723379643,0.4384199258321142,ok,,1.446063772337979,0.7230318861689895,0.7230318861689895,0.4384199258321084,1.4460637723379623,0.4384199258321135,0.5289497182663158,3,1.6653345369377348e-14,5.051514762044462e-15,0.0,1.4654943925052066e-14,5.773159728050814e-15,1.9984014443252818e-15,7.216449660063518e-16
483,5,4,51.177910020585834,6.270278250167685,0.374617420791894,0.10186632816471719,ok,,0.3746174207918942,0.1873087103959471,0.1873087103959471,0.10186632816471786,0.37461742079189414,0.10186632816471723,0.25319850139198163,4,5.551115123125783e-17,6.245004513516506e-16,0.0,2.220446049250313e-16,6.661338147750939e-16,1.6653345369377348e-16,4.163336342344337e-17
484,1,1,1.0,1.0,0.7392123267105317,0.22962253502787508,ok,,0.7392123267105308,0.3696061633552654,0.3696061633552654,0.22962253502787466,0.7392123267105315,0.22962253502787502,0.5225101265451026,1,6.661338147750939e-16,3.608224830031759e-16,0.0,8.881784197001252e-16,4.163336342344337e-16,2.220446049250313e-16,5.551115123125783e-17
485,5,3,1.049691401207003,4.7726442171948475,0.3611216566970473,0.09593451239806773,ok,,0.36112165669704743,0.18056082834852372,0.18056082834852372,0.09593451239806772,0.3611216566970473,0.09593451239806773,0.180979130557673,3,1.1102230246251565e-16,1.3877787807814457e-17,0.0,1.1102230246251565e-16,1.3877787807814457e-17,0.0,0.0
486,3,3,4289.880975049225,53.0626016670654,0.4776345146247367,0.1286943264193935,ok,,0.47763451462473694,0.23881725731236847,0.23881725731236847,0.12869432641939405,0.4776345146247606,0.1286943264194005,0.25502083002630166,3,2.3647750424515834e-14,6.467049118441537e-15,0.0,2.220446049250313e-16,5.551115123125783e-16,2.3869795029440866e-14,7.022160630754115e-15
487,1,1,1.0,1.0,0.004540497420825179,0.0011370556531297693,ok,,0.004540497420824963,0.0022702487104124813,0.0022702487104124813,0.00113705565313027,0.004540497420825179,0.0011370556531297693,0.004530204945955191,1,2.1597307275911248e-16,5.006845632538059e-16,0.0,2.1597307275911248e-16,5.006845632538059e-16,0.0,0.0
488,1,4,1.0,6.600432597953252,0.10701469743611816,0.027808049273532365,ok,,0.10701469743611808,0.05350734871805904,0.05350734871805904,0.027808049273532198,0.10701469743611808,0.02780804927353234,0.10148753293632683,1,0.0,1.4224732503009818e-16,0.0,8.326672684688674e-17,1.6653345369377348e-16,8.326672684688674e-17,2.42861286636753e-17
489,2,2,3.952449420381585,189.45347797640284,0.38241698500526466,0.10703368831502032,ok,,0.3824169850052581,0.19120849250262906,0.19120849250262906,0.10703368831501736,0.3824169850052654,0.10703368831502054,0.3019844733633948,2,7.271960811294775e-15,3.1780134079895106e-15,0.0,6.5503158452884236e-15,2.9559688030644793e-15,7.216449660063518e-16,2.220446049250313e-16
490,2,2,37106032.542919084,1037.8676021548758,0.07708536330924425,0.019550178693999266,ok,,0.07708536327651627,0.038542681638258136,0.038542681638258136,0.01955017868596043,0.07708536329142007,0.019550178689424276,0.0410500861452353,2,1.4903800416021795e-11,3.463847264573161e-12,0.0,3.2727973109381026e-11,8.038836957213746e-12,1.782417269335923e-11,4.574989692640585e-12
491,5,1,26002129.023178943,1.0,0.03552177913443767,0.00899803640084337,ok,,0.03552177913498866,0.01776088956749433,0.01776088956749433,0.008998036400977405,0.035521779134469696,0.008998036400851587,0.03489828507891608,1,5.189668139671255e-13,1.2581775898912184e-13,0.0,5.509898093336574e-13,1.3403514409482398e-13,3.202299536653186e-14,8.217385105702135e-15
492,5,5,987585.8578422661,14893.363289844625,15.735024163715574,7.529011558685495,ok,,15.735000268377156,7.867500134188578,7.867500134188578,7.528985193105119,15.734997358521625,7.528998156090203,0.9999998189006103,5,2.9098555316409147e-06,1.2962985083575518e-05,0.0,2.389533841729019e-05,2.6365580375831144e-05,2.6805193948931105e-05,1.3402595292255626e-05
493,4,3,29.371864106899782,5622.220536035791,3.319584903266934,1.2050773064803604,ok,,3.319584903266733,1.6597924516333664,1.6597924516333664,1.2050773064810318,3.31958490326729,1.2050773064805185,0.8299218221714713,3,5.573319583618286e-13,5.133671265866724e-13,0.0,2.0117241206207837e-13,6.714628852932947e-13,3.561595462997502e-13,1.580957587066223e-13
494,4,4,2656.2126743789427,2027157.8623442552,0.423652766805001,0.11218370328429833,ok,,0.42365276684929576,0.21182638342464788,0.21182638342464788,0.1121837032801265,0.4236527667986876,0.11218370328252124,0.18876662733596072,4,5.060818430990821e-11,2.394737186328655e-12,0.0,4.4294734546923564e-11,4.1718295484827195e-12,6.3134497629846464e-12,1.7770923621540646e-12
495,2,3,1.801333948279066,34161.69613304132,0.01996986438771278,0.005014992579318477,ok,,0.01996986438818915,0.009984932194094576,0.009984932194094576,0.0050149925791669325,0.01996986438771293,0.005014992579318516,0.014430830123898343,2,4.76219758072105e-13,1.5158360677780536e-13,0.0,4.76372413737991e-13,1.5154457549959588e-13,1.5265566588595902e-16,3.903127820947816e-17
496,4,2,142352.5276375394,86610.07167094818,0.21597349291861925,0.0579726253524325,ok,,0.21597349294061718,0.10798674647030859,0.10798674647030859,0.05797262535190395,0.21597349291853402,0.05797262535240777,0.1891406329498807,2,2.2083168627062832e-11,5.03819208574896e-13,0.0,2.1997931254347236e-11,5.285494264484214e-13,8.523737271559639e-14,2.4730217873525362e-14
497,1,3,1.0,605534.1138475926,0.4395465434663502,0.12665104232215316,ok,,0.43954654347089983,0.21977327173544992,0.21977327173544992,0.1266510423207774,0.4395465434658382,0.1266510423219877,0.3556714701691755,1,5.061617791568551e-12,1.2103096302951144e-12,0.0,4.54963844376266e-12,1.3757606165398784e-12,5.119793478058909e-13,1.6545098624476395e-13
498,3,1,1.2244818909242945,1.0,0.03940325667673374,0.009995413808492285,ok,,0.03940325667673328,0.01970162833836664,0.01970162833836664,0.009995413808492337,0.03940325667673372,0.00999541380849228,0.03863704506095884,1,4.440892098500626e-16,5.724587470723463e-17,0.0,4.649058915617843e-16,5.204170427930421e-17,2.0816681711721685e-17,5.204170427930421e-18
499,4,3,205.75783331018476,618437.4995095953,0.42892118518744105,0.11624432897412922,ok,,0.42892118521494105,0.21446059260747052,0.21446059260747052,0.11624432897535453,0.42892118519150463,0.11624432897525044,0.2629036007793731,3,2.3436419471778436e-11,1.0408340855860843e-13,0.0,2.7500002275360202e-11,1.2253115189153618e-12,4.063582803581767e-12,1.1212281103567534e-12
500,1,4,1.0,23869.378030879267,0.05224882443012378,0.013315902360634483,ok,,0.052248824429834695,0.026124412214917347,0.026124412214917347,0.013315902360603094,0.05224882443012299,0.013315902360634277,0.0509073199856568,1,2.882971639195375e-13,3.1183389204159084e-14,0.0,2.8908819782458295e-13,3.1389821297800324e-14,7.91033905045424e-16,2.0643209364124004e-16
501,1,1,1.0,1.0,0.03389493556071213,0.008580830444412055,ok,,0.03389493556071255,0.016947467780356273,0.016947467780356273,0.008580830444413268,0.03389493556071213,0.008580830444412055,0.03332693773437277,1,4.163336342344337e-16,1.2125717097077882e-15,0.0,4.163336342344337e-16,1.2125717097077882e-15,0.0,0.0
502,5,3,660.2021954965113,2799.940263994612,0.5317871423111562,0.14878138618731113,ok,,0.5317871423111573,0.26589357115557866,0.26589357115557866,0.14878138618731995,0.5317871423111495,0.14878138618730924,0.34087366797342106,3,7.771561172376096e-15,1.071365218763276e-14,0.0,1.1102230246251565e-15,8.826273045769994e-15,6.661338147750939e-15,1.887379141862766e-15
503,3,3,8496.102892708368,90.6909473102713,0.10351333103186751,0.026387046498181955,ok,,0.10351333103186411,0.051756665515932054,0.051756665515932054,0.026387046498178357,0.10351333103186769,0.026387046498182,0.06167963029864343,3,3.58046925441613e-15,3.642919299551295e-15,0.0,3.400058012914542e-15,3.597816489175898e-15,1.8041124150158794e-16,4.5102810375396984e-17
504,1,1,1.0,1.0,16.592297665642775,8.008466781115656,ok,,16.59229766592421,8.296148832962105,8.296148832962105,8.008466782005101,16.592297665642775,8.008466781115656,0.999999937761849,1,2.814353194935393e-10,8.894449621266176e-10,0.0,2.814353194935393e-10,8.894449621266176e-10,0.0,0.0
505,1,3,1.0,5117996.897448565,0.7335440964463558,0.2275686231691533,ok,,0.7335440964084858,0.3667720482042429,0.3667720482042429,0.22756862316976312,0.7335440964456345,0.22756862316889218,0.5197959188832201,1,3.714861751547005e-11,8.709422072428197e-13,0.0,3.7869929414569015e-11,6.098177518509829e-13,7.213118990989642e-13,2.611244553918368e-13
506,2,3,93.89663369947236,4.879542508365993,0.29965293389086367,0.08246464964183864,ok,,0.29965293389086367,0.14982646694543184,0.14982646694543184,0.08246464964183975,0.2996529338908635,0.08246464964183858,0.2524175639931123,2,1.6653345369377348e-16,1.1657341758564144e-15,0.0,0.0,1.1102230246251565e-15,1.6653345369377348e-16,5.551115123125783e-17
507,4,4,90.43290681712489,33356.21688015507,1.0277420586990915,0.29695264604931393,ok,,1.0277420587000314,0.5138710293500157,0.5138710293500157,0.2969526460493075,1.0277420586992543,0.2969526460493691,0.460432747587086,4,7.771561172376096e-13,6.161737786669619e-14,0.0,9.399148126476575e-13,6.439293542825908e-15,1.6275869541004795e-13,5.517808432387028e-14
508,1,2,1.0,77038932.81352094,0.15103990375455692,0.03984442803755291,ok,,0.15103990546971957,0.07551995273485979,0.07551995273485979,0.039844427600233434,0.15103990392352473,0.03984442808439749,0.14018661195303614,1,1.5461948388306723e-09,4.84164056069325e-10,0.0,1.7151626507949658e-09,4.3731947924063874e-10,1.6896781196429345e-10,4.684457682868626e-11
509,3,3,7.560050653966001,184.8092854628849,1.3005054889784518,0.4020427772649682,ok,,1.3005054889784526,0.6502527444892263,0.6502527444892263,0.4020427772649695,1.300505488978452,0.4020427772649683,0.6094605997980764,3,6.661338147750939e-16,1.2212453270876722e-15,0.0,8.881784197001252e-16,1.3322676295501878e-15,2.220446049250313e-16,1.1102230246251565e-16
510,1,1,1.0,1.0,0.7084696040568528,0.21852881347825492,ok,,0.7084696040568526,0.3542348020284263,0.3542348020284263,0.2185288134782548,0.7084696040568528,0.21852881347825492,0.5076028162171274,1,2.220446049250313e-16,1.1102230246251565e-16,0.0,2.220446049250313e-16,1.1102230246251565e-16,0.0,0.0
511,3,4,301.1010586183238,1853837.037742208,0.41697703609325076,0.11244481900927183,ok,,0.4169770360916045,0.20848851804580226,0.20848851804580226,0.1124448190045273,0.41697703609600795,0.1124448190100792,0.2330856999523649,3,4.403422071419527e-12,5.551906157030828e-12,0.0,1.6462387009141821e-12,4.7445380957356065e-12,2.757183370505345e-12,8.073680612952217e-13
512,2,5,9213980.495660504,131749.5450607702,0.27790072775565167,0.07303238739343362,ok,,0.27790072775805275,0.13895036387902637,0.13895036387902637,0.0730323873949823,0.27790072776458363,0.07303238739590501,0.13935619398405755,2,6.530886942357483e-12,9.227063557659676e-13,0.0,2.401079335356826e-12,1.5486778526252465e-12,8.93196627771431e-12,2.471384208391214e-12
513,4,3,17.53364715346758,85580.98358323719,0.014238606481516527,0.0035714816277361526,ok,,0.014238606481736582,0.007119303240868291,0.007119303240868291,0.003571481627659523,0.014238606481516109,0.003571481627736048,0.010933935671235595,3,2.2047294545579632e-13,7.652515773837187e-14,0.0,2.200548770980859e-13,7.662967482779948e-14,4.180683577104105e-16,1.0451708942760263e-16
514,5,4,4033361.094184991,1.6722302720346343,0.32424208565105034,0.08495837006631902,ok,,0.3242420856497654,0.1621210428248827,0.1621210428248827,0.08495837006624463,0.3242420856561783,0.08495837006770122,0.1657931095536016,4,6.412870234839829e-12,1.4565987305203976e-12,0.0,1.284916617549925e-12,7.43988204376933e-14,5.127953617289904e-12,1.3821999100827043e-12
515,2,2,28678718.84553031,102069.84514248176,0.09905130667317741,0.025662811859309933,ok,,0.09905130667419071,0.049525653337095354,0.049525653337095354,0.025662811859712864,0.09905130666762067,0.025662811857820333,0.0940759973331706,2,6.570036181763328e-12,1.8925312705864172e-12,0.0,1.0133005545753804e-12,4.029311606590369e-13,5.5567356271879476e-12,1.4896001099273803e-12
516,2,5,2521.921361657566,32298.669298023062,11.541540027255046,5.459212402279274,ok,,11.541540022584805,5.770770011292402,5.770770011292402,5.45921240045072,11.541540025061634,5.45921240118258,0.9999892692697644,2,2.4768294082377906e-09,7.318607941897426e-10,0.0,4.670241082749271e-09,1.8285541969476071e-09,2.1934116745114807e-09,1.0966934027578645e-09
517,1,3,1.0,1145.0918059421574,0.22461360169587669,0.0607042017070493,ok,,0.22461360169585376,0.11230680084792688,0.11230680084792688,0.060704201707048266,0.22461360169587774,0.06070420170704961,0.20117517630950885,1,2.398081733190338e-14,1.3461454173580023e-15,0.0,2.2926105458509483e-14,1.033895191682177e-15,1.0547118733938987e-15,3.122502256758253e-16
518,3,4,1246.8168538236525,855776.7822195654,0.7191758332026996,0.2065130279437497,ok,,0.719175833210663,0.3595879166053315,0.3595879166053315,0.20651302793850856,0.7191758332027854,0.2065130279437756,0.4055810921471995,3,7.877587471227798e-12,5.267036806699821e-12,0.0,7.963407711031323e-12,5.241140854650439e-12,8.58202398035246e-14,2.5895952049381776e-14
519,4,2,110.61126494599355,55240.63962683133,1.8112591975013925,0.6117655843411887,ok,,1.8112591975004015,0.9056295987502008,0.9056295987502008,0.6117655843417698,1.8112591975013959,0.6117655843411891,0.7599083266321099,2,9.943157408542902e-13,5.806466418789569e-13,0.0,9.909850717804147e-13,5.810907310888069e-13,3.3306690738754696e-15,4.440892098500626e-16
520,1,1,1.0,1.0,0.29357228328509594,0.08107235063559827,ok,,0.293572283285096,0.146786141642548,0.146786141642548,0.08107235063559881,0.2935722832850958,0.08107235063559824,0.2544046731633431,1,1.6653345369377348e-16,5.689893001203927e-16,0.0,5.551115123125783e-17,5.412337245047638e-16,1.1102230246251565e-16,2.7755575615628914e-17
521,1,5,1.0,5708.718439213724,1.3924674823673515,0.4881208714980574,ok,,1.3924674823672998,0.6962337411836499,0.6962337411836499,0.48812087149807315,1.3924674823673493,0.4881208714980565,0.7515385266702546,1,4.951594689828198e-14,1.6653345369377348e-14,0.0,5.1736392947532295e-14,1.5765166949677223e-14,2.220446049250313e-15,8.881784197001252e-16
522,4,2,158.17182605043976,8762673.833140656,1.096441239006572,0.3398948293182989,ok,,1.0964412385550553,0.5482206192775276,0.5482206192775276,0.33989482915605684,1.0964412389645841,0.33989482930242143,0.5839824552951562,2,4.095288552719012e-10,1.4636458711692057e-10,0.0,4.5151682392940984e-10,1.6224205312553863e-10,4.1987968657508645e-11,1.5877466008618057e-11
523,4,4,4.66087545658344,6.073488615128306,1.7298013465885669,0.5401357174440728,ok,,1.7298013465885649,0.8649006732942824,0.8649006732942824,0.5401357174440733,1.7298013465885635,0.5401357174440715,0.5877362940668127,4,1.3322676295501878e-15,1.7763568394002505e-15,0.0,1.9984014443252818e-15,4.440892098500626e-16,3.3306690738754696e-15,1.3322676295501878e-15
524,5,1,2468638.806835606,1.0,0.044930815644744874,0.011420543293802068,ok,,0.04493081564484136,0.02246540782242068,0.02246540782242068,0.01142054329383857,0.044930815644923655,0.011420543293848253,0.04393637580968308,1,8.229528170033973e-14,9.683226442902537e-15,0.0,9.648531973383001e-14,3.6502051381503975e-14,1.7878060143416974e-13,4.618527782440651e-14
525,4,1,657.6347044996584,1.0,4.495879780227065e-09,1.1239699469517288e-09,ok,,4.495879224464261e-09,2.2479396122321305e-09,2.2479396122321305e-09,1.123970694294485e-09,4.495879780227068e-09,1.1239699469517296e-09,4.495879770120601e-09,1,5.557628070299423e-16,7.473427553131458e-16,0.0,5.557628037212199e-16,7.473427561403264e-16,3.308722450212111e-24,8.271806125530277e-25
526,1,5,1.0,57.399025803616446,0.028761935054788763,0.007267665929700554,ok,,0.028761935054788745,0.014380967527394373,0.014380967527394373,0.00726766592969863,0.028761935054788763,0.007267665929700554,0.028352247796345764,1,1.734723475976807e-17,1.923808334858279e-15,0.0,1.734723475976807e-17,1.923808334858279e-15,0.0,0.0
527,4,3,397.9533093471738,94388185.21279489,0.03401686723359638,0.008565299546630567,ok,,0.03401686406471427,0.017008432032357135,0.017008432032357135,0.008565299446972041,0.034016867336668054,0.008565299572836575,0.023919225259240045,3,3.271953784300674e-09,1.2586453407292808e-10,0.0,3.1688821081066187e-09,9.965852622306759e-11,1.0307167619405533e-10,2.620600784986049e-11
528,5,2,75684.56235450812,649918.6801604744,20.777373078380823,10.079009675791788,ok,,20.800528558156696,10.400264279078348,10.400264279078348,10.078975895091215,20.779837680321574,10.08024197676092,0.9999999989649311,2,0.020690877835122023,0.0012660816697049881,0.0,0.02315547977587329,3.3780700572805245e-05,0.0024646019407512654,0.001232300969132183
529,1,3,1.0,457096.17649870046,0.2627525936106708,0.07187363773540772,ok,,0.2627525936117703,0.13137629680588514,0.13137629680588514,0.0718736377353908,0.26275259361065995,0.0718736377354045,0.23106788750243554,1,1.110334046927619e-12,1.3711254354120683e-14,0.0,1.0994538612862925e-12,1.6930901125533637e-14,1.0880185641326534e-14,3.219646771412954e-15
530,3,3,2688834.589650593,3.560254637247583,2.023989408880394,0.6483029284686926,ok,,2.023989408885834,1.011994704442917,1.011994704442917,0.648302928466781,2.0239894088721053,0.648302928465438,0.7024185418193177,3,1.3728573833304836e-11,1.3429257705865894e-12,0.0,5.440092820663267e-12,1.911693026102057e-12,8.288481012641569e-12,3.2546187966886464e-12
531,2,3,284490.2601195649,2657932.387884159,0.06434765110430443,0.016451442440220194,ok,,0.064347651017572,0.032173825508786,0.032173825508786,0.01645144247206831,0.06434765110442775,0.016451442440252255,0.06073995123830673,2,8.685574481859248e-11,3.1816056733635634e-11,0.0,8.673242679613224e-11,3.184811789291864e-11,1.2331802246023926e-13,3.206115928300335e-14
532,1,1,1.0,1.0,0.17645734318220974,0.04694681479060191,ok,,0.17645734318220985,0.08822867159110492,0.08822867159110492,0.046946814790602476,0.1764573431822098,0.04694681479060192,0.16176546518961543,1,5.551115123125783e-17,5.551115123125783e-16,0.0,1.1102230246251565e-16,5.689893001203927e-16,5.551115123125783e-17,1.3877787807814457e-17
533,5,2,539.4253328492094,484608.70328377304,0.08893108416142845,0.022648907721267514,ok,,0.088931084151195,0.0444655420755975,0.0444655420755975,0.02264890769467076,0.08893108416125799,0.02264890772122327,0.058871791630930086,2,1.006299210626338e-11,2.6552510190569478e-11,0.0,1.0233452973906765e-11,2.659675257810079e-11,1.7046086764338497e-13,4.424238753131249e-14
534,2,2,49.16496626712272,21628.714933757266,0.19934346564059557,0.05291093930987507,ok,,0.19934346564048866,0.09967173282024433,0.09967173282024433,0.052910939309712024,0.1993434656402956,0.052910939309790246,0.1674325534877452,2,1.9306778398231472e-13,7.822215097874619e-14,0.0,1.0691447727140257e-13,1.6304319006010815e-13,2.999822612537173e-13,8.482103908136196e-14
535,4,3,29.272906934804933,48.437664510933224,0.5957635670278739,0.17393851340252087,ok,,0.5957635670278741,0.29788178351393707,0.29788178351393707,0.17393851340252287,0.595763567027874,0.1739385134025209,0.41628720074978687,3,1.1102230246251565e-16,1.970645868709653e-15,0.0,2.220446049250313e-16,1.9984014443252818e-15,1.1102230246251565e-16,2.7755575615628914e-17
536,2,4,4953.8551631592445,29.91462695568309,0.11229304044469252,0.02898533980263432,ok,,0.11229304044469246,0.05614652022234623,0.05614652022234623,0.028985339802634513,0.1122930404446928,0.028985339802634392,0.0937875333054523,2,3.3306690738754696e-16,1.214306433183765e-16,0.0,5.551115123125783e-17,1.942890293094024e-16,2.7755575615628914e-16,7.28583859910259e-17
537,1,2,1.0,31618.052448303435,0.00011414289422853924,2.8536944965176755e-05,ok,,0.00011414289452105209,5.707144726052604e-05,5.707144726052604e-05,2.8536945603896413e-05,0.00011414289422853525,2.8536944965175756e-05,0.00011413638017623043,1,2.9251683811726964e-13,6.387206573105902e-13,0.0,2.925128401217586e-13,6.387196578117125e-13,3.9979955110402976e-18,9.994988777600744e-19
538,3,4,17.21172498611933,31792.65328703477,1.946506966026304,0.7143280164283071,ok,,1.9465069660289003,0.9732534830144501,0.9732534830144501,0.7143280164288468,1.9465069660267935,0.7143280164285244,0.8436543652890139,3,2.106759211528697e-12,3.2240876635114546e-13,0.0,2.596367565388391e-12,5.396794122702886e-13,4.89608353859694e-13,2.1727064591914313e-13
539,2,3,4947.742577771754,27562554.81556084,0.187564950392677,0.04915743755949954,ok,,0.1875649504815433,0.09378247524077166,0.09378247524077166,0.04915743754409663,0.18756495034708368,0.04915743754741228,0.14254153243140955,2,1.344596378682894e-10,3.3156533074674144e-12,0.0,8.886630320503741e-11,1.5402915054529842e-11,4.5593334663251994e-11,1.2087261747062428e-11
540,4,5,57115705.30690901,84237.78243913854,20.767453888663233,10.017180124683552,ok,,20.749767130493645,10.374883565246822,10.374883565246822,10.016018302141937,20.746602550528532,10.006754455646275,0.9999999986342754,4,0.003164579965112324,0.00926384649566181,0.0,0.017686758169588757,0.0011618225416150096,0.02085133813470108,0.010425669037276819
541,5,5,1394757.2737170365,4960.2070947786815,3.005405483152939,0.9888007191717978,ok,,3.0054054831405392,1.5027027415702696,1.5027027415702696,0.9888007191682702,3.005405483155826,0.988800719172915,0.7655534499978017,5,1.5286882870668705e-11,4.6448400681242674e-12,0.0,1.2399858917433448e-11,3.5276226384439724e-12,2.887023953235257e-12,1.117217429680295e-12
542,2,2,1617.2121636617987,80561218.0011424,0.43125753951025925,0.12001751062576971,ok,,0.4312575370513878,0.2156287685256939,0.2156287685256939,0.12001751084037782,0.4312575387681216,0.12001751039430819,0.306873966015998,2,1.7167338106638397e-09,4.4606962568138897e-10,0.0,2.4588714397921763e-09,2.1460810906148708e-10,7.421376291283366e-10,2.3146151661990189e-10
543,5,5,78667382.02230375,294006.1421353703,1.991995667884659,0.6103041135729981,ok,,1.991995667027254,0.995997833513627,0.995997833513627,0.610304113076567,1.991995666593162,0.6103041131119551,0.5531188224958512,5,4.3409209560252293e-10,3.538813686532194e-11,0.0,8.574050358589602e-10,4.964311184352255e-10,1.2914971314614831e-09,4.6104298156990353e-10
544,1,5,1.0,5234912.196558566,0.1509280439268907,0.03981341714151034,ok,,0.15092804386199976,0.07546402193099988,0.07546402193099988,0.0398134171497313,0.15092804396361476,0.039813417151691,0.1400904278824463,1,1.0161499419680808e-10,1.9596962941292873e-12,0.0,6.489092596595469e-11,8.220958636062647e-12,3.672406823085339e-11,1.0180654930191935e-11
545,5,5,5.102091852238321,89538134.06955731,3.311261998937118,1.35066013889327,ok,,3.3112619892286794,1.6556309946143397,1.6556309946143397,1.350660136347007,3.3112619954716753,1.3506601372132327,0.9584573084738941,5,6.242995898020354e-09,8.662257577896071e-10,0.0,9.70843849756875e-09,2.546262978242453e-09,3.465442599548396e-09,1.6800372204528458e-09
546,5,5,20160.151960503765,191.84688770481998,3.917926079029642,1.4567206727830793,ok,,3.917926079026227,1.9589630395131135,1.9589630395131135,1.456720672780727,3.9179260790264405,1.456720672781556,0.941124164552472,5,2.1360690993788012e-13,8.291145547900669e-13,0.0,3.4150460237469815e-12,2.3523405445757817e-12,3.2014391138091014e-12,1.5232259897857148e-12
547,5,4,16791.20620753814,4.1816417281183345,0.44727068676621473,0.12168022139788764,ok,,0.447270686766214,0.223635343383107,0.223635343383107,0.12168022139788803,0.44727068676621445,0.12168022139788755,0.2583135965542148,4,4.440892098500626e-16,4.85722573273506e-16,0.0,7.216449660063518e-16,3.885780586188048e-16,2.7755575615628914e-16,9.71445146547012e-17
548,1,1,1.0,1.0,0.007729368999897164,0.0019379359511094555,ok,,0.007729368999897623,0.0038646844999488117,0.0038646844999488117,0.0019379359511086935,0.007729368999897164,0.0019379359511094555,0.007699574241642337,1,4.597017211338539e-16,7.619772868228125e-16,0.0,4.597017211338539e-16,7.619772868228125e-16,0.0,0.0
549,5,3,2660058.1066207876,60936.0222347922,1.427704178670019,0.4974743466098669,ok,,1.427704178675342,0.713852089337671,0.713852089337671,0.49747434661549317,1.4277041786892444,0.49747434661801254,0.7521954982292267,3,1.3902434758961135e-11,2.5193735986306365e-12,0.0,5.3228532692628505e-12,5.626277221892906e-12,1.9225288028223986e-11,8.145650820523542e-12
550,1,3,1.0,3452.4805583040243,0.31983215361554707,0.0890296982655198,ok,,0.3198321536155908,0.1599160768077954,0.1599160768077954,0.08902969826551166,0.3198321536155465,0.08902969826551964,0.27372907120660583,1,4.4297898682543746e-14,7.979727989493313e-15,0.0,4.374278717023117e-14,8.146261443187086e-15,5.551115123125783e-16,1.6653345369377348e-16
551,2,3,7.519164574351546,2.076819121810298,0.9823900782449538,0.2917971762513695,ok,,0.9823900782449546,0.4911950391224773,0.4911950391224773,0.29179717625136936,0.982390078244954,0.2917971762513696,0.49054796650981236,2,6.661338147750939e-16,2.220446049250313e-16,0.0,7.771561172376096e-16,1.6653345369377348e-16,1.1102230246251565e-16,5.551115123125783e-17
552,2,3,77.4971133498562,54053.116067282564,13.52348547863749,6.45078569993524,ok,,13.523485486166717,6.761742743083358,6.761742743083358,6.450785703843893,13.523485486316071,6.450785703774435,0.9999985251365999,2,1.4935430669993366e-10,6.94582169558089e-11,0.0,7.529227019631435e-09,3.9086529568521655e-09,7.678581326331368e-09,3.839194739896357e-09
553,3,3,3576765.7671925672,1997708.600402288,0.7622787108459619,0.20820326959602425,ok,,0.7622787146187306,0.3811393573093653,0.3811393573093653,0.20820326956501134,0.7622787108387343,0.20820326959383645,0.25872985898629475,3,3.779996315955714e-09,2.8825108966401558e-11,0.0,3.772768764065404e-09,3.101291445872789e-11,7.227551890309769e-12,2.1878054923263335e-12
554,3,5,14.444508886301003,2.0640413231676806,0.43631726225448997,0.11865203161636753,ok,,0.43631726225449036,0.21815863112724518,0.21815863112724518,0.11865203161636817,0.4363172622544899,0.11865203161636752,0.2552591181205732,3,4.440892098500626e-16,6.522560269672795e-16,0.0,3.885780586188048e-16,6.38378239159465e-16,5.551115123125783e-17,1.3877787807814457e-17
555,3,5,5.538617592772663,71592070.55240144,1.9047460804146255,0.6833365320426302,ok,,1.9047460796764932,0.9523730398382466,0.9523730398382466,0.6833365322816292,1.9047460806933982,0.683336532161068,0.8254833809270313,3,1.0169050046471284e-09,1.2056111664549007e-10,0.0,7.381322220112452e-10,2.3899893175638454e-10,2.7877278263588323e-10,1.1843781511089446e-10
556,2,1,34841.809256397646,1.0,0.038035516995658956,0.009643645677991898,ok,,0.03803551699569674,0.01901775849784837,0.01901775849784837,0.009643645677999135,0.03803551699565618,0.009643645677991183,0.03732125117293696,1,4.055783486833775e-14,7.951972413877684e-15,0.0,3.778227730677486e-14,7.237266341775239e-15,2.7755575615628914e-15,7.147060721024445e-16
557,3,2,6459594.784094574,1.1881226755037004,0.16744462755690415,0.044034386817550106,ok,,0.1674446275554461,0.08372231377772305,0.08372231377772305,0.04403438681725813,0.16744462755601044,0.04403438681730449,0.1424036806955822,2,5.643541189925827e-13,4.635875017200419e-14,0.0,1.458055898240218e-12,2.9197477768860836e-13,8.937017792476354e-13,2.4561602751660416e-13
558,2,5,83.68100828400857,10531.813355258364,0.48561392777427886,0.141684083884344,ok,,0.4856139277742797,0.24280696388713985,0.24280696388713985,0.1416840838843214,0.48561392777427403,0.1416840838843424,0.3846135624648779,2,5.662137425588298e-15,2.098321516541546e-14,0.0,8.326672684688674e-16,2.2593038551121936e-14,4.829470157119431e-15,1.609823385706477e-15
559,5,3,7.555099670062681,37.92589994228888,0.10986969804401722,0.027855594200640908,ok,,0.10986969804401636,0.05493484902200818,0.05493484902200818,0.02785559420064221,0.10986969804401732,0.027855594200640932,0.04291307191735486,3,9.575673587391975e-16,1.27675647831893e-15,0.0,8.604228440844963e-16,1.3010426069826053e-15,9.71445146547012e-17,2.42861286636753e-17
560,5,2,40881013.89508037,131984.7902957365,1.1262814331510071,0.3714541992556205,ok,,1.1262814337934017,0.5631407168967009,0.5631407168967009,0.3714541992358269,1.1262814331277966,0.37145419924637496,0.660718147968964,2,6.656051265707674e-10,1.0548062423509919e-11,0.0,6.42394581973349e-10,1.9793611194529603e-11,2.3210544597418448e-11,9.245548771019685e-12
561,3,5,6.294129614386293,107.82640554141165,0.4057633479772549,0.10827634269095834,ok,,0.4057633479772551,0.20288167398862755,0.20288167398862755,0.10827634269096276,0.4057633479772551,0.1082763426909584,0.2038558911338008,3,0.0,4.3576253716537394e-15,0.0,2.220446049250313e-16,4.413136522884997e-15,2.220446049250313e-16,5.551115123125783e-17
562,5,1,18601388.094026938,1.0,0.05659096041723644,0.014445136685641213,ok,,0.05659096041644884,0.02829548020822442,0.02829548020822442,0.014445136685211857,0.05659096041665796,0.014445136685490542,0.055019475236526595,1,2.0911744558205214e-13,2.7868506113915004e-13,0.0,7.8759915256299e-13,4.293562033685916e-13,5.784817069809378e-13,1.5067114222944156e-13
563,2,3,131.7193607202867,274488.9420074253,0.03823218043844061,0.009657717833896252,ok,,0.038232180450018305,0.019116090225009152,0.019116090225009152,0.009657717838810864,0.03823218043865453,0.009657717833950813,0.03160388561810468,2,1.136377797417154e-11,4.860051597277426e-12,0.0,1.1577697134335097e-11,4.914612120043849e-12,2.1391916016355594e-13,5.4560522766422537e-14
564,3,1,60075.25604896721,1.0,13.965498197724497,6.695067313316631,ok,,13.965497747371677,6.982748873685838,6.982748873685838,6.695067135925816,13.965497483647635,6.6950669562784055,0.9999991392807703,1,2.637240417158182e-07,1.796474107251811e-07,0.0,4.50352819925115e-07,1.7739081492607056e-07,7.140768616409332e-07,3.5703822565125165e-07
565,2,3,3172958.7117343405,54470774.292264,0.3059294613405801,0.08238484874653591,ok,,0.3059294613386756,0.1529647306693378,0.1529647306693378,0.08238484855402595,0.30592946130979304,0.08238484873770134,0.22119042779119966,2,2.888256300792591e-11,1.8367539433850055e-10,0.0,1.9044765764419935e-12,1.9250996630137962e-10,3.0787039584367903e-11,8.834571962879068e-12
566,5,3,336.06594954617685,3806535.1492179707,0.3343015334083732,0.08839690793927703,ok,,0.3343015334095112,0.1671507667047556,0.1671507667047556,0.0883969079172946,0.33430153341249497,0.08839690794044304,0.19109663354139791,3,2.9837798898313395e-12,2.3148441496978478e-11,0.0,1.1379786002407855e-12,2.1982429765365907e-11,4.121758490072125e-12,1.1660117316125707e-12
567,5,5,459823.5975125023,8776.704886111538,1.0082650486264144,0.29548372514252896,ok,,1.008265048626208,0.504132524313104,0.504132524313104,0.2954837251421605,1.0082650486265563,0.2954837251425737,0.4477990101756483,5,3.483879851273741e-13,4.1322500976548326e-13,0.0,2.0650148258027912e-13,3.6848302187308946e-13,1.41886502547095e-13,4.474198789239381e-14
568,5,5,5.054281164732101,26.2829127387714,0.7348337250978857,0.20896897089951877,ok,,0.7348337250978862,0.3674168625489431,0.3674168625489431,0.2089689708995186,0.7348337250978862,0.20896897089951896,0.3793005257611774,5,0.0,3.608224830031759e-16,0.0,5.551115123125783e-16,1.6653345369377348e-16,5.551115123125783e-16,1.942890293094024e-16
569,3,2,10426.00166299038,23.430934979058268,0.03276744618647401,0.008291403443084756,ok,,0.03276744618647376,0.01638372309323688,0.01638372309323688,0.008291403443084988,0.03276744618647383,0.008291403443084709,0.03214606798183945,2,6.938893903907228e-17,2.7929047963226594e-16,0.0,2.498001805406602e-16,2.3245294578089215e-16,1.8041124150158794e-16,4.683753385137379e-17
570,4,3,5055700.325830555,703.0120600161017,3.3326569932593073,1.1598044747311518,ok,,3.332656993255201,1.6663284966276004,1.6663284966276004,1.159804474730561,3.332656993255961,1.1598044747301373,0.8288781851380936,3,7.602807272633072e-13,4.2366110619695974e-13,0.0,4.106492923483529e-12,5.908606937055083e-13,3.346212196220222e-12,1.014521799902468e-12
571,5,1,2149.8336748520633,1.0,0.31310689636672007,0.08698141315318,ok,,0.31310689636672073,0.15655344818336037,0.15655344818336037,0.08698141315318075,0.31310689636672123,0.08698141315318035,0.2688282512121503,1,4.996003610813204e-16,4.0245584642661925e-16,0.0,6.661338147750939e-16,7.494005416219807e-16,1.1657341758564144e-15,3.469446951953614e-16
572,4,1,367355.35904186784,1.0,0.0591660046952476,0.015116436460109762,ok,,0.0591660046953173,0.02958300234765865,0.02958300234765865,0.015116436460127947,0.05916600469529023,0.015116436460120885,0.057449711604232304,1,2.7068625119142098e-14,7.062059270701582e-15,0.0,6.970118926474811e-14,1.818510619866487e-14,4.263256414560601e-14,1.1123046927963287e-14
573,4,3,1.7053139290851134,8.961532712245365,0.08594911056866214,0.02191454545650406,ok,,0.08594911056866242,0.04297455528433121,0.04297455528433121,0.02191454545650462,0.08594911056866215,0.021914545456504068,0.06375435053332322,3,2.636779683484747e-16,5.516420653606247e-16,0.0,2.7755575615628914e-16,5.585809592645319e-16,1.3877787807814457e-17,6.938893903907228e-18
574,3,5,427.3317850457728,15552.778960036867,0.026674666068758266,0.006734142972720256,ok,,0.02667466606867741,0.013337333034338705,0.013337333034338705,0.006734142972805834,0.02667466606875439,0.0067341429727192665,0.02613806687790371,3,7.698008896994679e-14,8.65679056216706e-14,0.0,8.085546121527898e-14,8.557824587862584e-14,3.875372245332187e-15,9.896597430447684e-16
575,2,5,741865.1277267516,129570.83961193048,0.10063308900905302,0.026091354869573806,ok,,0.10063308900677903,0.050316544503389515,0.050316544503389515,0.026091354870913186,0.10063308900902634,0.026091354869566635,0.0957199218636618,2,2.247313446446242e-12,1.3465513426513809e-12,0.0,2.2739865546128613e-12,1.3393799958016928e-12,2.6673108166619386e-14,7.17134684968812e-15
576,1,5,1.0,80777730.75006983,17.291448968207277,8.358042421962788,ok,,17.29063545881131,8.645317729405654,8.645317729405654,8.357129888839491,17.28954409299808,8.35708998437785,0.9999999690082282,1,0.0010913658132274406,3.990446164081618e-05,0.0,0.0008135093959680262,0.0009125331232961997,0.0019048752091954668,0.0009524375849370159
577,2,2,2346.016422987215,335169.9493149564,0.4549481374369546,0.13091604844052043,ok,,0.4549481374164701,0.22747406870823506,0.22747406870823506,0.13091604843898086,0.4549481374347996,0.13091604843982835,0.3592113194903878,2,1.8329504580805178e-11,8.474887458476132e-13,0.0,2.0484502982753838e-11,1.5395740238233202e-12,2.15499840194866e-12,6.92085277975707e-13
578,4,5,12333.345946177953,4909.424528406426,1.3420301888121362,0.39153952800020725,ok,,1.3420301888123198,0.6710150944061599,0.6710150944061599,0.3915395280002727,1.3420301888121697,0.391539528000218,0.4729705048371286,4,1.5010215292932116e-13,5.467848396278896e-14,0.0,1.836308882730009e-13,6.544764730165298e-14,3.352873534367973e-14,1.0769163338864018e-14
579,2,5,53.36289248927343,1440.598541288099,0.7116630946682196,0.21965776776552978,ok,,0.7116630946681917,0.35583154733409583,0.35583154733409583,0.21965776776554158,0.7116630946682185,0.21965776776552937,0.5090912952337903,2,2.6867397195928788e-14,1.2212453270876722e-14,0.0,2.7977620220553945e-14,1.1796119636642288e-14,1.1102230246251565e-15,4.163336342344337e-16
580,3,5,102.96501983332925,1368.1027689322502,0.3749867689905155,0.10513254474606255,ok,,0.3749867689905302,0.1874933844952651,0.1874933844952651,0.10513254474606892,0.3749867689905139,0.10513254474606208,0.30189215439538575,3,1.6264767310758543e-14,6.841749389252527e-15,0.0,1.4710455076283324e-14,6.369904603786836e-15,1.5543122344752192e-15,4.718447854656915e-16
581,2,5,7.116040096039009,99.85005088498337,2.1453850579497544,0.8145402407228239,ok,,2.1453850579497558,1.0726925289748779,1.0726925289748779,0.8145402407228248,2.145385057949756,0.8145402407228248,0.8779516180676283,2,4.440892098500626e-16,0.0,0.0,1.3322676295501878e-15,8.881784197001252e-16,1.7763568394002505e-15,8.881784197001252e-16
582,3,2,50.02341160661184,79.33098827062257,0.8959524293937488,0.2863130399300299,ok,,0.8959524293937455,0.44797621469687277,0.44797621469687277,0.2863130399300293,0.8959524293937495,0.28631303993003016,0.5867979675789804,2,3.9968028886505635e-15,8.326672684688674e-16,0.0,3.219646771412954e-15,5.551115123125783e-16,7.771561172376096e-16,2.7755575615628914e-16
583,1,2,1.0,1.205997189279552,0.13242030975047064,0.03471245417060599,ok,,0.1324203097504706,0.0662101548752353,0.0662101548752353,0.03471245417060631,0.13242030975047064,0.03471245417060599,0.12402726218911402,1,5.551115123125783e-17,3.191891195797325e-16,0.0,5.551115123125783e-17,3.191891195797325e-16,0.0,0.0
584,4,5,7477.070334504016,36517.016702403016,0.7290221065871376,0.2052402725785349,ok,,0.7290221065878715,0.36451105329393574,0.36451105329393574,0.20524027257859334,0.7290221065873226,0.20524027257859437,0.3516425469331265,4,5.488942633746774e-13,1.0269562977782698e-15,0.0,7.338574192772285e-13,5.845324224651449e-14,1.8496315590255108e-13,5.948019854429276e-14
585,3,4,36240100.33240408,524.3169241671264,0.11791176832643649,0.03064510993067396,ok,,0.11791176835060835,0.058955884175304174,0.058955884175304174,0.030645109935291792,0.1179117683410271,0.0306451099345825,0.10647640588933768,3,9.581252458090717e-12,7.092937348573969e-13,0.0,2.4171858958865755e-11,4.6178338930502605e-12,1.459060650077504e-11,3.908540158192864e-12
586,2,3,539481.0665030575,2568.73920886469,0.7315842824180678,0.2243362413062927,ok,,0.731584282418134,0.365792141209067,0.365792141209067,0.22433624130636254,0.7315842824180833,0.22433624130629667,0.5075033658240966,2,5.0737192225369654e-14,6.586398093588741e-14,0.0,6.616929226765933e-14,6.983302824892235e-14,1.5432100042289676e-14,3.969047313034935e-15
587,1,5,1.0,942515.9424686151,0.12094946146656439,0.031580982736319,ok,,0.12094946146450969,0.060474730732254844,0.060474730732254844,0.03158098273622034,0.1209494614665671,0.031580982736319735,0.1139212604186869,1,2.057409798084109e-12,9.939271627956714e-14,0.0,2.054703629461585e-12,9.865719352575297e-14,2.706168622523819e-15,7.355227538141662e-16
588,4,5,20.17209230208623,640.7925931023364,11.172977594291655,5.279789931712339,ok,,11.172977594170558,5.586488797085279,5.586488797085279,5.279789931670876,11.172977594174624,5.2797899316538235,0.9999848216119366,4,4.066080805387173e-12,1.7052137479822704e-11,0.0,1.2109779845559387e-10,4.1463721345280646e-11,1.170317176502067e-10,5.851585882510335e-11
589,3,2,209.1428251674957,2592705.9440778806,1.5407213802637854,0.48516375652328136,ok,,1.540721380118347,0.7703606900591735,0.7703606900591735,0.48516375655540855,1.5407213803675308,0.48516375655933325,0.6081213792016633,2,2.4918378471738833e-10,3.92469390320116e-12,0.0,1.454383280474758e-10,3.212718979739293e-11,1.0374545666991253e-10,3.605188370059409e-11
590,3,1,7.052522268334309,1.0,0.47201972482411386,0.13722247677151667,ok,,0.4720197248241149,0.23600986241205746,0.23600986241205746,0.13722247677151822,0.4720197248241143,0.13722247677151683,0.3762587903892402,1,6.106226635438361e-16,1.3877787807814457e-15,0.0,1.0547118733938987e-15,1.5543122344752192e-15,4.440892098500626e-16,1.6653345369377348e-16
591,1,1,1.0,1.0,0.04677177629164358,0.011896428311487656,ok,,0.04677177629164357,0.023385888145821786,0.023385888145821786,0.011896428311487517,0.04677177629164358,0.011896428311487656,0.04569483219643708,1,6.938893903907228e-18,1.3877787807814457e-16,0.0,6.938893903907228e-18,1.3877787807814457e-16,0.0,0.0
592,5,1,3.1033050079652718,1.0,0.044686165341608436,0.01135734837267052,ok,,0.04468616534160841,0.022343082670804204,0.022343082670804204,0.01135734837267055,0.0446861653416084,0.01135734837267051,0.04370244593969621,1,6.938893903907228e-18,3.9898639947466563e-17,0.0,2.7755575615628914e-17,3.122502256758253e-17,3.469446951953614e-17,8.673617379884035e-18
593,3,5,57.03192499463305,516309.21150898124,1.198377068958437,0.3546282915390795,ok,,1.1983770689580986,0.5991885344790493,0.5991885344790493,0.3546282915398242,1.1983770689582935,0.35462829153903075,0.5237055223323481,3,1.949551631241775e-13,7.934763956995994e-13,0.0,3.383959779057477e-13,7.44737604918555e-13,1.4344081478157023e-13,4.873879078104437e-14
594,1,1,1.0,1.0,0.39372108679573303,0.1119947272428368,ok,,0.3937210867957329,0.19686054339786646,0.19686054339786646,0.11199472724283699,0.3937210867957332,0.11199472724283684,0.32545783127661126,1,2.7755575615628914e-16,1.5265566588595902e-16,0.0,1.1102230246251565e-16,1.942890293094024e-16,1.6653345369377348e-16,4.163336342344337e-17
595,5,4,13706.906602164008,24667877.139452223,1.3946912226568782,0.4233801905998038,ok,,1.3946912227145924,0.6973456113572962,0.6973456113572962,0.423380190607598,1.3946912228375645,0.4233801906606188,0.5436587399539924,4,1.2297207696576606e-10,5.302080996472114e-11,0.0,5.771427780132399e-11,7.794209722078449e-12,1.8068635476709005e-10,6.081501968679959e-11
596,3,4,69662.06652264767,3.4878835764363996,3.866168883190074,1.3581079637162692,ok,,3.8661688831894416,1.9330844415947208,1.9330844415947208,1.3581079637159865,3.866168883192887,1.3581079637174531,0.834802943033089,3,3.4452440900167858e-12,1.4666046155298318e-12,0.0,6.323830348264892e-13,2.8266278206956486e-13,2.8128610551902966e-12,1.183941833460267e-12
597,3,5,2069.285724627828,983.4859401696257,0.18915850405698864,0.04908242791093033,ok,,0.18915850405700985,0.09457925202850492,0.09457925202850492,0.04908242791093098,0.1891585040569939,0.04908242791093176,0.11712202129314127,3,1.5959455978986625e-14,7.771561172376096e-16,0.0,2.120525977034049e-14,6.522560269672795e-16,5.245803791353865e-15,1.429412144204889e-15
598,3,1,8007244.5700679375,1.0,0.048765127939276516,0.012412405806788424,ok,,0.04876512793927823,0.024382563969639115,0.024382563969639115,0.012412405806788929,0.048765127939276516,0.012412405806788424,0.04759520329184332,1,1.7139067942650854e-15,5.048045315092509e-16,0.0,1.7139067942650854e-15,5.048045315092509e-16,0.0,0.0
599,2,1,1355.9745012923374,1.0,0.05513884931167343,0.014067111889288993,ok,,0.0551388493116729,0.02756942465583645,0.02756942465583645,0.014067111889289219,0.05513884931167346,0.014067111889289002,0.05364626173453514,1,5.620504062164855e-16,2.1684043449710089e-16,0.0,5.273559366969494e-16,2.255140518769849e-16,3.469446951953614e-17,8.673617379884035e-18
600,4,3,4.928194979386233,92.26186080477088,9.821938702853698,4.57908986767492,ok,,9.821938702857308,4.910969351428654,4.910969351428654,4.579089867676706,9.821938702857105,4.579089867676623,0.9999348454274073,3,2.0250467969162855e-13,8.348877145181177e-14,0.0,3.609557097661309e-12,1.7861268020169518e-12,3.4070524179696804e-12,1.70263803056514e-12
601,1,1,1.0,1.0,0.26562644205412556,0.07272491375852055,ok,,0.2656264420541256,0.1328132210270628,0.1328132210270628,0.07272491375852086,0.26562644205412556,0.07272491375852055,0.23327450958963375,1,5.551115123125783e-17,3.0531133177191805e-16,0.0,5.551115123125783e-17,3.0531133177191805e-16,0.0,0.0
602,5,2,12.966509867904875,31300392.181406032,1.0871768348996698,0.3283962048881599,ok,,1.08717683484584,0.54358841742292,0.54358841742292,0.32839620487835575,1.0871768348307596,0.32839620486421167,0.5318074027490292,2,1.5080381388088426e-11,1.41440748002708e-11,0.0,5.382982948276549e-11,9.804157485859832e-12,6.891021087085392e-11,2.3948232286130633e-11
603,5,3,165.26695402735035,361128.8170739627,1.974700573198566,0.7100695119173199,ok,,1.9747005731880938,0.9873502865940469,0.9873502865940469,0.7100695119174469,1.974700573200515,0.710069511918188,0.8334642411790127,3,1.2421175199506251e-11,7.41073868937292e-13,0.0,1.0472289702079252e-11,1.270095140171179e-13,1.9488854974269998e-12,8.680833829544099e-13
604,1,5,1.0,86.02937887421385,0.33663336424743023,0.09417772590425001,ok,,0.3366333642474315,0.16831668212371576,0.16831668212371576,0.09417772590424978,0.33663336424743023,0.09417772590425001,0.28582936760418465,1,1.27675647831893e-15,2.3592239273284576e-16,0.0,1.27675647831893e-15,2.3592239273284576e-16,0.0,0.0
605,4,1,766826.8348267972,1.0,0.1423904388960664,0.037452940309250796,ok,,0.14239043889594893,0.07119521944797447,0.07119521944797447,0.037452940309149696,0.14239043889538752,0.037452940309063605,0.13271743047649878,1,5.61412027977326e-13,8.609085666577698e-14,0.0,1.1746159600534156e-13,1.0109968417992832e-13,6.788736239826676e-13,1.871905408457053e-13
606,3,5,110497.619141794,44283514.03589995,2.9412819885693944,1.1366072230398219,ok,,2.941281989749731,1.4706409948748655,1.4706409948748655,1.1366072237792446,2.9412819881590333,1.1366072228510204,0.9279695598156676,3,1.5906977957058643e-09,9.282241641983546e-10,0.0,1.1803367172547041e-09,7.394227452550695e-10,4.103610784511602e-10,1.8880141894328517e-10
607,3,5,6.607054882581966,7297.4009574980755,2.3042107107154353,0.8874181909012476,ok,,2.3042107107154632,1.1521053553577316,1.1521053553577316,0.8874181909007843,2.3042107107147776,0.8874181909009413,0.8955107808662104,3,6.856737400084967e-13,1.5698553568199713e-13,0.0,2.7977620220553945e-14,4.632960681760778e-13,6.576961197879427e-13,3.063105324940807e-13
608,5,1,4.186328607376817,1.0,0.28681444392483413,0.07904228676302638,ok,,0.28681444392483435,0.14340722196241718,0.14340722196241718,0.07904228676302605,0.2868144439248345,0.0790422867630265,0.2493489962309081,1,1.6653345369377348e-16,4.579669976578771e-16,0.0,2.220446049250313e-16,3.3306690738754696e-16,3.885780586188048e-16,1.249000902703301e-16
609,4,5,8.708092265895472,31008.13765367869,1.0283730492866074,0.3060575285398892,ok,,1.0283730492868441,0.5141865246434221,0.5141865246434221,0.3060575285401379,1.0283730492868148,0.3060575285399614,0.5252621922228634,4,2.930988785010413e-14,1.765254609153999e-13,0.0,2.3669954885008337e-13,2.4868995751603507e-13,2.0738966099997924e-13,7.216449660063518e-14
610,4,2,13931.284242780293,339226.4597193772,0.07665497679393363,0.019645237129798657,ok,,0.07665497679095701,0.038327488395478504,0.038327488395478504,0.01964523714083377,0.07665497679469761,0.019645237129998848,0.06941792236031635,2,3.740605047930501e-12,1.0834923236391347e-11,0.0,2.976618951322507e-12,1.1035113794966023e-11,7.639860966079937e-13,2.001905585746755e-13
611,5,4,4560.535389041325,16524.629176250757,1.574481883036364,0.4728833796961409,ok,,1.5744818830362828,0.7872409415181414,0.7872409415181414,0.47288337969585204,1.5744818830362812,0.4728833796961148,0.5775348770839293,4,1.5543122344752192e-15,2.6278978992877455e-13,0.0,8.126832540256146e-14,2.8888003100746573e-13,8.282263763703668e-14,2.609024107869118e-14
612,2,1,3.951165828973437,1.0,10.332863487046726,4.878760519599099,ok,,10.332863487033826,5.166431743516913,5.166431743516913,4.878760519592513,10.33286348703308,4.878760519592276,0.9999674542409146,1,7.460698725481052e-13,2.3714363805993344e-13,0.0,1.2899903367724619e-11,6.585842982076429e-12,1.3645973240272724e-11,6.822986620136362e-12
613,5,4,112304.90569242525,61200762.29126301,0.8660661827582121,0.26142594687682863,ok,,0.8660661828958425,0.43303309144792124,0.43303309144792124,0.26142594665532837,0.8660661848213457,0.26142594762028154,0.520480506224947,4,1.925503201327672e-09,9.649531729216676e-10,0.0,1.37630351559892e-10,2.215002625760576e-10,2.063133552887564e-09,7.4345291034561e-10
614,4,4,147036.57845003018,34137255.20419111,0.011223031130029983,0.0028099290299681097,ok,,0.01122303064995478,0.00561151532497739,0.00561151532497739,0.002809929744555184,0.011223031130332455,0.002809929030043962,0.00508762242441765,4,4.803776751383104e-10,7.145112218900906e-10,0.0,4.800752035488687e-10,7.145870744088012e-10,3.02471589441744e-13,7.585251871056187e-14
615,5,5,3634179.8018404576,5999.552302527533,0.9161291571461846,0.2662276230544653,ok,,0.9161291571509773,0.45806457857548866,0.45806457857548866,0.2662276230559337,0.9161291571512757,0.2662276230560786,0.47143494984359097,5,2.984279490192421e-13,1.4488410471358293e-13,0.0,4.792721775004338e-12,1.4684364835204633e-12,5.09114972402358e-12,1.6133205882340462e-12
616,2,4,27672166.845125165,2.721306172896102,0.6550445198210267,0.18933869974718423,ok,,0.6550445199944963,0.32752225999724816,0.32752225999724816,0.1893386997564841,0.6550445196444862,0.189338699690409,0.41299390069158703,2,3.5001013198865394e-10,6.607508984401989e-11,0.0,1.7346957204011915e-10,9.29986643249947e-12,1.765405599485348e-10,5.6775223411520415e-11
617,2,4,29108907.679058652,3854.2680325057568,1.6176593342860235,0.5670001307981163,ok,,1.6176593390706593,0.8088296695353296,0.8088296695353296,0.5670001327173235,1.6176593367702492,0.567000131870091,0.7799715032538933,2,2.300410084643545e-09,8.472325063735298e-10,0.0,4.784635798671388e-09,1.919207237577325e-09,2.4842257140278434e-09,1.0719747312037953e-09
618,1,4,1.0,2343827.64884805,0.003454667251482466,0.0008647850490508156,ok,,0.0034546671750170788,0.0017273335875085394,0.0017273335875085394,0.0008647850586824823,0.003454667251472889,0.0008647850490484151,0.003448706754383958,1,7.645581043269623e-11,9.634067198519003e-12,0.0,7.646538740732622e-11,9.63166677490912e-12,9.576974629998958e-15,2.400423609882907e-15
619,2,5,10.688366980189665,22462.88429562569,0.5068733666656301,0.14024309367343438,ok,,0.5068733666648191,0.25343668333240954,0.25343668333240954,0.14024309367329924,0.5068733666655891,0.1402430936734216,0.30511313639239224,2,7.700506898800086e-13,1.2237433288930788e-13,0.0,8.110179194886769e-13,1.3514189767249718e-13,4.0967229608668276e-14,1.27675647831893e-14
620,4,1,157648.35866683556,1.0,1.7628945180017188,0.6493725675501717,ok,,1.7628945180017732,0.8814472590008866,0.8814472590008866,0.6493725675501918,1.7628945180017574,0.6493725675501889,0.828452403111164,1,1.5765166949677223e-14,2.886579864025407e-15,0.0,5.440092820663267e-14,2.0095036745715333e-14,3.863576125695545e-14,1.7208456881689926e-14
621,3,4,78.0844116771015,43164379.60280599,1.0845913433679926,0.3209625609163213,ok,,1.0845913433667578,0.5422956716833789,0.5422956716833789,0.32096256091306685,1.0845913433679022,0.3209625609162965,0.4859179314764946,3,1.1444178937836114e-12,3.2296387786345804e-12,0.0,1.2347900479880991e-12,3.2544522632349526e-12,9.037215420448774e-14,2.481348460037225e-14
622,5,5,7718912.8084869,1.7135536281748296,1.4276233143348342,0.4083299319083951,ok,,1.4276233143089883,0.7138116571544941,0.7138116571544941,0.40832993190297895,1.427623314336985,0.40832993190903777,0.4518316861826238,5,2.7996716056577498e-11,6.058820112286867e-12,0.0,2.5845992013273644e-11,5.416167514482595e-12,2.1507240433038533e-12,6.426525978042719e-13
623,1,1,1.0,1.0,0.0021700317548399893,0.000542949251315584,ok,,0.002170031754840096,0.001085015877420048,0.001085015877420048,0.0005429492513153722,0.0021700317548399893,0.000542949251315584,0.0021676789381348564,1,1.0668549377257364e-16,2.1185310450366757e-16,0.0,1.0668549377257364e-16,2.1185310450366757e-16,0.0,0.0
624,4,2,32375.58694857931,138056.43466304356,10.470929947167276,4.927684211119311,ok,,10.470929941085124,5.235464970542562,5.235464970542562,4.927684213732385,10.470929964533504,4.927684219802246,0.9999691985179893,2,2.3448379238288908e-08,6.069861058222159e-09,0.0,6.082151671193969e-09,2.6130742014629504e-09,1.736622756709494e-08,8.68293525968511e-09
625,1,1,1.0,1.0,0.0011022673077803978,0.00027568071163208924,ok,,0.0011022673077798473,0.0005511336538899236,0.0005511336538899236,0.00027568071163242003,0.0011022673077803978,0.00027568071163208924,0.0011016600343178857,1,5.505578631881392e-16,3.307900828253274e-16,0.0,5.505578631881392e-16,3.307900828253274e-16,0.0,0.0
626,5,1,481059.69921426784,1.0,2.1787680695995544,0.8387346668091729,ok,,2.178768069603775,1.0893840348018875,1.0893840348018875,0.8387346668101676,2.17876806960261,0.8387346668105897,0.8868191242476703,1,1.1648459974367142e-12,4.221067939624845e-13,0.0,4.220623850414995e-12,9.947598300641403e-13,3.055777852978281e-12,1.4168666240266248e-12
627,5,3,227.37440571213392,59669.55993643978,1.3751299155158685,0.44695973604254347,ok,,1.3751299155154566,0.6875649577577283,0.6875649577577283,0.446959736041733,1.3751299155155732,0.44695973604242945,0.6790214737927291,3,1.1657341758564144e-13,6.964429033473607e-13,0.0,4.118927421359331e-13,8.104628079763643e-13,2.9531932455029164e-13,1.1401990462900358e-13
628,2,4,5327214.252213956,4988.615787908509,0.009464469872507068,0.002373922328997145,ok,,0.00946446987410443,0.004732234937052215,0.004732234937052215,0.002373922329362621,0.009464469873140485,0.002373922329156576,0.00908336327252867,2,9.639459369603642e-13,2.0604525030609722e-13,0.0,1.5973628669785356e-12,3.6547587872748366e-13,6.334169300181713e-13,1.5943062842138644e-13
629,1,2,1.0,13940.398209019051,1.6502090960492592,0.5994609228603219,ok,,1.6502090960492577,0.8251045480246288,0.8251045480246288,0.5994609228603234,1.6502090960492644,0.5994609228603242,0.8079902440583705,1,6.661338147750939e-15,7.771561172376096e-16,0.0,1.5543122344752192e-15,1.4432899320127035e-15,5.10702591327572e-15,2.220446049250313e-15
630,1,5,1.0,22.219050480673186,0.020140371498717252,0.0050729933071289035,ok,,0.020140371498717335,0.010070185749358668,0.010070185749358668,0.005072993307129181,0.020140371498717242,0.005072993307128901,0.019938908993514665,1,9.367506770274758e-17,2.8015784137025435e-16,0.0,8.326672684688674e-17,2.7755575615628914e-16,1.0408340855860843e-17,2.6020852139652106e-18
631,1,1,1.0,1.0,0.17674475263647216,0.047027759029937596,ok,,0.1767447526364725,0.08837237631823625,0.08837237631823625,0.0470277590299395,0.17674475263647219,0.0470277590299376,0.16200634710228148,1,3.0531133177191805e-16,1.8943180357666733e-15,0.0,3.3306690738754696e-16,1.9012569296705806e-15,2.7755575615628914e-17,6.938893903907228e-18
632,2,2,15987508.167532176,269821.5159015758,0.5609600368528485,0.15874177556490576,ok,,0.5609600353482715,0.2804800176741358,0.2804800176741358,0.15874177539852408,0.5609600365387439,0.1587417754638691,0.3603784370275622,2,1.190472387335717e-09,6.5345034938602e-11,0.0,1.5045769075072712e-09,1.6638168620630722e-10,3.141045201715542e-10,1.0103665126770522e-10
633,5,4,139.2660929015381,1339453.7494494712,1.7223378973124173,0.5258772692760464,ok,,1.7223378973248895,0.8611689486624448,0.8611689486624448,0.5258772692685794,1.7223378972729986,0.5258772692615679,0.5804032043140853,4,5.1890935992560117e-11,7.011502489717714e-12,0.0,1.2472245458639009e-11,7.467026996721415e-12,3.941869053392111e-11,1.4478529486439129e-11
634,2,3,593020.1216332811,990900.8465183419,0.35371165441654984,0.09553889775994293,ok,,0.353711654413023,0.1768558272065115,0.1768558272065115,0.09553889775553515,0.35371165441671903,0.09553889775998636,0.23516918015075577,2,3.696043471279609e-12,4.45121717262964e-12,0.0,3.5268454823267348e-12,4.407779696791181e-12,1.6919798895287386e-13,4.343747583845925e-14
635,5,1,154581.24746617614,1.0,1.1128391974544716,0.37268442479219593,ok,,1.1128391974545124,0.5564195987272562,0.5564195987272562,0.3726844247921006,1.1128391974545424,0.37268442479222436,0.6713753948500781,1,2.9976021664879227e-14,1.237343560944737e-13,0.0,4.085620730620576e-14,9.531264666406969e-14,7.083222897108499e-14,2.842170943040401e-14
636,2,5,489.8764896025925,9297.350099772124,18.175569803353536,8.798903889092522,ok,,18.175570029003218,9.087785014501609,9.087785014501609,8.798903978367122,18.175570754541305,8.798904364686402,0.9999999871608447,2,7.255380864990002e-07,3.8631928056531706e-07,0.0,2.2564968205074365e-07,8.927460015684119e-08,9.511877685497439e-07,4.7559388072215825e-07
637,3,5,7576.3537710248775,4.39118868865247,2.522460235730982,0.9243647576130241,ok,,2.5224602357309585,1.2612301178654792,1.2612301178654792,0.9243647576130387,2.5224602357293193,0.924364757612266,0.8830602869520945,3,1.6391332735565811e-12,7.72715225139109e-13,0.0,2.353672812205332e-14,1.4654943925052066e-14,1.6626700016786344e-12,7.580602812140569e-13
638,4,3,96524530.0616074,2073.868270987456,0.5856510267994699,0.1616916963164341,ok,,0.5856510268625366,0.2928255134312683,0.2928255134312683,0.16169169633711888,0.585651026794615,0.16169169631497077,0.32371707442007785,3,6.792155726742521e-11,2.2148116674003404e-11,0.0,6.306666300304187e-11,2.0684787216396217e-11,4.854894264383347e-12,1.4633294576071876e-12
639,2,1,5248448.083122314,1.0,0.0682584317645204,0.017496420215726876,ok,,0.06825843176462043,0.034129215882310215,0.034129215882310215,0.017496420215719954,0.06825843176475309,0.01749642021578798,0.06598093781018304,1,1.326577736548984e-13,6.802544638695451e-14,0.0,1.000310945187266e-13,6.92154666914746e-15,2.32688868173625e-13,6.110389971780705e-14
640,2,2,20.750666034689477,1.199747425006403,0.6716318805590394,0.19612353640008093,ok,,0.67163188055904,0.33581594027952,0.33581594027952,0.1961235364000813,0.6716318805590402,0.1961235364000812,0.4324887239153654,2,2.220446049250313e-16,8.326672684688674e-17,0.0,5.551115123125783e-16,3.608224830031759e-16,7.771561172376096e-16,2.7755575615628914e-16
641,4,2,52087053.707730316,34012132.956783585,0.617820542144104,0.18618832274869632,ok,,0.6178205438210398,0.3089102719105199,0.3089102719105199,0.1861883228495289,0.6178205425661433,0.18618832289524262,0.45918607358186214,2,1.254896520030968e-09,4.571371059469698e-11,0.0,1.6769358124335554e-09,1.0083259227577912e-10,4.220392924025873e-10,1.465463028704761e-10
642,1,5,1.0,42187713.96549538,0.06449348945361776,0.016509109772116077,ok,,0.06449348933652388,0.03224674466826194,0.03224674466826194,0.01650910968470587,0.06449348945255552,0.016509109771837883,0.06245778184472763,1,1.1603164262741217e-10,8.71320134099296e-11,0.0,1.170938762617979e-10,8.741020754432505e-11,1.0622336343857341e-12,2.781941343954486e-13
643,1,1,1.0,1.0,0.22963674514862747,0.062161589351971115,ok,,0.22963674514862742,0.11481837257431371,0.11481837257431371,0.06216158935197069,0.2296367451486277,0.06216158935197118,0.2051777268836523,1,2.7755575615628914e-16,4.85722573273506e-16,0.0,5.551115123125783e-17,4.2327252813834093e-16,2.220446049250313e-16,6.245004513516506e-17
644,3,3,5022633.1578088775,79855.39164425044,0.39476777775903904,0.10629378563628944,ok,,0.394767777760598,0.197383888880299,0.197383888880299,0.10629378563596514,0.39476777775761257,0.10629378563588468,0.2243150084954983,3,2.985445224368277e-12,8.046341370970822e-14,0.0,1.5589751711786448e-12,3.2429614549300823e-13,1.4264700531896324e-12,4.0475955920271645e-13
645,3,1,270501.2277080632,1.0,0.0007229909230238876,0.00018079672946398368,ok,,0.0007229909230237475,0.00036149546151187373,0.00036149546151187373,0.0001807967294644719,0.0007229909230238692,0.00018079672946397907,0.0007227296280615708,1,1.2175590397012215e-16,4.92824097503286e-16,0.0,1.4018734090237572e-16,4.882162382702226e-16,1.8431436932253575e-17,4.607859233063394e-18
646,1,5,1.0,200044.27045771328,0.00022064266375839623,5.516522982035979e-05,ok,,0.0002206426627378022,0.0001103213313689011,0.0001103213313689011,5.516522686210834e-05,0.000220642663758557,5.5165229820399986e-05,0.00022061832395618762,1,1.0207547968769243e-12,2.9582916452326573e-12,0.0,1.020594036799799e-12,2.9582514484371124e-12,1.6076007712528817e-16,4.0196795544900077e-17
647,1,4,1.0,3.348395093597892,0.09537736640821046,0.024683540590621646,ok,,0.09537736640821042,0.04768868320410521,0.04768868320410521,0.02468354059062161,0.09537736640821039,0.02468354059062163,0.09097016758810564,1,2.7755575615628914e-17,1.734723475976807e-17,0.0,4.163336342344337e-17,3.469446951953614e-17,6.938893903907228e-17,1.734723475976807e-17
648,5,2,42582.325340244795,250658.75380081678,16.576273346466795,7.979071751437253,ok,,16.5760243162425,8.28801215812125,8.28801215812125,7.978958375049888,16.57598703446642,7.9789285954436675,0.9999999308900548,2,3.728177608053329e-05,2.977960622008169e-05,0.0,0.00024903022429612065,0.00011337638736552691,0.00028631200037665394,0.0001431559935856086
649,5,1,1546500.4501167694,1.0,0.4049779555556997,0.1155661916331244,ok,,0.40497795555639327,0.20248897777819663,0.20248897777819663,0.11556619163290716,0.404977955554579,0.11556619163276789,0.33300848584555914,1,1.8142709556911996e-12,1.3926360065141807e-13,0.0,6.935563234833353e-13,2.172428903435275e-13,1.1207146322078643e-12,3.565064909949456e-13
650,5,5,6.953693998122049,677673.751003629,2.4927990136637614,0.9480244091879252,ok,,2.4927990136601554,1.2463995068300777,1.2463995068300777,0.9480244091856065,2.49279901365915,0.9480244091858219,0.9014695675384619,5,1.0054179711005418e-12,2.1538326677728037e-13,0.0,3.6060043839825084e-12,2.3187007869296394e-12,4.61142235508305e-12,2.103317520152359e-12
651,3,4,48245.97952467946,50040998.36129658,3.933106510622036,1.500662921870281,ok,,3.933106522533274,1.966553261266637,1.966553261266637,1.5006629278134191,3.9331065165607693,1.5006629247414196,0.9504207671242423,3,5.972504713014359e-09,3.071999543635684e-09,0.0,1.1911237773887251e-08,5.943138203789999e-09,5.938733060872892e-09,2.8711386601543154e-09
652,2,3,905.4257426914024,38456877.218219034,0.19217586731137756,0.051357988410290115,ok,,0.19217586723382318,0.09608793361691159,0.09608793361691159,0.05135798832555727,0.19217586732059713,0.051357988412904974,0.1739583129315389,2,8.677394913725323e-11,8.73477054574856e-11,0.0,7.755437958500977e-11,8.47328457398433e-11,9.219569552243456e-12,2.614859717642304e-12
653,1,5,1.0,70222.99201462424,0.00611562297672215,0.0015324084980868657,ok,,0.006115622976746948,0.003057811488373474,0.003057811488373474,0.001532408498051474,0.006115622976722147,0.001532408498086865,0.006096960617889579,1,2.480134153604041e-14,3.539096099514083e-14,0.0,2.4798739450826446e-14,3.539161151644432e-14,2.6020852139652106e-18,6.505213034913027e-19
654,1,3,1.0,288001.0985883442,0.05145919501220995,0.013110917662657097,ok,,0.05145919500809182,0.02572959750404591,0.02572959750404591,0.01311091766388861,0.051459195012723,0.013110917662790248,0.0501575925212035,1,4.631184324921378e-12,1.0983627202199031e-12,0.0,4.1181294485603814e-12,1.231513155341979e-12,5.130548763609966e-13,1.331504351220758e-13
655,1,5,1.0,89.1401344378374,1.0494841615352721,0.34744338039181727,ok,,1.0494841615352737,0.5247420807676368,0.5247420807676368,0.34744338039182043,1.049484161535276,0.34744338039181877,0.6498816929722386,1,2.220446049250313e-15,1.6653345369377348e-15,0.0,1.5543122344752192e-15,3.164135620181696e-15,3.774758283725532e-15,1.4988010832439613e-15
656,3,2,731883.3253236801,56783786.11744224,0.00398292971548531,0.0009969081304129258,ok,,0.003982927855542329,0.0019914639277711643,0.0019914639277711643,0.0009969103027787085,0.0039829297217074495,0.0009969081319722926,0.003504549915207361,2,1.8661651208715102e-09,2.1708064159176726e-09,0.0,1.8599429817481306e-09,2.172365782702676e-09,6.222139123379655e-12,1.5593667850033466e-12
657,3,3,53169474.85887238,6.0153550496339205,1.5632445021788521,0.4734988894026646,ok,,1.5632445021080705,0.7816222510540353,0.7816222510540353,0.4734988894116663,1.5632445023156223,0.47349888945099305,0.5735051865938485,3,2.0755175356157451e-10,3.9326764067482145e-11,0.0,7.078160280116208e-11,9.00168828366077e-12,1.3677015076041243e-10,4.8328452351142914e-11
658,2,5,6.542471091960559,4918591.670810752,0.5704694702797459,0.16842450015199975,ok,,0.5704694701866933,0.2852347350933466,0.2852347350933466,0.16842450002974552,0.5704694702585266,0.16842450014484717,0.4234025513043649,2,7.183331707238949e-11,1.151016504330471e-10,0.0,9.305267667514272e-11,1.2225423451361905e-10,2.121935960275323e-11,7.152584080571955e-12
659,4,4,1.8521565368613566,247892.25143774113,2.054071956313833,0.6745464627313,ok,,2.0540719563128453,1.0270359781564227,1.0270359781564227,0.6745464627382871,2.05407195631295,0.674546462730888,0.7309927272923661,4,1.0480505352461478e-13,7.399081347614356e-12,0.0,9.876544027065393e-13,6.98707758317596e-12,8.828493491819245e-13,4.120037644383956e-13
660,2,3,831028.7040888082,2618559.3557643197,13.226538668334946,6.301289542246172,ok,,13.226543754938143,6.613271877469072,6.613271877469072,6.301289919772959,13.22653818304826,6.3012892996032,0.9999980064382309,2,5.5718898828160945e-06,6.201697591023958e-07,0.0,5.086603197312911e-06,3.775267867212051e-07,4.852866855031834e-07,2.426429723811907e-07
661,3,4,867680.9661478094,22.566545924746148,0.07555878811460692,0.01918448082726959,ok,,0.07555878811476294,0.03777939405738147,0.03777939405738147,0.019184480827317607,0.07555878811473699,0.019184480827302605,0.052818830827151705,3,2.5951463200613034e-14,1.5001888620247428e-14,0.0,1.5601409053545012e-13,4.801714581503802e-14,1.300626273348371e-13,3.301525719479059e-14
662,4,1,4186919.6015554424,1.0,0.670216513609168,0.20488504266380855,ok,,0.6702165136032483,0.33510825680162415,0.33510825680162415,0.20488504266707253,0.6702165136223136,0.2048850426684662,0.4884022020980932,1,1.90653048903755e-11,1.393662962811959e-12,0.0,5.919709167301335e-12,3.2639724256711133e-12,1.3145595723074166e-11,4.657635388483072e-12
663,2,1,1.7903897878808646,1.0,0.02619192499731487,0.0066120141377782335,ok,,0.02619192499731504,0.01309596249865752,0.01309596249865752,0.006612014137778122,0.0261919249973149,0.0066120141377782405,0.02585189170693943,1,1.4224732503009818e-16,1.1882855810441129e-16,0.0,1.700029006457271e-16,1.1188966420050406e-16,2.7755575615628914e-17,6.938893903907228e-18
664,3,4,352882.41304760013,30.949290098010696,0.02945272016949626,0.007395485098559522,ok,,0.029452720169539648,0.014726360084769824,0.014726360084769824,0.007395485098568244,0.029452720169531058,0.007395485098568293,0.015531518336132229,3,8.590350653037149e-15,4.85722573273506e-17,0.0,4.33889035811319e-14,8.722189637211386e-15,3.479855292809475e-14,8.770761894538737e-15
665,3,1,34782885.036015965,1.0,0.22552181352577638,0.06096739541682508,ok,,0.2255218135285797,0.11276090676428985,0.11276090676428985,0.0609673954176988,0.22552181352821835,0.06096739541753293,0.20190034911124596,1,3.613498389398728e-13,1.6586731987899839e-13,0.0,2.8033131371785203e-12,8.737177648043826e-13,2.4419632982386474e-12,7.078504449253842e-13
666,2,2,268.1834100649811,52876905.93380223,0.32863139313282896,0.08908516547182752,ok,,0.3286313931057627,0.16431569655288136,0.16431569655288136,0.08908516533772248,0.3286313932604528,0.08908516550784731,0.23838963562638127,2,1.546900940674334e-10,1.7012483088940655e-10,0.0,2.7066238139639154e-11,1.3410503263422413e-10,1.2762385592779424e-10,3.601979825518242e-11
667,4,4,43737.01149088177,8377872.786687468,0.22414046651475775,0.05876171696983295,ok,,0.22414046648930608,0.11207023324465304,0.11207023324465304,0.058761716975645584,0.2241404665172845,0.05876171697053462,0.15447772652243533,4,2.7978425132246798e-11,5.1109602661192355e-12,0.0,2.5451668550502404e-11,5.812635095470142e-12,2.5267565817443938e-12,7.016748293509067e-13
668,5,3,1772.1766993246433,2686208.4736711923,2.029153195147611,0.6714932601201817,ok,,2.029153195349651,1.0145765976748256,1.0145765976748256,0.6714932602091546,2.029153195193777,0.6714932601391542,0.707539421455393,3,1.5587398038974243e-10,7.000033885873336e-11,0.0,2.020401623781254e-10,8.89728291042502e-11,4.616618198838296e-11,1.8972490245516838e-11
669,3,1,5106332.505102418,1.0,0.018065264142433965,0.004546819479476093,ok,,0.01806526414244658,0.00903263207122329,0.00903263207122329,0.004546819479366082,0.01806526414201216,0.00454681947936922,0.017903065447127033,1,4.344198611949679e-13,3.138114768042044e-15,0.0,1.2614909117303341e-14,1.1001095867602118e-13,4.2180495207766455e-13,1.0687284390797913e-13
670,5,4,29579936.247993562,1968.6319345606591,0.02500436163321767,0.0062801216662893965,ok,,0.02500436163365194,0.01250218081682597,0.01250218081682597,0.006280121666297767,0.025004361633492997,0.006280121666358432,0.016837682136827736,4,1.5894230376289897e-13,6.066501467838492e-14,0.0,4.342706749760339e-13,8.370040771588094e-15,2.753283712131349e-13,6.903505544997302e-14
671,1,5,1.0,14.461659052272129,0.24885345679315382,0.06777548048935864,ok,,0.24885345679315368,0.12442672839657684,0.12442672839657684,0.06777548048935955,0.24885345679315396,0.06777548048935866,0.2203057760948925,1,2.7755575615628914e-16,8.881784197001252e-16,0.0,1.3877787807814457e-16,9.159339953157541e-16,1.3877787807814457e-16,2.7755575615628914e-17
672,1,5,1.0,35.29595573486493,18.820254517119597,9.12244518834337,ok,,18.820254502782888,9.410127251391444,9.410127251391444,9.122445208132195,18.820254583341693,9.122445221454418,0.9999999932939423,1,8.055880584834085e-08,1.3322223324507831e-08,0.0,1.4336709597273511e-08,1.978882480102584e-08,6.622209625106734e-08,3.311104812553367e-08
673,5,2,388.340179959857,31914416.791982945,0.006165568817040211,0.0015434210563976258,ok,,0.0061655690128663565,0.0030827845064331783,0.0030827845064331783,0.0015434207888453955,0.006165568817470072,0.001543421056505402,0.004224449237888023,2,1.9539628422216015e-10,2.6766000657194033e-10,0.0,1.9582614523006026e-10,2.6755223037078224e-10,4.2986100790010084e-13,1.0777620115809405e-13
674,1,2,1.0,33582732.52268078,1.511968255290116e-07,3.779920852542285e-08,ok,,1.5245014139964042e-07,7.622507069982021e-08,7.622507069982021e-08,3.7832372346002785e-08,1.5119682549710675e-07,3.779920851744664e-08,1.511968140668673e-07,1,1.2533159025336653e-09,3.316382855614778e-11,0.0,1.2533158706288194e-09,3.31638205799363e-11,3.190484591709291e-17,7.976211479273227e-18
675,1,4,1.0,22376.886521954897,0.2938023201766129,0.08114158233274618,ok,,0.29380232017654384,0.14690116008827192,0.14690116008827192,0.081141582332803,0.2938023201766129,0.08114158233274618,0.2545761678688475,1,6.905587213168474e-14,5.6815663285192386e-14,0.0,6.905587213168474e-14,5.6815663285192386e-14,0.0,0.0
676,4,4,45915909.996195495,20.07735735061538,1.8598968016277384,0.5426547774451559,ok,,1.8598968021728126,0.9299484010864063,0.9299484010864063,0.5426547776333006,1.8598967999691933,0.5426547769006456,0.4555695259827314,4,2.2036192870444893e-09,7.326550477415594e-10,0.0,5.450742079915472e-10,1.881447220242194e-10,1.6585450790529421e-09,5.4451032571734e-10
677,3,1,3106.6927864504146,1.0,0.846602765763743,0.26923761630976073,ok,,0.8466027657636683,0.42330138288183417,0.42330138288183417,0.2692376163097223,0.8466027657636773,0.2692376163097361,0.5711305701752384,1,8.992806499463768e-15,1.3766765505351941e-14,0.0,7.471800955727304e-14,3.8413716652030416e-14,6.572520305780927e-14,2.4646951146678475e-14
678,4,2,10181.69294883686,72732079.6104371,0.028930334734201826,0.007295208170616368,ok,,0.02893033461819261,0.014465167309096305,0.014465167309096305,0.007295208746341153,0.028930334735349377,0.007295208170904108,0.02537056937380245,2,1.1715676692669597e-10,5.754370452359936e-10,0.0,1.1600921612231474e-10,5.757247846863156e-10,1.1475508043812255e-12,2.87739450322011e-13
679,2,3,2575936.087045126,694730.0680159248,1.018837051259191,0.32466105382042976,ok,,1.01883705127557,0.509418525637785,0.509418525637785,0.3246610538392063,1.0188370512592604,0.3246610538204471,0.6082499850579731,2,1.63096203209534e-11,1.8759216402486345e-11,0.0,1.637889823769001e-11,1.8776535881670497e-11,6.927791673660977e-14,1.7319479184152442e-14
680,5,3,19456.190780578403,27870792.90970462,0.7246334408959427,0.22423060959728938,ok,,0.7246334408955866,0.3623167204477933,0.3623167204477933,0.22423060959763585,0.7246334408959169,0.22423060959727995,0.5149863592512212,3,3.3029134982598407e-13,3.5590974611920956e-13,0.0,3.561595462997502e-13,3.4647285040989573e-13,2.5868196473766147e-14,9.43689570931383e-15
681,4,2,4716633.206403722,15285.626408803557,0.06869502193609951,0.017563157259244372,ok,,0.06869502193572785,0.034347510967863926,0.034347510967863926,0.01756315725810964,0.06869502193516372,0.017563157258999325,0.06262693227708523,2,5.641320743876577e-13,8.896841596772731e-13,0.0,3.7166103528107897e-13,1.1347311978937569e-12,9.357931096687366e-13,2.4504703821648377e-13
682,3,4,48715909.108180985,852336.7096972208,0.43654989479254797,0.12121851578934048,ok,,0.43654989519480036,0.21827494759740018,0.21827494759740018,0.12121851577904064,0.43654989459360405,0.12121851572728726,0.30551732665274534,3,6.011963149532562e-10,5.175337935980906e-11,0.0,4.022523980573567e-10,1.0299844310779349e-11,1.9894391689589952e-10,6.205322367058841e-11
683,5,4,802.9598879014276,1.388799093345967,0.2560118721893654,0.06625232847860707,ok,,0.25601187218936666,0.12800593609468333,0.12800593609468333,0.06625232847860918,0.25601187218936633,0.06625232847860732,0.1278484289581025,4,3.3306690738754696e-16,1.8596235662471372e-15,0.0,1.27675647831893e-15,2.1094237467877974e-15,9.43689570931383e-16,2.498001805406602e-16
684,4,5,4.439744800566718,111.59313045468926,21.91384130961143,10.632349772973237,ok,,21.913840136198903,10.956920068099452,10.956920068099452,10.632350166973257,21.913840682795428,10.632349459565235,0.9999999996457578,4,5.465965244866311e-07,7.074080219382495e-07,0.0,1.1734125280327135e-06,3.940000201652083e-07,6.268160035460824e-07,3.134080017730412e-07
685,5,1,316249.96250246273,1.0,0.18865748909238975,0.050395164363368695,ok,,0.18865748909239288,0.09432874454619644,0.09432874454619644,0.050395164363362,0.1886574890923695,0.05039516436336296,0.17192991883663203,1,2.3370194668359545e-14,9.575673587391975e-16,0.0,3.1363800445660672e-15,6.696032617270475e-15,2.0233814623793478e-14,5.738465258531278e-15
686,2,5,6.894668046339614,2.346037901976295,0.003276259931328797,0.0008199004124732392,ok,,0.003276259931328754,0.001638129965664377,0.001638129965664377,0.0008199004124733733,0.003276259931328799,0.0008199004124732396,0.0029657674003714706,2,4.5102810375396984e-17,1.336821278674627e-16,0.0,4.336808689942018e-17,1.341158087364569e-16,1.734723475976807e-18,4.336808689942018e-19
687,1,3,1.0,3678.478864549306,1.6174068998437843,0.585063693067666,ok,,1.6174068998435187,0.8087034499217594,0.8087034499217594,0.5850636930676214,1.6174068998436448,0.5850636930676049,0.8015874638412764,1,1.2612133559741778e-13,1.6542323066914832e-14,0.0,2.6556534749033744e-13,4.463096558993129e-14,1.3944401189291966e-13,6.117328865684613e-14
688,2,5,72150.88608149863,4071973.915601169,2.2779438864448998,0.8815085242044622,ok,,2.2779438864619754,1.1389719432309877,1.1389719432309877,0.8815085242165752,2.2779438864414314,0.881508524202869,0.8958852217357485,2,2.0544010936873747e-11,1.370625835050987e-11,0.0,1.7075674207944758e-11,1.2112977287870308e-11,3.468336728928989e-12,1.5932810626395622e-12
689,3,5,859947.4081872777,170441.3135718357,0.09152576705702847,0.02322248430973831,ok,,0.09152576705793969,0.045762883528969844,0.045762883528969844,0.02322248430963736,0.09152576705774296,0.023222484309920677,0.052775032682488496,3,1.9673151996357774e-13,2.833185075434841e-13,0.0,9.112155474610972e-13,1.0095049796099431e-13,7.144840274975195e-13,1.8236800958248978e-13
690,3,3,3506.9980808149567,6534377.572132049,0.2884973885521165,0.07568655249517664,ok,,0.28849738854912843,0.14424869427456422,0.14424869427456422,0.07568655249598155,0.2884973885525118,0.07568655249527866,0.13060830349543331,3,3.3833491563939333e-12,7.028960746779944e-13,0.0,2.9880542484761463e-12,8.049116928532385e-13,3.95294907917787e-13,1.0201561817524407e-13
691,3,2,32.181129556808365,14.024329461258208,0.605821068699552,0.1818310656189775,ok,,0.605821068699552,0.302910534349776,0.302910534349776,0.1818310656189781,0.605821068699552,0.18183106561897752,0.45150346146216586,2,0.0,5.828670879282072e-16,0.0,0.0,6.106226635438361e-16,0.0,2.7755575615628914e-17
692,3,5,17206.791594827464,5116751.30393259,2.02188466493567,0.7386383154646766,ok,,2.021884664973771,1.0109423324868856,1.0109423324868856,0.7386383154715217,2.021884664966865,0.7386383154786986,0.8468902437343758,3,6.906031302378324e-12,7.176925720386862e-12,0.0,3.810107784829597e-11,6.845080058326403e-12,3.119504654591765e-11,1.4022005778713265e-11
693,1,1,1.0,1.0,0.18296216159266812,0.048782239369545635,ok,,0.18296216159266826,0.09148108079633413,0.09148108079633413,0.04878223936954584,0.18296216159266812,0.048782239369545635,0.1672003330460559,1,1.3877787807814457e-16,2.0816681711721685e-16,0.0,1.3877787807814457e-16,2.0816681711721685e-16,0.0,0.0
694,1,2,1.0,1.0981990214339543,1.1371732261716982,0.382475190868537,ok,,1.137173226171698,0.568586613085849,0.568586613085849,0.3824751908685369,1.1371732261716976,0.3824751908685367,0.6792756431572043,1,4.440892098500626e-16,1.6653345369377348e-16,0.0,2.220446049250313e-16,1.1102230246251565e-16,6.661338147750939e-16,2.7755575615628914e-16
695,4,2,67798202.03001906,6.116190216090315,0.41710272548087224,0.11223413107236667,ok,,0.41710272552037836,0.20855136276018918,0.20855136276018918,0.11223413108301905,0.41710272552328864,0.11223413108451023,0.2068131766475849,2,2.910283125601154e-12,1.4911821777374712e-12,0.0,3.950612059711034e-11,1.065238175446126e-11,4.241640372271149e-11,1.2143563932198731e-11
696,2,2,661281.7978690699,2691.9904520537243,10.595302357446025,5.0089463401261884,ok,,10.595302595913834,5.297651297956917,5.297651297956917,5.008946442314107,10.595301757305428,5.0089460400609465,0.9999748630273567,2,8.386084058287224e-07,4.0225316055853e-07,0.0,2.3846780905500964e-07,1.0218791857141696e-07,6.001405967737128e-07,3.0006524198711304e-07
697,2,2,34151.26168666344,36253915.513648294,0.1083870996721778,0.028167050518340262,ok,,0.10838709905706523,0.054193549528532614,0.054193549528532614,0.028167050498025592,0.1083870996033885,0.02816705049978985,0.10221495047937984,2,5.463232782831895e-10,1.7642588778787882e-12,0.0,6.151125719888739e-10,2.0314670085008757e-11,6.878929370568443e-11,1.855041120712997e-11
698,4,4,61641982.37224155,12.381977674080145,0.3962450796256025,0.10398639057163121,ok,,0.3962450797530208,0.1981225398765104,0.1981225398765104,0.10398639057835979,0.39624507966862893,0.1039863905835698,0.15050765693628584,4,8.43918823711931e-11,5.210012976597511e-12,0.0,1.274182981347849e-10,6.7285760296798e-12,4.3026415763591785e-11,1.1938589006277311e-11
699,3,1,50565.9713525173,1.0,2.934953981242462,1.1973509598503078,ok,,2.9349539812377765,1.4674769906188883,1.4674769906188883,1.1973509598475847,2.934953981216652,1.197350959837852,0.9468668356262813,1,2.112443553414778e-11,9.732659123073972e-12,0.0,4.685585253128011e-12,2.723155034800584e-12,2.581002078727579e-11,1.2455814157874556e-11
700,3,1,4114.956931461133,1.0,0.25652216642533116,0.0700327027597544,ok,,0.2565221664253281,0.12826108321266405,0.12826108321266405,0.07003270275975382,0.25652216642533004,0.07003270275975407,0.22626215663274724,1,1.942890293094024e-15,2.498001805406602e-16,0.0,3.0531133177191805e-15,5.828670879282072e-16,1.1102230246251565e-15,3.3306690738754696e-16
701,5,5,36695.515664681734,6437398.005965711,0.6698516036485482,0.1858685113117798,ok,,0.6698516036569053,0.33492580182845266,0.33492580182845266,0.18586851124190407,0.6698516036385241,0.18586851130871762,0.2791786457963345,5,1.838118546260148e-11,6.681355468884931e-11,0.0,8.357092795563403e-12,6.98757440797948e-11,1.0024092667038076e-11,3.062189390945491e-12
702,1,3,1.0,8224.59487263591,0.007810468530628111,0.001958328754781283,ok,,0.007810468530659698,0.003905234265329849,0.003905234265329849,0.0019583287551006023,0.007810468530627933,0.0019583287547812384,0.0077800460773571195,1,3.1764521568611315e-14,3.1936389296993717e-13,0.0,3.158671241232369e-14,3.1931922384043077e-13,1.7780915628762273e-16,4.466912950640278e-17
703,5,5,13835.871731392011,1401704.8459075694,1.1327240481498466,0.3360510181731541,ok,,1.1327240481642642,0.5663620240821321,0.5663620240821321,0.3360510181804406,1.1327240481528726,0.3360510181741334,0.4922752816569824,5,1.1391554366468881e-11,6.307177002895514e-12,0.0,1.4417578242387208e-11,7.286504732917365e-12,3.0260238759183267e-12,9.793277300218506e-13
704,4,3,59774388.771181904,87.56167002828434,0.29618559158297014,0.0793335558683782,ok,,0.2961855915662085,0.14809279578310425,0.14809279578310425,0.07933355586335633,0.29618559157695606,0.07933355586669875,0.21233416275960007,3,1.0747569501035059e-11,3.3424235601486885e-12,0.0,1.6761647625429532e-11,5.0218718072869706e-12,6.014078124394473e-12,1.6794482471382821e-12
705,5,4,147650.5846976611,14543.602237039746,1.4872683787980197,0.4515837224431174,ok,,1.487268378797821,0.7436341893989105,0.7436341893989105,0.45158372244305856,1.487268378798003,0.45158372244311795,0.5762573650296378,4,1.8207657603852567e-13,5.939693181744587e-14,0.0,1.9872992140790302e-13,5.88418203051333e-14,1.6653345369377348e-14,5.551115123125783e-16
706,3,1,1142010.601016258,1.0,0.008249087336584087,0.002068642506568056,ok,,0.00824908733658214,0.00412454366829107,0.00412454366829107,0.00206864250656702,0.008249087336583822,0.002068642506567989,0.008215156977904661,1,1.6826817716975029e-15,9.688430613330468e-16,0.0,1.9480944635219544e-15,1.036063596027148e-15,2.654126918244515e-16,6.722053469410127e-17
707,4,5,87.63201366796854,3164.021483621374,0.6820641543526738,0.18996992560762757,ok,,0.6820641543526635,0.34103207717633177,0.34103207717633177,0.18996992560761594,0.6820641543526799,0.1899699256076294,0.33968896805892845,4,1.63202784619898e-14,1.3461454173580023e-14,0.0,1.021405182655144e-14,1.1629586182948515e-14,6.106226635438361e-15,1.8318679906315083e-15
708,1,4,1.0,4780.340143427765,12.465326383263461,5.944982405224468,ok,,12.465326383395002,6.232663191697501,6.232663191697501,5.944982405064854,12.465326381536892,5.944982404361186,0.999996141863957,1,1.8581101102199682e-09,7.036682347916212e-10,0.0,1.3154100031442795e-10,1.596136556258898e-10,1.7265691099055402e-09,8.63281890417511e-10
709,5,3,13645.815669493095,16056.032921877328,0.1016763621661951,0.02622297903158475,ok,,0.1016763621665473,0.05083818108327365,0.05083818108327365,0.02622297903165638,0.10167636216618589,0.026222979031582362,0.08872549577149866,3,3.614053500911041e-13,7.40171812729784e-14,0.0,3.521904989867153e-13,7.163020177003432e-14,9.2148511043888e-15,2.3869795029440866e-15
710,1,4,1.0,7610773.650298991,0.007878137429833735,0.0019753453121511256,ok,,0.007878137496031279,0.0039390687480156394,0.0039390687480156394,0.0019753452635487,0.007878137429838663,0.001975345312152365,0.007847186237737993,1,6.619261562479384e-11,4.860366492956403e-11,0.0,6.619754397418909e-11,4.860242546964044e-11,4.928349395250109e-15,1.2394599235854287e-15
711,3,1,35081.75397668461,1.0,0.2686918109472164,0.07363439664770445,ok,,0.2686918109472698,0.1343459054736349,0.1343459054736349,0.073634396647702,0.2686918109471754,0.07363439664769228,0.23562120747254098,1,9.43689570931383e-14,9.71445146547012e-15,0.0,5.340172748447003e-14,2.456368441983159e-15,4.0967229608668276e-14,1.2170819907453279e-14
712,4,4,660776.4468897281,416.0155185775146,0.6767182353056598,0.18223660856315035,ok,,0.6767182353057213,0.33835911765286064,0.33835911765286064,0.1822366085635414,0.6767182353069151,0.1822366085635075,0.22721397901864573,4,1.1938228183794308e-12,3.3889557826682903e-14,0.0,6.150635556423367e-14,3.9104830484859576e-13,1.2553291739436645e-12,3.5715874702191286e-13
713,2,3,52246538.07734695,1382202.6958799586,1.2813196977480172,0.41536856452308946,ok,,1.2813197045648614,0.6406598522824307,0.6406598522824307,0.41536856473335204,1.2813196954653339,0.4153685636107234,0.6657356010457263,2,9.099527575884281e-09,1.122628656702318e-09,0.0,6.816844200230321e-09,2.1026258512080176e-10,2.28268337565396e-09,9.123660715815163e-10
714,2,3,131.7479849932196,459.67138119271635,0.4515500565693288,0.12984391086091995,ok,,0.45155005656933156,0.22577502828466578,0.22577502828466578,0.12984391086092195,0.4515500565693298,0.12984391086092023,0.35728108208020476,2,1.7763568394002505e-15,1.7208456881689926e-15,0.0,2.7755575615628914e-15,1.9984014443252818e-15,9.992007221626409e-16,2.7755575615628914e-16
715,1,1,1.0,1.0,6.778956051504819e-07,1.6947394436972044e-07,ok,,6.778956054276364e-07,3.389478027138182e-07,3.389478027138182e-07,1.6947394443356245e-07,6.778956051504819e-07,1.6947394436972044e-07,6.778953753793081e-07,1,2.771544742975274e-16,6.384201143507949e-17,0.0,2.771544742975274e-16,6.384201143507949e-17,0.0,0.0
716,4,3,9.270224174770952,5184.062724005436,1.2077426288324595,0.3971418728645673,ok,,1.2077426288325976,0.6038713144162988,0.6038713144162988,0.39714187286478353,1.2077426288323896,0.3971418728645394,0.6713165203619289,3,2.0805579481475434e-13,2.441380431150719e-13,0.0,1.3811174426336947e-13,2.1621593404574924e-13,6.994405055138486e-14,2.7922109069322687e-14
717,3,1,1.0172078050712676,1.0,1.058174295243787,0.35088377369212215,ok,,1.058174295243787,0.5290871476218935,0.5290871476218935,0.350883773692122,1.0581742952437851,0.3508837736921214,0.652911085894773,1,1.7763568394002505e-15,5.551115123125783e-16,0.0,0.0,1.6653345369377348e-16,1.7763568394002505e-15,7.216449660063518e-16
718,4,2,84407407.20988458,26.3176121460643,0.021592899995111443,0.005438261175305602,ok,,0.021592899994774206,0.010796449997387103,0.010796449997387103,0.005438261175196857,0.021592899994385878,0.005438261175122458,0.020468451427425743,2,3.8832825843826413e-13,7.43988204376933e-14,0.0,3.372371826237952e-13,1.087454779002961e-13,7.255654410620593e-13,1.831442983379894e-13
719,1,4,1.0,704.6764374582779,0.2229001160852422,0.060208018101902634,ok,,0.22290011608524196,0.11145005804262098,0.11145005804262098,0.06020801810190379,0.22290011608524235,0.060208018101902676,0.19980522811061818,1,3.885780586188048e-16,1.1171619185290638e-15,0.0,2.498001805406602e-16,1.1587952819525071e-15,1.3877787807814457e-16,4.163336342344337e-17
720,2,2,383139.3578010249,11979514.445380911,18.670711528191937,9.04499747702122,ok,,18.671817499469583,9.335908749734791,9.335908749734791,9.044226959898523,18.671148044638837,9.045215735243454,0.9999999921315121,2,0.0006694548307457637,0.0009887753449309145,0.0,0.0011059712776457786,0.0007705171226959351,0.0004365164469000149,0.00021825822223497937
721,2,5,758686.5747534035,69.49781154099152,0.004080578431465152,0.0010210753663393007,ok,,0.004080578431485377,0.0020402892157426883,0.0020402892157426883,0.0010210753663395522,0.004080578431464225,0.0010210753663390684,0.0029323634389647082,2,2.115148334258521e-14,4.837710093630321e-16,0.0,2.0224273644675606e-14,2.5153490401663703e-16,9.272096979096034e-16,2.3223610534639505e-16
722,5,2,644929.7058658928,4.080809487646015,0.5461451085630853,0.1516624088724613,ok,,0.5461451085625335,0.27307255428126676,0.27307255428126676,0.15166240887236881,0.5461451085627866,0.15166240887237006,0.3150073103399264,2,2.531308496145357e-13,1.2490009027033011e-15,0.0,5.517808432387028e-13,9.248157795127554e-14,2.986499936241671e-13,9.123257704857224e-14
723,2,5,9904456.783719925,1175817.8734343909,0.8567887656344376,0.258414813806927,ok,,0.8567887655771687,0.4283943827885843,0.4283943827885843,0.25841481379613374,0.8567887656116129,0.25841481379921316,0.5122621793470072,2,3.444422524978563e-11,3.0794256034027967e-12,0.0,5.726896734614684e-11,1.0793255178498384e-11,2.2824742096361206e-11,7.713829575095588e-12
724,5,1,1.3409223629384746,1.0,0.7133701555716911,0.22028960729758001,ok,,0.7133701555716914,0.3566850777858457,0.3566850777858457,0.2202896072975804,0.7133701555716916,0.22028960729758018,0.5100099310695309,1,2.220446049250313e-16,2.220446049250313e-16,0.0,2.220446049250313e-16,3.885780586188048e-16,4.440892098500626e-16,1.6653345369377348e-16
725,5,2,77620586.82561792,96923421.16170925,0.2068312219574351,0.054945223844389275,ok,,0.2068310305282619,0.10341551526413095,0.10341551526413095,0.054945226168190864,0.20683122262857137,0.054945224035137095,0.1712637845829408,2,1.9210030946514856e-07,2.1330537683383888e-09,0.0,1.914291732074691e-07,2.3238015886550833e-09,6.7113625767945e-10,1.9074782031669457e-10
726,1,2,1.0,20152.400834497217,0.0018198897477435996,0.00045528284262350693,ok,,0.0018198897472814224,0.0009099448736407112,0.0009099448736407112,0.000455282842868332,0.001819889747744771,0.00045528284262380016,0.0018182347525196529,1,4.633485435612261e-13,2.4453182534411866e-13,0.0,4.621771715340728e-13,2.4482504782166736e-13,1.171372027153339e-15,2.9322247754870467e-16
727,3,5,306950.96918888687,28234440.319323003,3.334550691869504,1.3911186495349324,ok,,3.334550691548835,1.6672753457744176,1.6672753457744176,1.3911186496763959,3.3345506919471695,1.3911186495728503,0.9643272688676505,3,3.983342544700008e-10,1.0354561652548e-10,0.0,3.206688248269529e-10,1.4146350757471282e-10,7.76654296430479e-11,3.791789104923282e-11
728,3,4,83.0830626339364,49097.1282267269,0.4068380459570905,0.11024139297521174,ok,,0.40683804595598794,0.20341902297799397,0.20341902297799397,0.11024139297349844,0.4068380459571964,0.11024139297524148,0.2468374849283132,3,1.2084777623044829e-12,1.743036270873688e-12,0.0,1.102562485755243e-12,1.7132961716015416e-12,1.0591527654923993e-13,2.974009927214638e-14
729,3,4,86457348.03016293,2168412.494832793,0.7229390545613839,0.20854335859829684,ok,,0.7229390541490739,0.36146952707453694,0.36146952707453694,0.20854335851351902,0.722939053993744,0.20854335841207816,0.425481549469921,3,1.5532986008537364e-10,1.0144085571539563e-10,0.0,4.123099639485872e-10,8.477782365012843e-11,5.676398240339608e-10,1.8621867936552405e-10
730,2,5,37092443.70195768,12.113548325908425,0.8937138781449803,0.2697017054806559,ok,,0.8937138784805623,0.44685693924028114,0.44685693924028114,0.26970170559157225,0.8937138789644096,0.2697017057241997,0.5183448481752925,2,4.838472955626116e-10,1.3262746456632613e-10,0.0,3.355820066275328e-10,1.1091633167481518e-10,8.194293021901444e-10,2.435437962411413e-10
731,4,1,368700.5083236824,1.0,0.06634642108473257,0.016994697575051586,ok,,0.06634642108456967,0.03317321054228484,0.03317321054228484,0.016994697575033246,0.06634642108488782,0.016994697575092296,0.06419337501307759,1,3.181482854941464e-13,5.904998712225051e-14,0.0,1.628974732881261e-13,1.8339496588026805e-14,1.5525081220602033e-13,4.071049053422371e-14
732,3,3,2.613867745933141,285.9269552795028,20.540048601038837,9.964396811320464,ok,,20.540048392136917,10.270024196068459,10.270024196068459,9.96439670671013,20.540048601038837,9.964396811320464,0.9999999987072048,3,2.089019197626385e-07,1.0461033461695024e-07,0.0,2.089019197626385e-07,1.0461033461695024e-07,0.0,0.0
733,3,3,1010.2837533702965,720.8371636391151,1.8635345874892602,0.6283447290800476,ok,,1.8635345874892044,0.9317672937446022,0.9317672937446022,0.6283447290800321,1.8635345874891596,0.6283447290800066,0.7597180226960871,3,4.4853010194856324e-14,2.55351295663786e-14,0.0,5.573319583618286e-14,1.5432100042289676e-14,1.0058620603103918e-13,4.0967229608668276e-14
734,5,1,21.82985084038149,1.0,0.04029580681507551,0.010225153636698542,ok,,0.040295806815075164,0.020147903407537582,0.020147903407537582,0.01022515363669907,0.0402958068150755,0.010225153636698538,0.03949472688043398,1,3.3306690738754696e-16,5.30825383648903e-16,0.0,3.469446951953614e-16,5.273559366969494e-16,1.3877787807814457e-17,3.469446951953614e-18
735,5,5,24634047.56343509,110.85065455675206,1.1259607949992496,0.3191746925133564,ok,,1.12596079488867,0.562980397444335,0.562980397444335,0.3191746924982608,1.1259607949713066,0.319174692503854,0.4507338841793832,5,8.26365642581095e-11,5.593192575759076e-12,0.0,1.1057954552029514e-10,1.509559144352579e-11,2.794298126218564e-11,9.502398867766715e-12
736,1,1,1.0,1.0,0.09466314483110394,0.0244925648043774,ok,,0.09466314483110416,0.04733157241555208,0.04733157241555208,0.024492564804377226,0.09466314483110394,0.0244925648043774,0.09032068695863288,1,2.220446049250313e-16,1.734723475976807e-16,0.0,2.220446049250313e-16,1.734723475976807e-16,0.0,0.0
737,4,2,110982.38371660723,11941.965193927808,0.5527568174067128,0.15358435932434464,ok,,0.5527568174066015,0.27637840870330077,0.27637840870330077,0.153584359324344,0.5527568174063098,0.15358435932422732,0.3163704702245094,2,2.9176661087149114e-13,1.1668443988810395e-13,0.0,1.1124434706744069e-13,6.38378239159465e-16,4.030109579389318e-13,1.1732281812726342e-13
738,2,5,5740977.717557987,1.2373012887763724,0.001962882248578051,0.0004910516733899618,ok,,0.001962882248874774,0.000981441124437387,0.000981441124437387,0.0004910516734550896,0.0019628822488248214,0.0004910516734517409,0.001875922513324281,2,4.995266353335914e-14,3.348666829938729e-15,0.0,2.9672314952322587e-13,6.512780766076975e-14,2.4677048598986673e-13,6.177914083083103e-14
739,1,3,1.0,36957.797513953345,0.961873521512099,0.31316174795407636,ok,,0.961873521517123,0.4809367607585615,0.4809367607585615,0.313161747954557,0.9618735215151106,0.3131617479552419,0.6178238005113335,1,2.0123902544355587e-12,6.848965838912591e-13,0.0,5.023981231033758e-12,4.806155473602303e-13,3.0115909765981996e-12,1.1655121312514893e-12
740,4,2,68597.7135360464,29.631750483368208,0.5064616271114608,0.14832054399430994,ok,,0.50646162711146,0.25323081355573,0.25323081355573,0.14832054399431005,0.5064616271114577,0.14832054399430927,0.39533065913512433,2,2.3314683517128287e-15,7.771561172376096e-16,0.0,7.771561172376096e-16,1.1102230246251565e-16,3.1086244689504383e-15,6.661338147750939e-16
741,2,1,1475759.852163318,1.0,0.863296459813858,0.27551166681800004,ok,,0.8632964598055672,0.4316482299027836,0.4316482299027836,0.27551166681496175,0.8632964598190386,0.27551166681995176,0.578230557831295,1,1.3471335158499187e-11,4.9900084064802286e-12,0.0,8.290812480993281e-12,3.0382918403404346e-12,5.1805226775059054e-12,1.951716566139794e-12
742,4,5,2996507.5585084697,2642171.3663474107,0.4197011972843518,0.11665968564095482,ok,,0.4197011977301619,0.20985059886508095,0.20985059886508095,0.11665968564637996,0.4197011972926176,0.11665968564343106,0.3045607824052631,4,4.375442785864436e-10,2.9489050090703017e-12,0.0,4.4581011104938284e-10,5.425146443194251e-12,8.265832462939215e-12,2.476241434123949e-12
743,1,1,1.0,1.0,0.1066776859417931,0.02771722656551745,ok,,0.1066776859417935,0.05333884297089675,0.05333884297089675,0.02771722656551945,0.10667768594179305,0.02771722656551744,0.10118467287633783,1,4.440892098500626e-16,2.0088097851811426e-15,0.0,4.0245584642661925e-16,1.9984014443252818e-15,4.163336342344337e-17,1.0408340855860843e-17
744,1,3,1.0,67178205.08032724,19.890620802678008,9.657628329653686,ok,,19.767299470490478,9.883649735245239,9.883649735245239,9.669105013211578,19.847843832348303,9.636239844522333,0.9999999976001122,1,0.08054436185782521,0.03286516868924494,0.0,0.12332133218752972,0.01147668355789122,0.04277697032970451,0.02138848513135372
745,1,4,1.0,352.93515638486053,0.020942000578349194,0.00527647214584798,ok,,0.020942000578351827,0.010471000289175914,0.010471000289175914,0.0052764721458435915,0.02094200057834909,0.005276472145847954,0.020724239649880485,1,2.7373936450914016e-15,4.36282954208167e-15,0.0,2.633310236532793e-15,4.388850394221322e-15,1.0408340855860843e-16,2.6020852139652106e-17
746,3,4,5775359.903493326,74.05758618207507,1.1333099860695661,0.3540950008370418,ok,,1.133309986032426,0.566654993016213,0.566654993016213,0.3540950008243753,1.1333099860340732,0.354095000823433,0.6067658755108836,3,1.6471268793338822e-12,9.423017921506016e-13,0.0,3.7140068798180437e-11,1.2666534487948411e-11,3.5492941918846554e-11,1.3608836280099013e-11
747,3,3,2618.295596218115,17367491.24903501,0.356165876750593,0.09463149026833002,ok,,0.3561658767703584,0.1780829383851792,0.1780829383851792,0.09463149026955886,0.35616587675004,0.0946314902681855,0.20042588886264445,3,2.0318358107118684e-11,1.3733597592491265e-12,0.0,1.9765356018552893e-11,1.2288364770185467e-12,5.530020885657905e-13,1.4452328223057975e-13
748,4,2,254.15407212374492,1.007171413011094,0.24330629305483514,0.06356403752372941,ok,,0.2433062930548355,0.12165314652741775,0.12165314652741775,0.0635640375237303,0.24330629305483548,0.06356403752372951,0.12374570209387087,2,2.7755575615628914e-17,7.91033905045424e-16,0.0,3.608224830031759e-16,8.881784197001252e-16,3.3306690738754696e-16,9.71445146547012e-17
749,5,5,76.83825568086989,69.71421709585164,0.8092969206347079,0.22312856662102207,ok,,0.8092969206347057,0.40464846031735285,0.40464846031735285,0.22312856662102387,0.8092969206347086,0.22312856662102226,0.34865353083161255,5,2.886579864025407e-15,1.609823385706477e-15,0.0,2.220446049250313e-15,1.8041124150158794e-15,6.661338147750939e-16,1.942890293094024e-16
750,1,2,1.0,1451632.2175578352,0.024867976705953636,0.0062747300440161085,ok,,0.02486797670421126,0.01243398835210563,0.01243398835210563,0.006274730044487864,0.0248679767059554,0.006274730044016557,0.024561315844093812,1,1.7441395550044092e-12,4.713070211881387e-13,0.0,1.7423770759528168e-12,4.717554472066787e-13,1.762479051592436e-15,4.484260185400046e-16
751,3,1,1813680.5613374575,1.0,1.376256333006324,0.4812645452286429,ok,,1.3762563329179898,0.6881281664589949,0.6881281664589949,0.481264545191586,1.3762563329544664,0.4812645452067403,0.7474778554576611,1,3.647659951866444e-11,1.515426673037723e-11,0.0,8.83342288204858e-11,3.705691309363601e-11,5.185762930182136e-11,2.1902646363258782e-11
752,1,3,1.0,1.450041598247293,0.03658897406057932,0.009271984555817417,ok,,0.03658897406057955,0.018294487030289776,0.018294487030289776,0.009271984555817792,0.03658897406057931,0.009271984555817413,0.03592768734812096,1,2.42861286636753e-16,3.7816971776294395e-16,0.0,2.2898349882893854e-16,3.7470027081099033e-16,1.3877787807814457e-17,3.469446951953614e-18
753,4,4,36300.169605302865,24762719.66105404,0.7057299334363047,0.19939264524546618,ok,,0.7057299331990867,0.35286496659954336,0.35286496659954336,0.19939264519492195,0.7057299334470669,0.19939264524852796,0.387208199920836,4,2.479801919363922e-10,5.360600852100106e-11,0.0,2.372180230025833e-10,5.05442354636898e-11,1.076216893380888e-11,3.0617730573112567e-12
754,5,5,93050046.75927678,27.886267175949424,2.8581112174435264,0.9961644132701795,ok,,2.8581112180463784,1.4290556090231892,1.4290556090231892,0.9961644133959924,2.8581112177362478,0.9961644133892258,0.7877639844700218,5,3.1013058787721093e-10,6.766587290485404e-12,0.0,6.028519905498797e-10,1.2581291564117691e-10,2.9272140267266877e-10,1.190463283506915e-10
755,5,1,1848530.9892852083,1.0,0.02358806203717201,0.0059489723344722375,ok,,0.02358806203716224,0.01179403101858112,0.01179403101858112,0.005948972334471669,0.023588062037166298,0.005948972334470785,0.023312038249924533,1,4.0592529337857286e-15,8.847089727481716e-16,0.0,9.769962616701378e-15,5.681219383824043e-16,5.710709682915649e-15,1.452830911130576e-15
756,5,1,308772.77349176025,1.0,19.988796837244372,9.706716346865196,ok,,19.98564532131714,9.99282266065857,9.99282266065857,9.705128456657661,19.98704725889253,9.705841557690492,0.9999999979119751,1,0.0014019375753910879,0.000713101032831176,0.0,0.0031515159272323956,0.0015878902075350254,0.0017495783518413077,0.0008747891747038494
757,2,4,7706571.08589811,206320.73500343636,0.2932171829245124,0.07910764479996676,ok,,0.29321718290170384,0.14660859145085192,0.14660859145085192,0.07910764479530297,0.2932171829226103,0.07910764479940834,0.22157086670213852,2,2.090644324326263e-11,4.105368822671096e-12,0.0,2.280853284020168e-11,4.663797126269742e-12,1.9020895969390494e-12,5.584283035986459e-13
758,4,1,1603.4907097746145,1.0,0.11286698719470728,0.029388417434193435,ok,,0.11286698719470722,0.05643349359735361,0.05643349359735361,0.02938841743419296,0.11286698719470716,0.0293884174341934,0.10673053150779076,1,6.938893903907228e-17,4.40619762898109e-16,0.0,5.551115123125783e-17,4.753142324176451e-16,1.249000902703301e-16,3.469446951953614e-17
759,2,2,13.817733228460051,474821.8929514223,0.2598918165292762,0.07051267802264283,ok,,0.25989181649765936,0.12994590824882968,0.12994590824882968,0.07051267800810912,0.2598918165246792,0.07051267802129757,0.21967072471684806,2,2.7019830817209822e-11,1.3188450331824697e-11,0.0,3.1616820272972745e-11,1.4533707570763e-11,4.596989455762923e-12,1.3452572389383022e-12
760,5,1,45513578.631996214,1.0,0.0800898375650696,0.020615743739021995,ok,,0.08008983764611077,0.040044918823055387,0.040044918823055387,0.020615743751585924,0.08008983760986706,0.020615743750880527,0.07696658045452243,1,3.624371636146151e-11,7.05397545930353e-13,0.0,8.104117377172315e-11,1.2563929063791335e-11,4.479745741026164e-11,1.1858531517860982e-11
761,1,3,1.0,47.983160803569234,0.24372047563121552,0.06627000605412797,ok,,0.24372047563121402,0.12186023781560701,0.12186023781560701,0.0662700060541277,0.2437204756312153,0.0662700060541279,0.21629333123940583,1,1.27675647831893e-15,2.0816681711721685e-16,0.0,1.4988010832439613e-15,2.7755575615628914e-16,2.220446049250313e-16,6.938893903907228e-17
762,4,2,80.58490675227875,104.80571893190914,0.03449888244568951,0.008731261351638464,ok,,0.03449888244568733,0.017249441222843664,0.017249441222843664,0.008731261351642594,0.03449888244568969,0.008731261351638512,0.033234499803735315,2,2.3592239273284576e-15,4.081804338973427e-15,0.0,2.1788126858268697e-15,4.130376596300778e-15,1.8041124150158794e-16,4.85722573273506e-17
763,5,5,2490.001000866475,60267044.803490154,1.4116554881840107,0.40521503535101355,ok,,1.4116554887751462,0.7058277443875731,0.7058277443875731,0.4052150353126871,1.4116554878600498,0.4052150352417455,0.4741526667596766,5,9.150964430659769e-10,7.094158593901057e-11,0.0,5.911355849264055e-10,3.832645312229488e-11,3.2396085813957143e-10,1.0926803906130544e-10
764,5,4,939775.1087032907,3172331.7351926235,0.9720499116985968,0.27934400193819847,ok,,0.9720499116984307,0.48602495584921535,0.48602495584921535,0.27934400193720155,0.9720499116980285,0.2793440019380202,0.4260875930678497,4,4.022338018216942e-13,8.186784583585904e-13,0.0,1.6608936448392342e-13,9.969247649621593e-13,5.683231663056176e-13,1.7824630660356888e-13
765,5,1,22979252.614675306,1.0,0.1434830600675904,0.037754321860566126,ok,,0.1434830600627084,0.0717415300313542,0.0717415300313542,0.03775432185972338,0.14348306006629855,0.03775432186020966,0.13366452427153494,1,3.5901559503059843e-12,4.862776847858186e-13,0.0,4.8820114617598165e-12,8.427425424173407e-13,1.2918555114538322e-12,3.5646485763152214e-13
766,3,2,473.2713863888887,23323910.066222247,0.2681324645607885,0.07342150668167519,ok,,0.268132464808172,0.134066232404086,0.134066232404086,0.07342150650912593,0.26813246452754524,0.07342150667185798,0.23442601565836604,2,2.806267440647048e-10,1.6273205005745695e-10,0.0,2.473835025718074e-10,1.7254925266385612e-10,3.324324149289737e-11,9.817202606399178e-12
767,5,4,61116.37260180698,172222.9930184833,0.7401765714557886,0.20743171089265489,ok,,0.7401765714495321,0.37008828572476604,0.37008828572476604,0.20743171088954693,0.7401765714556536,0.20743171089261736,0.3760205561238225,4,6.121547713178188e-12,3.070432796903333e-12,0.0,6.256550832972607e-12,3.1079583351356632e-12,1.3500311979441904e-13,3.752553823233029e-14
768,1,5,1.0,6434157.1450731,13.29639019581343,6.360513585637685,ok,,13.296380425599281,6.648190212799641,6.648190212799641,6.360509879892839,13.296381086806829,6.360509031139488,0.9999983194359667,1,6.612075473810819e-07,8.487533511569723e-07,0.0,9.770214148829837e-06,3.7057448460942055e-06,9.109006601448755e-06,4.554498197251178e-06
769,4,3,3628411.0728914775,106526.30341628408,0.8439598934386393,0.26407414633051873,ok,,0.8439598934689965,0.42197994673449823,0.42197994673449823,0.26407414632445914,0.8439598934240279,0.26407414632514387,0.5549179384345034,3,4.49685844117198e-11,6.847300504375653e-13,0.0,3.035716122923304e-11,6.059597268404104e-12,1.461142318248676e-11,5.374867217966539e-12
770,5,3,44372.3561968746,1956264.7992998015,0.573935244210609,0.16155922249412774,ok,,0.5739352441958694,0.2869676220979347,0.2869676220979347,0.16155922250358312,0.573935244229411,0.16155922250015506,0.35101349914875185,3,3.354161393076538e-11,3.4280633887107115e-12,0.0,1.4739653941830966e-11,9.45538092267384e-12,1.8801959988934414e-11,6.027317533963128e-12
771,2,4,2626977.6970191533,1272.868660759835,1.2726966249329366,0.437338091161931,ok,,1.2726966249321496,0.6363483124660748,0.6363483124660748,0.43733809116170086,1.2726966249329394,0.4373380911619322,0.7189293941861403,2,7.898126597183364e-13,2.3131496718065137e-13,0.0,7.86926079854311e-13,2.3014923300479495e-13,2.886579864025407e-15,1.1657341758564144e-15
772,1,2,1.0,897.3237606631719,0.20956902957588538,0.05636436766604054,ok,,0.2095690295758872,0.1047845147879436,0.1047845147879436,0.056364367666041026,0.20956902957588547,0.05636436766604057,0.1890663409055936,1,1.7208456881689926e-15,4.579669976578771e-16,0.0,1.8041124150158794e-15,4.85722573273506e-16,8.326672684688674e-17,2.7755575615628914e-17
773,1,3,1.0,234021.62343588495,0.028398209556521403,0.007174799394855907,ok,,0.028398209559461485,0.014199104779730742,0.014199104779730742,0.007174799395797571,0.028398209556479346,0.00717479939484517,0.027998770453029825,1,2.9821388414230654e-12,9.524004848660006e-13,0.0,2.9400822054714837e-12,9.416642812731801e-13,4.205663595158171e-14,1.0736203592820459e-14
774,5,3,2016976.1306932697,63.22197191849015,1.730222884474919,0.5653812543515035,ok,,1.7302228844750698,0.8651114422375349,0.8651114422375349,0.5653812543516903,1.7302228844762604,0.5653812543519872,0.7234143637018329,3,1.1906031716080179e-12,2.9687363678476686e-13,0.0,1.5076828674409626e-13,1.8673951274195133e-13,1.3413714583521141e-12,4.836131495267182e-13
775,4,5,310924.3073387474,14538.77237655944,0.1741663411496412,0.044562006125019385,ok,,0.17416634114959395,0.08708317057479698,0.08708317057479698,0.04456200612507466,0.1741663411495306,0.04456200612499072,0.08628480304976192,4,6.333822355486518e-14,8.393979955556574e-14,0.0,4.723998969780041e-14,5.527522883852498e-14,1.1057821325266559e-13,2.866457071704076e-14
776,5,1,368665.1838558091,1.0,0.0010676386596825765,0.00026701650705836884,ok,,0.0010676386596815135,0.0005338193298407568,0.0005338193298407568,0.00026701650705973634,0.001067638659682739,0.00026701650705840955,0.0010670689362998551,1,1.2255821357776142e-15,1.326792408579136e-15,0.0,1.0629518099047885e-15,1.3675042001559667e-15,1.6263032587282567e-16,4.071179157683069e-17
777,1,4,1.0,14306592.369945697,0.002642190777396259,0.0006612018909740397,ok,,0.002642190844265535,0.0013210954221327675,0.0013210954221327675,0.0006612019987866091,0.00264219077739716,0.0006612018909742654,0.002638703263580211,1,6.686837498645626e-11,1.0781234368803516e-10,0.0,6.686927617530203e-11,1.0781256941892747e-10,9.011888457699513e-16,2.25730892311482e-16
778,2,4,2.222195546819267,3117875.067495314,0.08987389574602812,0.02321336055322191,ok,,0.08987389573569793,0.044936947867848964,0.044936947867848964,0.023213360554245277,0.08987389574068921,0.023213360551799306,0.08590018763591667,2,4.9912851629585475e-12,2.445970509468154e-12,0.0,1.033019503271504e-11,1.0233654201829978e-12,5.338909869756492e-12,1.422605089285156e-12
779,5,2,90960.53483775267,6501.1392893448765,0.27287283033614573,0.07275757488636012,ok,,0.2728728303361727,0.13643641516808636,0.13643641516808636,0.07275757488632895,0.27287283033623133,0.07275757488638475,0.19496145897738684,2,5.861977570020827e-14,5.580258477522193e-14,0.0,2.6978419498391304e-14,3.116951141635127e-14,8.559819519859957e-14,2.463307335887066e-14
780,2,2,16986.082786386545,94046.660226671,21.0446075920455,10.182393205500832,ok,,21.044659528521045,10.522329764260522,10.522329764260522,10.182418767825492,21.044679535640753,10.182429177298442,0.9999999990895534,2,2.0007119708509435e-05,1.0409472949390874e-05,0.0,5.193647554335712e-05,2.556232466055519e-05,7.194359525186655e-05,3.5971797609946066e-05
781,3,4,20128476.088024992,2239849.9963677945,1.0807218335947057,0.34370153439461304,ok,,1.0807218333276998,0.5403609166638499,0.5403609166638499,0.3437015342717169,1.080721833275886,0.3437015342714155,0.616519801802641,3,5.181388651465113e-11,3.0142555118573e-13,0.0,2.6700597288709105e-10,1.228961377108817e-10,3.188198594017422e-10,1.2319756326206743e-10
782,1,2,1.0,584.0217665420521,0.21905888351743197,0.05909746505106465,ok,,0.21905888351743164,0.10952944175871582,0.10952944175871582,0.05909746505106517,0.21905888351743194,0.05909746505106464,0.19672558286212907,1,3.0531133177191805e-16,5.273559366969494e-16,0.0,3.3306690738754696e-16,5.204170427930421e-16,2.7755575615628914e-17,6.938893903907228e-18
783,5,1,21.438065787721726,1.0,0.35971095633927724,0.10132026248770044,ok,,0.35971095633927685,0.17985547816963843,0.17985547816963843,0.10132026248770121,0.3597109563392771,0.10132026248770039,0.30212198586275735,1,2.220446049250313e-16,8.187894806610529e-16,0.0,3.885780586188048e-16,7.632783294297951e-16,1.6653345369377348e-16,5.551115123125783e-17
784,4,1,7111.510921650138,1.0,0.056887805529309936,0.014522460997129241,ok,,0.05688780552930872,0.02844390276465436,0.02844390276465436,0.014522460997129727,0.056887805529309686,0.014522460997129175,0.05529994645653872,1,9.645062526431047e-16,5.516420653606247e-16,0.0,1.214306433183765e-15,4.85722573273506e-16,2.498001805406602e-16,6.591949208711867e-17
785,4,3,9003.894071913159,22.79880685501047,0.5267827722185098,0.1551347850007077,ok,,0.5267827722184538,0.2633913861092269,0.2633913861092269,0.15513478500070477,0.5267827722185374,0.15513478500071698,0.40773214731727414,3,8.359979375427429e-14,1.2212453270876722e-14,0.0,5.595524044110789e-14,2.942091015256665e-15,2.7644553313166398e-14,9.270362255620057e-15
786,2,3,437431.9461178729,207.58712024147826,0.18772880121890012,0.04965206577485836,ok,,0.1877288012155205,0.09386440060776025,0.09386440060776025,0.04965206577411552,0.18772880121639454,0.0496520657741568,0.15812483616419692,2,8.740508317117701e-13,4.128641872824801e-14,0.0,3.379629909261439e-12,7.428432868827883e-13,2.505579077549669e-12,7.015568681545403e-13
787,4,2,9.476075796578781,6722.798764767211,0.3846983860053789,0.1090225207502051,ok,,0.38469838600536876,0.19234919300268438,0.19234919300268438,0.1090225207503952,0.38469838600564443,0.10902252075028868,0.31804692719837757,2,2.7566837701442637e-13,1.0652589921278377e-13,0.0,1.0158540675320182e-14,1.9009793739144243e-13,2.655098363391062e-13,8.357203817865866e-14
788,4,3,960.1028457746986,100.66035444816288,0.4274321521923433,0.12135587890788016,ok,,0.42743215219234365,0.21371607609617183,0.21371607609617183,0.12135587890788191,0.4274321521923424,0.12135587890787985,0.3343537344868468,3,1.27675647831893e-15,2.0539125955565396e-15,0.0,3.3306690738754696e-16,1.7486012637846216e-15,9.43689570931383e-16,3.0531133177191805e-16
789,2,5,81105664.25714396,11969471.813641539,0.18236628709452823,0.048279692964732356,ok,,0.18236628784594444,0.09118314392297222,0.09118314392297222,0.048279693093914666,0.18236628721176784,0.04827969299764814,0.15757602454550462,2,6.341766001227711e-10,9.626652947014591e-11,0.0,7.514162070343389e-10,1.291823106819301e-10,1.1723960691156776e-10,3.291578121178418e-11
790,1,1,1.0,1.0,0.5037318472649679,0.1476912041294735,ok,,0.5037318472649677,0.25186592363248383,0.25186592363248383,0.14769120412947356,0.5037318472649679,0.1476912041294735,0.3957286018394112,1,2.220446049250313e-16,5.551115123125783e-17,0.0,2.220446049250313e-16,5.551115123125783e-17,0.0,0.0
791,1,4,1.0,9133.67473344501,0.004475904208307212,0.0011208528117160942,ok,,0.00447590420809485,0.002237952104047425,0.002237952104047425,0.0011208528117214733,0.004475904208307231,0.0011208528117160992,0.00446590227719245,1,2.123813278021025e-13,5.374173328576148e-15,0.0,2.1236224584386676e-13,5.379160658569582e-15,1.9081958235744878e-17,4.9873299934333204e-18
792,1,1,1.0,1.0,12.162568045520214,5.793603691081476,ok,,12.162568045533853,6.081284022766926,6.081284022766926,5.7936036910953295,12.162568045520214,5.793603691081476,0.9999947776760058,1,1.3638867812915123e-11,1.3853806990482553e-11,0.0,1.3638867812915123e-11,1.3853806990482553e-11,0.0,0.0
793,5,1,2343.643125871404,1.0,0.055426359198365034,0.014141928176468022,ok,,0.055426359198365915,0.027713179599182958,0.027713179599182958,0.014141928176467644,0.05542635919836499,0.01414192817646801,0.053918308680626637,1,9.228728892196614e-16,3.660266534311063e-16,0.0,8.81239525796218e-16,3.7816971776294395e-16,4.163336342344337e-17,1.214306433183765e-17
794,3,2,2.0542863869373322,441.70698164046996,0.4282420946939495,0.11537019805105664,ok,,0.42824209469394914,0.21412104734697457,0.21412104734697457,0.1153701980510613,0.42824209469395,0.11537019805105678,0.20221357096598064,2,8.881784197001252e-16,4.524158825347513e-15,0.0,3.885780586188048e-16,4.6629367034256575e-15,4.996003610813204e-16,1.3877787807814457e-16
795,4,1,6.598297335261052,1.0,0.11481693964115672,0.02991633370984405,ok,,0.11481693964115669,0.057408469820578345,0.057408469820578345,0.029916333709844256,0.11481693964115681,0.029916333709844076,0.10847066735076523,1,1.249000902703301e-16,1.8041124150158794e-16,0.0,2.7755575615628914e-17,2.0469737016526324e-16,9.71445146547012e-17,2.42861286636753e-17
796,3,3,15588678.822606824,3688065.7626640787,0.516050739427914,0.1456458097291599,ok,,0.5160507395826182,0.2580253697913091,0.2580253697913091,0.1456458098470046,0.5160507395288082,0.14564580976157193,0.350058946747311,3,5.38099564906247e-11,8.543266094562796e-11,0.0,1.547041383886949e-10,1.178447062155641e-10,1.008941818980702e-10,3.241204526993613e-11
797,3,1,15719705.547307555,1.0,0.31787241748186873,0.08843209511667088,ok,,0.31787241747715633,0.15893620873857817,0.15893620873857817,0.08843209511719019,0.31787241748450845,0.08843209511747543,0.2723043762694243,1,7.352118913672712e-12,2.8524405060181834e-13,0.0,4.712397139172708e-12,5.19306819768417e-13,2.6397217745000034e-12,8.045508703702353e-13
798,3,4,2845.4892739470574,60552.8391467135,0.772425524941476,0.21986149818171943,ok,,0.7724255249429879,0.38621276247149394,0.38621276247149394,0.21986149818213008,0.7724255249417372,0.21986149818180478,0.3640544340376613,3,1.2506662372402388e-12,3.2529534621517087e-13,0.0,1.5119017149345382e-12,4.106437412332298e-13,2.6123547769429933e-13,8.534839501805891e-14
799,2,3,3578203.033472818,167364.7214454604,2.6125020553144487,0.9088330147710184,ok,,2.6125020549460265,1.3062510274730132,1.3062510274730132,0.908833014785301,2.612502055411989,0.9088330148121345,0.7908110115143311,2,4.659623797920176e-10,2.683353539367772e-11,0.0,3.6842218165134e-10,1.4282575122592789e-11,9.75401981406776e-11,4.111611051627051e-11
800,2,4,54716.44941358964,162.37096984990362,1.9945039633943284,0.6592679884400336,ok,,1.9945039633926014,0.9972519816963007,0.9972519816963007,0.659267988439959,1.9945039633906532,0.6592679884385619,0.7086295998541088,2,1.9482193636122247e-12,1.397104654188297e-12,0.0,1.7270629371068935e-12,7.460698725481052e-14,3.675282300719118e-12,1.4717116414431075e-12
801,4,3,817239.6673425051,2218198.496579759,0.3511935684114582,0.09388131179756645,ok,,0.3511935683343861,0.17559678416719304,0.17559678416719304,0.09388131174024306,0.351193568420907,0.0938813118002664,0.20425142371909735,3,8.652090155436554e-11,6.0023347403515e-11,0.0,7.707212645868822e-11,5.7323396029929086e-11,9.44877509567732e-12,2.699951373585918e-12
802,2,3,10714740.548545318,53039428.373781696,0.31939770221226554,0.08830329307069688,ok,,0.3193977116785307,0.15969885583926535,0.15969885583926535,0.08830329375215262,0.3193977026907416,0.08830329321580617,0.26524170579442463,2,8.98778912405973e-09,5.363464533614248e-10,0.0,9.466265160629206e-09,6.814557390599774e-10,4.784760365694751e-10,1.4510928569855253e-10
803,4,2,954185.1868562909,716.0080494100127,0.04545089624564774,0.011541033401838846,ok,,0.04545089624559173,0.022725448122795866,0.022725448122795866,0.011541033401900158,0.04545089624566569,0.011541033401843408,0.04279531267461156,2,7.395473122784324e-14,5.674974379310527e-14,0.0,5.601075159233915e-14,6.131206653492427e-14,1.7943979635504093e-14,4.562322741819003e-15
804,3,5,131615.94975634821,268.48848911344635,17.11983893819985,8.27175755260157,ok,,17.119941048003803,8.559970524001901,8.559970524001901,8.271807031770216,17.120091137192038,8.27188365209457,0.9999999632148177,3,0.00015008918823511408,7.662032435362676e-05,0.0,0.00010210980395086722,4.947916864495028e-05,0.0002521989921859813,0.00012609949299857703
805,3,1,3258557.9037417867,1.0,0.023366977791811558,0.005892733775642225,ok,,0.023366977791823423,0.011683488895911712,0.011683488895911712,0.005892733775645809,0.02336697779189269,0.005892733775662861,0.023096084057878042,1,6.926750839575391e-14,1.7052331768852014e-14,0.0,1.186550857568136e-14,3.5839387013680835e-15,8.113301697143527e-14,2.0636270470220097e-14
806,3,1,162126.33847956063,1.0,0.0025306073323265086,0.0006332519523366839,ok,,0.002530607332326351,0.0012653036661631756,0.0012653036661631756,0.0006332519523373215,0.0025306073323257306,0.000633251952336489,0.0025274080448729683,1,6.205973235307027e-16,8.324504280343703e-16,0.0,1.5742615544489524e-16,6.375108774214766e-16,7.78023478975598e-16,1.949395506128937e-16
807,4,3,167907.5817571919,48805.5177864281,0.9378135641492489,0.2762803079945235,ok,,0.9378135641507919,0.46890678207539593,0.46890678207539593,0.2762803079948517,0.9378135641501603,0.27628030799484704,0.49501642965961484,3,6.316058787092516e-13,4.6629367034256575e-15,0.0,1.5429879596240426e-12,3.2818192607919627e-13,9.11382080914791e-13,3.235189893757706e-13
808,3,1,192604.78825759937,1.0,0.9695329900023643,0.3161289185314544,ok,,0.9695329900017242,0.4847664950008621,0.4847664950008621,0.3161289185311631,0.9695329900034501,0.3161289185318754,0.6207398849831584,1,1.7258416917798058e-12,7.123190925995004e-13,0.0,6.400435736964027e-13,2.913225216616411e-13,1.085798118083403e-12,4.2099657093785936e-13
809,2,2,4.9486757676474715,7212.608012294991,0.0364680451506342,0.009205889692206147,ok,,0.03646804515070157,0.018234022575350783,0.018234022575350783,0.009205889692201819,0.0364680451506266,0.009205889692204205,0.02977608030333289,2,7.49678097378137e-14,2.3869795029440866e-15,0.0,6.736972091303528e-14,4.328135072562134e-15,7.598088824778415e-15,1.941155569618047e-15
810,2,1,47.90179649899374,1.0,1.1069769984992577,0.37033361303449996,ok,,1.1069769984992615,0.5534884992496307,0.5534884992496307,0.3703336130345014,1.1069769984992612,0.3703336130345014,0.6694432743288056,1,2.220446049250313e-16,0.0,0.0,3.774758283725532e-15,1.4432899320127035e-15,3.552713678800501e-15,1.4432899320127035e-15
811,5,4,4046103.661252651,49.73407943141848,0.6379566971742957,0.17666572891859705,ok,,0.6379566971819851,0.31897834859099256,0.31897834859099256,0.17666572892130628,0.6379566971814327,0.17666572892076177,0.3014704157522877,4,5.524469770534779e-13,5.44508882427408e-13,0.0,7.689404668553834e-12,2.7092217358415382e-12,7.136957691500356e-12,2.1647128534141302e-12
812,3,1,54345117.08395476,1.0,0.29829644081405654,0.08249581965189053,ok,,0.2982964408135107,0.14914822040675535,0.14914822040675535,0.08249581965153263,0.2982964408148488,0.08249581965212954,0.25791867605380087,1,1.33809630042947e-12,5.969114091897154e-13,0.0,5.458411500569582e-13,3.5789426977572703e-13,7.922551503725117e-13,2.390171394139884e-13
813,5,4,26.32504066571579,43244467.494118944,1.0242955797239615,0.2965949934379541,ok,,1.0242955790730757,0.5121477895365378,0.5121477895365378,0.2965949940108459,1.0242955787707195,0.29659499310892057,0.47270992482530816,4,3.023561401249708e-10,9.019253122133364e-10,0.0,6.508857897102871e-10,5.728917895631014e-10,9.53241929835258e-10,3.29033522650235e-10
814,3,5,377879.9558648622,30990213.89047494,2.3197198504155914,0.8552388069293944,ok,,2.3197198511629313,1.1598599255814657,1.1598599255814657,0.8552388069276633,2.3197198503630165,0.855238806906923,0.8734367587914832,3,7.999148010640056e-10,2.0740298367627474e-11,0.0,7.473399676882764e-10,1.731059739995544e-12,5.257483337572921e-11,2.247135810762302e-11
815,2,2,197026.85905768257,93634101.56891462,0.5097695918685586,0.14599490649589508,ok,,0.5097695997632616,0.2548847998816308,0.2548847998816308,0.14599490671757964,0.5097695928440478,0.1459949068073249,0.36900242879786466,2,6.919213868528118e-09,8.974526677363315e-11,0.0,7.894703002442327e-09,2.2168455959814537e-10,9.754891339142091e-10,3.114298263717785e-10
816,5,2,44.719794454663536,3441.094129602669,21.687474692906214,10.497581559376332,ok,,21.687342924815496,10.843671462407748,10.843671462407748,10.497553349383267,21.68737703593099,10.497532730888736,0.9999999995065787,2,3.4111115493118405e-05,2.0618494531277065e-05,0.0,0.00013176809071779871,2.8209993065075878e-05,9.765697522468031e-05,4.882848759635294e-05
817,1,4,1.0,1.5967458530491558,0.03794078921391769,0.00961929543474949,ok,,0.03794078921391732,0.01897039460695866,0.01897039460695866,0.00961929543474982,0.03794078921391769,0.00961929543474949,0.03723005443116946,1,3.7470027081099033e-16,3.2959746043559335e-16,0.0,3.7470027081099033e-16,3.2959746043559335e-16,0.0,0.0
818,4,2,545.8736084918291,3.3299990260280614,0.26586848666849144,0.0713255387711514,ok,,0.26586848666849155,0.13293424333424578,0.13293424333424578,0.07132553877115111,0.2658684866684933,0.07132553877115194,0.20479334241265534,2,1.7208456881689926e-15,8.326672684688674e-16,0.0,1.1102230246251565e-16,2.914335439641036e-16,1.8318679906315083e-15,5.412337245047638e-16
819,2,5,63166.758839867645,25.967006342165693,0.7281953325561554,0.2054273951272168,ok,,0.7281953325561521,0.36409766627807605,0.36409766627807605,0.20542739512723962,0.7281953325564934,0.20542739512732308,0.31799848648950096,2,3.412825577697731e-13,8.346101587619614e-14,0.0,3.3306690738754696e-15,2.2815083156046967e-14,3.3795188869589765e-13,1.0627609903224311e-13
820,2,3,1088174.5391703076,1.9465446169355745,0.026962992507599065,0.006808549605532799,ok,,0.026962992507682804,0.013481496253841402,0.013481496253841402,0.006808549605526348,0.026962992507191686,0.006808549605428909,0.02659337699870933,2,4.911175632837939e-13,9.743941764561725e-14,0.0,8.373857163235243e-14,6.450569245419757e-15,4.073789916514414e-13,1.0388998689103701e-13
821,3,3,200519.97056432604,7474076.072049454,1.4190200677738314,0.46684536568735074,ok,,1.41902006596907,0.709510032984535,0.709510032984535,0.46684536571273494,1.419020067756805,0.4668453656820633,0.7016638790812223,3,1.7877350710904238e-09,3.067163190095812e-11,0.0,1.8047614513960752e-09,2.538419474618081e-11,1.70263803056514e-11,5.287437154777308e-12
822,3,1,574.2697556462771,1.0,0.14082103609347943,0.03702040983220167,ok,,0.1408210360934793,0.07041051804673965,0.07041051804673965,0.03702040983220156,0.14082103609347935,0.03702040983220165,0.13135524615348704,1,5.551115123125783e-17,9.020562075079397e-17,0.0,1.3877787807814457e-16,1.1102230246251565e-16,8.326672684688674e-17,2.0816681711721685e-17
823,5,1,5922.125297492966,1.0,0.08108288730653587,0.020878706969548404,ok,,0.08108288730653967,0.04054144365326984,0.04054144365326984,0.020878706969550187,0.08108288730653909,0.020878706969549254,0.0778827435387944,1,5.828670879282072e-16,9.332812300755222e-16,0.0,3.802513859341161e-15,1.7832957333041577e-15,3.219646771412954e-15,8.500145032286355e-16
824,5,3,29.891241537966476,1041.6198761354499,0.27258747920628346,0.07044951563620286,ok,,0.2725874792062868,0.1362937396031434,0.1362937396031434,0.07044951563618351,0.27258747920628207,0.07044951563620248,0.09393138947254483,3,4.718447854656915e-15,1.8970935933282362e-14,0.0,3.3306690738754696e-15,1.9345636204093353e-14,1.3877787807814457e-15,3.7470027081099033e-16
825,2,1,2926.4902160816396,1.0,0.10370747512892665,0.026917643076815434,ok,,0.10370747512891887,0.051853737564459434,0.051853737564459434,0.026917643076814546,0.10370747512892187,0.026917643076814147,0.09851103320180968,1,2.9976021664879227e-15,3.9898639947466563e-16,0.0,7.78543896018391e-15,8.881784197001252e-16,4.7878367936959876e-15,1.2871648191747909e-15
826,3,1,8364478.996584298,1.0,0.39658626829266824,0.1129019663871094,ok,,0.396586268292646,0.198293134146323,0.198293134146323,0.11290196638707295,0.39658626829272553,0.11290196638712757,0.32738775091209515,1,7.954747971439247e-14,5.46229728115577e-14,0.0,2.225997164373439e-14,3.645694857112858e-14,5.728750807065808e-14,1.8166024240429124e-14
827,4,1,4523.292562008592,1.0,0.01860496900038706,0.004683592591736637,ok,,0.018604969000388216,0.009302484500194108,0.009302484500194108,0.004683592591737007,0.01860496900038779,0.004683592591736822,0.01843296492657679,1,4.2674197509029455e-16,1.8474805019152996e-16,0.0,1.1553258350005535e-15,3.694961003830599e-16,7.28583859910259e-16,1.8474805019152996e-16
828,4,1,49.28974915640054,1.0,10.976069912432134,5.2003585858128405,ok,,10.976069912429349,5.488034956214674,5.488034956214674,5.200358585808985,10.976069912432134,5.2003585858128405,0.9999828938055657,1,2.7853275241795927e-12,3.855582519918244e-12,0.0,2.7853275241795927e-12,3.855582519918244e-12,0.0,0.0
829,3,1,8.87530308389595,1.0,0.02207738792896452,0.005564873405092887,ok,,0.022077387928964853,0.011038693964482427,0.011038693964482427,0.005564873405094151,0.02207738792896452,0.005564873405092887,0.021835466005398558,1,3.3306690738754696e-16,1.263746052249104e-15,0.0,3.3306690738754696e-16,1.263746052249104e-15,0.0,0.0
830,1,2,1.0,26116.173088986427,0.0524990752557876,0.013380890250576132,ok,,0.05249907525568176,0.02624953762784088,0.02624953762784088,0.013380890250556998,0.05249907525578983,0.013380890250576712,0.05114480149625333,1,1.0807327255335508e-13,1.9713397581000436e-14,0.0,1.0583894871629695e-13,1.9133999940024182e-14,2.2343238370581275e-15,5.793976409762536e-16
831,5,3,7.31726401759391,1283574.2240711825,0.21106396029041796,0.05424152975851846,ok,,0.21106396028082042,0.10553198014041021,0.10553198014041021,0.054241529749090134,0.21106396028876787,0.05424152975808185,0.08489714954920156,3,7.947448255052336e-12,8.991717093120855e-12,0.0,9.59754498097709e-12,9.428326175342505e-12,1.6500967259247545e-12,4.366090822216506e-13
832,4,3,636932.9146971083,1191.2402667531912,0.0006010442327027527,0.00015027663490295407,ok,,0.0006010442327046839,0.00030052211635234194,0.00030052211635234194,0.00015027663489686205,0.0006010442327018479,0.00015027663490272785,0.00028877495192958285,3,2.835947622570334e-15,5.8658048036897e-15,0.0,1.9311809096311805e-15,6.092023586978801e-15,9.047667129391535e-16,2.262187832891005e-16
833,5,5,10260464.87466633,4.20470957361848,0.8324116486976619,0.2364287563872529,ok,,0.8324116487085671,0.41620582435428355,0.41620582435428355,0.2364287563813594,0.8324116486798733,0.23642875638166289,0.3495201123665116,5,2.8693825093739633e-11,3.0347946378128654e-13,0.0,1.09051656593806e-11,5.893480148344565e-12,1.7788659434359033e-11,5.590000684563279e-12
834,3,2,1.6289707465496062,1.840622456881556,0.9137933956872607,0.29406891660459067,ok,,0.9137933956872601,0.4568966978436301,0.4568966978436301,0.29406891660459067,0.9137933956872601,0.29406891660459045,0.5971557922585843,2,0.0,2.220446049250313e-16,0.0,5.551115123125783e-16,0.0,5.551115123125783e-16,2.220446049250313e-16
835,1,1,1.0,1.0,0.018353401931924557,0.004619833216076079,ok,,0.018353401931924473,0.009176700965962237,0.009176700965962237,0.004619833216076286,0.018353401931924557,0.004619833216076079,0.018186003922737774,1,8.326672684688674e-17,2.0643209364124004e-16,0.0,8.326672684688674e-17,2.0643209364124004e-16,0.0,0.0
836,1,4,1.0,153769.13019767767,2.1202258519120707,0.8116530160794885,ok,,2.1202258519222896,1.0601129259611448,1.0601129259611448,0.8116530160874595,2.1202258519251505,0.8116530160855253,0.8799954778017998,1,2.8608226898541034e-12,1.9342305535019477e-12,0.0,1.0218936807859791e-11,7.971068249901236e-12,1.3079759497713894e-11,6.036837696399289e-12
837,3,1,187.0626070387103,1.0,0.09350666300147552,0.024183526141811528,ok,,0.09350666300147559,0.046753331500737794,0.046753331500737794,0.024183526141812184,0.09350666300147537,0.024183526141811486,0.08926805080233825,1,2.220446049250313e-16,6.973588373426765e-16,0.0,6.938893903907228e-17,6.557254739192331e-16,1.5265566588595902e-16,4.163336342344337e-17
838,4,2,6.9370845853436105,15523706.013217324,0.2285267235004029,0.06154984286042126,ok,,0.22852672350070868,0.11426336175035434,0.11426336175035434,0.06154984286088272,0.22852672350159048,0.06154984286076448,0.19837884937437159,2,8.817946373085306e-13,1.1823875212257917e-13,0.0,3.0578317655738374e-13,4.614572612915424e-13,1.1875778138659143e-12,3.4321850916896324e-13
839,5,4,105.9048302416054,16488279.741501438,3.098886371683403,1.1573047514325734,ok,,3.0988863711826644,1.5494431855913322,1.5494431855913322,1.1573047513062784,3.098886371453022,1.157304751324231,0.9141166010449912,4,2.7035751415382947e-10,1.7952528352793706e-11,0.0,5.007385617261662e-10,1.2629497447846916e-10,2.3038104757233668e-10,1.0834244612567545e-10
840,1,1,1.0,1.0,20.644525417133302,10.03458063647551,ok,,20.64452518958295,10.322262594791475,10.322262594791475,10.034580521493544,20.644525211901975,10.034580533859847,0.9999999989180763,1,2.231902485050341e-08,1.2366303536737178e-08,0.0,2.275503518944788e-07,1.1498196705872488e-07,2.052313270439754e-07,1.026156635219877e-07
841,3,3,2856.3685180868833,598.292491457392,1.4592064935509228,0.5035394585332456,ok,,1.4592064935509246,0.7296032467754623,0.7296032467754623,0.5035394585332371,1.4592064935509397,0.5035394585332527,0.7490045780343683,3,1.509903313490213e-14,1.554312234475219e-14,0.0,1.7763568394002505e-15,8.43769498715119e-15,1.687538997430238e-14,7.105427357601002e-15
842,5,1,2282399.040403555,1.0,0.006910457894269025,0.0017320862926819215,ok,,0.00691045789427136,0.00345522894713568,0.00345522894713568,0.0017320862926846203,0.006910457894271533,0.0017320862926825517,0.006886635586055914,1,1.726049858596923e-16,2.0686577451023425e-15,0.0,2.3349377986647823e-15,2.6987960477509176e-15,2.5075427845244747e-15,6.301383026485752e-16
843,4,1,1625515.8416246544,1.0,1.0832153667194904,0.36083653059269527,ok,,1.0832153667327526,0.5416076833663763,0.5416076833663763,0.3608365305937742,1.083215366725391,0.3608365305950473,0.6614946449199968,1,7.361666831684488e-12,1.273092742337667e-12,0.0,1.326228016296227e-11,1.0789147353307271e-12,5.900613331277782e-12,2.352007477668394e-12
844,2,3,316.94960210945993,5502.824567794027,0.6798875315219945,0.20801338628815266,ok,,0.679887531522148,0.339943765761074,0.339943765761074,0.2080133862881981,0.6798875315219498,0.2080133862881367,0.4918577175187684,2,1.9817480989559044e-13,6.139533326177116e-14,0.0,1.5343282200319663e-13,4.543587728278453e-14,4.474198789239381e-14,1.5959455978986625e-14
845,2,5,32095.187372073728,3.084220838293061,0.5734622166178093,0.17085039502931057,ok,,0.5734622166177783,0.28673110830888915,0.28673110830888915,0.17085039502929877,0.5734622166177863,0.1708503950293028,0.4342665289633228,2,7.993605777301127e-15,4.0245584642661925e-15,0.0,3.097522238704187e-14,1.1796119636642288e-14,2.298161660974074e-14,7.771561172376096e-15
846,1,1,1.0,1.0,0.04663428914224736,0.011860866682681284,ok,,0.0466342891422471,0.02331714457112355,0.02331714457112355,0.011860866682681825,0.046634289142247355,0.011860866682681282,0.04556361847936841,1,2.5673907444456745e-16,5.429684479807406e-16,0.0,2.636779683484747e-16,5.412337245047638e-16,6.938893903907228e-18,1.734723475976807e-18
847,4,2,870626.6551557104,21442.491075348462,0.7385388079097224,0.2142476342371879,ok,,0.7385388079110777,0.36926940395553887,0.36926940395553887,0.2142476342376627,0.7385388079112727,0.21424763423769855,0.42981224007487245,2,1.949551631241775e-13,3.5860203695392556e-14,0.0,1.3553602684623911e-12,4.747868764809482e-13,1.5503154315865686e-12,5.106470801763408e-13
848,3,1,6.693871799399839,1.0,0.34346668708759537,0.09628407875358537,ok,,0.34346668708759553,0.17173334354379777,0.17173334354379777,0.09628407875358524,0.34346668708759537,0.09628407875358537,0.2906928901635318,1,1.6653345369377348e-16,1.249000902703301e-16,0.0,1.6653345369377348e-16,1.249000902703301e-16,0.0,0.0
849,1,2,1.0,93902.23069061752,0.5408548206061935,0.16012423313028615,ok,,0.5408548206062793,0.27042741030313966,0.27042741030313966,0.16012423313042445,0.5408548206050071,0.1601242331298858,0.4177496799879294,1,1.2722045639179669e-12,5.386524559725103e-13,0.0,8.58202398035246e-14,1.3830603329267888e-13,1.1863843241144423e-12,4.0034642267983145e-13
850,5,5,669.6641585639098,11086.47261796032,1.3467644627241948,0.41419684149167074,ok,,1.3467644627240611,0.6733822313620306,0.6733822313620306,0.4141968414916404,1.3467644627241815,0.41419684149166697,0.6135783888398822,5,1.2034817586936697e-13,2.65898414397725e-14,0.0,1.3367085216486885e-13,3.036459972349803e-14,1.3322676295501878e-14,3.774758283725532e-15
851,1,3,1.0,225388.00416968297,1.1457597228505931,0.3859423417342303,ok,,1.1457597228409,0.57287986142045,0.57287986142045,0.3859423417339509,1.1457597228484393,0.38594234173335984,0.6820177523780478,1,7.539302515624513e-12,5.910827383104333e-13,0.0,9.693135183397317e-12,2.7938762414692064e-13,2.1538326677728037e-12,8.70470362457354e-13
852,4,1,4566.737102252489,1.0,11.69810187967601,5.561371637241313,ok,,11.69810188137535,5.849050940687675,5.849050940687675,5.561371637708779,11.698101877244351,5.561371636025491,0.9999916904232021,1,4.130999542439895e-09,1.6832881755135531e-09,0.0,1.6993411122712132e-09,4.674660658565699e-10,2.4316584301686817e-09,1.2158221096569832e-09
853,3,4,1.0917924044953178,691.680312535743,0.13958161088221216,0.03644833358566391,ok,,0.139581610882209,0.0697908054411045,0.0697908054411045,0.03644833358565602,0.13958161088221133,0.0364483335856637,0.12179221670183545,3,2.3314683517128287e-15,7.674416657721395e-15,0.0,3.164135620181696e-15,7.889522368742519e-15,8.326672684688674e-16,2.1510571102112408e-16
854,1,3,1.0,18092497.899301507,0.17334221884186848,0.04607039535202731,ok,,0.17334221827364438,0.08667110913682219,0.08667110913682219,0.04607039536299817,0.17334221890709056,0.04607039537035975,0.15915018910185685,1,6.334461843948702e-10,7.361576626063737e-12,0.0,5.682241066562455e-10,1.0970863106862794e-11,6.522207773862476e-11,1.833243973292653e-11
855,1,3,1.0,13372296.901655173,0.07474072574983782,0.019202333560529205,ok,,0.07474072570856993,0.037370362854284966,0.037370362854284966,0.019202333534248606,0.07474072573771243,0.019202333557331124,0.07201594247782546,1,2.9142493973566275e-11,2.3082518535444407e-11,0.0,4.1267891881524577e-11,2.6280599224604018e-11,1.2125397907958302e-11,3.1980806891596103e-12
856,2,1,1.0027363513465253,1.0,0.22148705702285573,0.05979919786808345,ok,,0.22148705702285554,0.11074352851142777,0.11074352851142777,0.059799197868084075,0.22148705702285584,0.059799197868083485,0.19867370637128073,1,3.0531133177191805e-16,5.898059818321144e-16,0.0,1.942890293094024e-16,6.245004513516506e-16,1.1102230246251565e-16,3.469446951953614e-17
857,3,4,309952.93307546503,98.22872667300433,0.8502338398701299,0.2408514031209008,ok,,0.8502338398738513,0.42511691993692563,0.42511691993692563,0.24085140312177433,0.850233839877316,0.2408514031232441,0.3751914041584683,3,3.4647840152501885e-12,1.4697687511500135e-12,0.0,3.721356556241062e-12,8.735234757750732e-13,7.186140571491251e-12,2.3432922269250867e-12
858,1,2,1.0,4.423341926750371,0.17940522870058012,0.04777770818225159,ok,,0.17940522870058018,0.08970261435029009,0.08970261435029009,0.04777770818225191,0.1794052287005801,0.047777708182251584,0.16423284607079616,1,8.326672684688674e-17,3.2612801348363973e-16,0.0,5.551115123125783e-17,3.191891195797325e-16,2.7755575615628914e-17,6.938893903907228e-18
859,4,4,4789.478850376389,3468239.653638169,5.505652504964927,2.1135598317044355,ok,,5.505652504779759,2.7528262523898794,2.7528262523898794,2.1135598317945696,5.505652505092079,2.1135598317605346,0.9503393703172931,4,3.1231994768177174e-10,3.40349970429088e-11,0.0,1.851683251175018e-10,9.013412238800811e-11,1.2715162256426993e-10,5.609912534509931e-11
860,1,1,1.0,1.0,0.08067124634470248,0.020769681401075824,ok,,0.08067124634470257,0.04033562317235129,0.04033562317235129,0.020769681401075824,0.08067124634470248,0.020769681401075824,0.07750308416810536,1,9.71445146547012e-17,0.0,0.0,9.71445146547012e-17,0.0,0.0,0.0
861,1,5,1.0,1233.1895588249715,0.21098062500855158,0.05676995695287385,ok,,0.21098062500855047,0.10549031250427524,0.10549031250427524,0.05676995695287257,0.21098062500855222,0.05676995695287403,0.1902102436011116,1,1.7486012637846216e-15,1.4641066137244252e-15,0.0,1.1102230246251565e-15,1.2836953722228372e-15,6.38378239159465e-16,1.8041124150158794e-16
862,1,2,1.0,1793.0746839382402,1.4219304465262754,0.5006292570015596,ok,,1.421930446526297,0.7109652232631485,0.7109652232631485,0.5006292570015645,1.421930446526263,0.5006292570015543,0.7587521489883058,1,3.397282455352979e-14,1.021405182655144e-14,0.0,2.1538326677728037e-14,4.884981308350689e-15,1.2434497875801753e-14,5.329070518200751e-15
863,5,4,103788.82357663085,80.98015520300484,1.5334041026380154,0.4807007153808976,ok,,1.5334041026363332,0.7667020513181666,0.7667020513181666,0.48070071538039016,1.5334041026370386,0.48070071538052594,0.6396352160667477,4,7.054357098468245e-13,1.3578027591165664e-13,0.0,1.6822099269120372e-12,5.074274334049278e-13,9.767742170652127e-13,3.7164715749327115e-13
864,3,4,1277307.5156175164,6.715473136153437,21.371795852575662,10.241716862558564,ok,,21.371329618508156,10.685664809254078,10.685664809254078,10.24146992870455,21.371304790404555,10.241471331473262,0.9999999989285413,3,2.4828103601493012e-05,1.4027687118556287e-06,0.0,0.0004662340675061216,0.0002469338540134203,0.0004910621711076146,0.00024553108530156464
865,3,5,21602479.55961591,7546176.891769367,0.018122342556067723,0.004561009416188148,ok,,0.018122342534856895,0.009061171267428447,0.009061171267428447,0.0045610094295431836,0.0181223425577877,0.004561009416623841,0.01787973246631291,3,2.293080655912938e-11,1.2919342678996415e-11,0.0,2.1210828232698375e-11,1.335503582722275e-11,1.7199783264310042e-12,4.3569314822633487e-13
866,3,2,34627420.272184566,1.238988049467017,0.024330417131213193,0.006111373979453985,ok,,0.02433041713447079,0.012165208567235394,0.012165208567235394,0.006111373980216328,0.024330417137027143,0.006111373980918086,0.014464077230268444,2,2.55635443369151e-12,7.017580960777536e-13,0.0,3.2575955821734226e-12,7.623433134762436e-13,5.813950015864933e-12,1.4641014095539973e-12
867,1,3,1.0,10.027919589283156,0.00011484618178927453,2.871278195291298e-05,ok,,0.00011484618178922434,5.742309089461217e-05,5.742309089461217e-05,2.8712781952489053e-05,0.00011484618178927449,2.871278195291297e-05,0.00011483958721899485,1,5.014435047745458e-17,4.239162731782542e-16,0.0,5.0185008058922786e-17,4.2392643757362125e-16,4.0657581468206416e-20,1.0164395367051604e-20
868,2,3,1690.2469173061756,1336946.9781966794,0.16477932177914095,0.0425107426572692,ok,,0.16477932178659938,0.08238966089329969,0.08238966089329969,0.04251074268509791,0.16477932177882434,0.042510742657185664,0.095859010010574,2,7.77503061932805e-12,2.7912248901085235e-11,0.0,7.45842276828057e-12,2.7828711557376096e-11,3.16607851047479e-13,8.353734370913912e-14
869,4,1,999452.8312185534,1.0,0.003918916762688244,0.0009811680539612486,ok,,0.003918916762684965,0.0019594583813424826,0.0019594583813424826,0.0009811680539595358,0.003918916762687947,0.0009811680539611742,0.003911247829632388,1,2.9819896552041314e-15,1.6384463230600943e-15,0.0,3.2786273695961654e-15,1.7128225920926e-15,2.96637714392034e-16,7.43762690325056e-17
870,1,3,1.0,10818.414381088523,1.8762012534398833,0.7002148341224856,ok,,1.8762012534398491,0.9381006267199246,0.9381006267199246,0.7002148341225145,1.8762012534399137,0.7002148341224994,0.8468291407344513,1,6.461498003318411e-14,1.509903313490213e-14,0.0,3.419486915845482e-14,2.886579864025407e-14,3.042011087472929e-14,1.3766765505351941e-14
871,5,5,157214.7992116727,389019.60546552687,0.36722504970953257,0.09712027360340963,ok,,0.36722504972890047,0.18361252486445023,0.18361252486445023,0.09712027360203912,0.36722504970802966,0.09712027360298824,0.20149854883575544,5,2.087080508417216e-11,9.491157859642385e-13,0.0,1.9367896175737087e-11,1.3705148127485245e-12,1.5029089084350744e-12,4.21399026784286e-13
872,1,1,1.0,1.0,0.002313147219082087,0.0005787882347973402,ok,,0.0023131472190813795,0.0011565736095406898,0.0011565736095406898,0.0005787882347971784,0.0023131472190820864,0.0005787882347973401,0.0023104739556680538,1,7.068998164605489e-16,1.616545439175887e-16,0.0,7.073334973295431e-16,1.6176296413483726e-16,4.336808689942018e-19,1.0842021724855044e-19
873,3,2,36.41198325851438,51.217284701095814,0.005983416722406205,0.0014990071821524079,ok,,0.00598341672240621,0.002991708361203105,0.002991708361203105,0.0014990071821521234,0.00598341672240621,0.001499007182152409,0.005782406286789017,2,0.0,2.8557885223268187e-16,0.0,4.336808689942018e-18,2.8449465006019636e-16,4.336808689942018e-18,1.0842021724855044e-18
874,5,4,64.54311173815304,62805390.320011504,2.8670503460347447,1.0070555170807427,ok,,2.8670503472714923,1.4335251736357462,1.4335251736357462,1.0070555172223425,2.867050346155364,1.0070555171345987,0.8429063963552121,4,1.1161285229377427e-09,8.774381221599015e-11,0.0,1.2367475932251182e-09,1.415998429621368e-10,1.206190702873755e-10,5.3856030746146644e-11
875,2,1,415.6648188661439,1.0,0.3115307320964811,0.08650239673291678,ok,,0.31153073209647886,0.15576536604823943,0.15576536604823943,0.08650239673291749,0.3115307320964811,0.08650239673291678,0.2676748957262208,1,2.220446049250313e-15,7.077671781985373e-16,0.0,2.220446049250313e-15,7.077671781985373e-16,0.0,0.0
876,4,3,2761007.069754092,680.7182730229556,12.54073758185949,5.935993877406627,ok,,12.540741211390936,6.270370605695468,6.270370605695468,5.935995104033016,12.54074038562832,5.935995279284569,0.9999956241456511,3,8.257626156193965e-07,1.7525155282527294e-07,0.0,3.6295314451706417e-06,1.226626388906027e-06,2.8037688295512453e-06,1.4018779417312999e-06
877,2,4,17737.803183627682,318.3022854943284,0.3234441853885937,0.08671441481352113,ok,,0.323444185388605,0.1617220926943025,0.1617220926943025,0.08671441481353348,0.32344418538861597,0.08671441481352764,0.21418956812384624,2,1.099120794378905e-14,5.842548667089886e-15,0.0,1.1268763699945339e-14,1.2351231148954867e-14,2.225997164373439e-14,6.50868248186498e-15
878,1,3,1.0,1308944.9639061734,0.01747886907228761,0.004398275384760937,ok,,0.017478869071100078,0.008739434535550039,0.008739434535550039,0.004398275380930627,0.0174788690722781,0.004398275384758528,0.017326999762172668,1,1.178022956960234e-12,3.827900670050344e-12,0.0,1.187532711055539e-12,3.8303093335967375e-12,9.509754095304856e-15,2.4086635463937967e-15
879,2,1,40451168.117518984,1.0,0.27382828079433996,0.07516177434678342,ok,,0.27382828033736395,0.13691414016868197,0.13691414016868197,0.07516177424293735,0.2738282797796285,0.07516177404462857,0.23953734913668384,1,5.577354689201286e-10,1.9830878605908708e-10,0.0,4.5697601258609666e-10,1.0384607063151918e-10,1.0147114815062253e-09,3.0215485669060627e-10
880,1,4,1.0,217.5240128243057,0.009713768132226191,0.0024372736991823884,ok,,0.009713768132231904,0.004856884066115952,0.004856884066115952,0.002437273699183784,0.009713768132226205,0.002437273699182392,0.009666741877119906,1,5.698566618583811e-15,1.3921155894713877e-15,0.0,5.712444406391626e-15,1.3955850364233413e-15,1.3877787807814457e-17,3.469446951953614e-18
881,1,3,1.0,34602256.136964925,0.009538732244438596,0.0023931995620460394,ok,,0.009538731719472615,0.0047693658597363076,0.0047693658597363076,0.002393199720990946,0.00953873224410235,0.0023931995619613784,0.009493382844162237,1,5.24629735487725e-10,1.5902956772631538e-10,0.0,5.249659804085205e-10,1.5894490671547468e-10,3.3624492079553647e-13,8.46610108407031e-14
882,5,2,1618213.1792525654,16.59039580327671,1.0317589557378757,0.30474413410274487,ok,,1.0317589557404903,0.5158794778702451,0.5158794778702451,0.3047441341034265,1.0317589557374018,0.30474413410261825,0.45748350416969014,2,3.0884184099022605e-12,8.08242361927114e-13,0.0,2.6145752229922437e-12,6.816214259686149e-13,4.738431869100168e-13,1.266209359584991e-13
883,5,5,17325541.582784917,5.396535638873314,1.9061045079839682,0.6458309218729845,ok,,1.90610450800742,0.95305225400371,0.95305225400371,0.6458309218821272,1.9061045080180865,0.6458309218875884,0.7745487270644867,5,1.0666578731388654e-11,5.461187058131145e-12,0.0,2.3451685038367032e-11,9.142686607788164e-12,3.4118263769755686e-11,1.460387366591931e-11
884,2,4,19278799.936308857,327.4914436895129,0.03760976565436269,0.009524425880546061,ok,,0.03760976565899177,0.018804882829495884,0.018804882829495884,0.009524425881264342,0.037609765687559985,0.009524425889060916,0.03550587231347674,2,2.8568217236291105e-11,7.796574150176205e-12,0.0,4.62907490117459e-12,7.182813371864327e-13,3.3197292137465695e-11,8.514855487362638e-12
885,5,3,359482.9461569902,61955498.19964225,2.3482016781229618,0.8437437472801166,ok,,2.348201676908441,1.1741008384542204,1.1741008384542204,0.8437437475640444,2.3482016789066558,0.8437437475869346,0.8604790523662429,3,1.9982149268571447e-09,2.289024525481409e-11,0.0,1.2145209282721225e-09,2.8392777018382276e-10,7.836939985850222e-10,3.0681801543863685e-10
886,3,2,47081.1149278703,1.2775194833123689,0.37671391062406706,0.10585628437202133,ok,,0.3767139106240798,0.1883569553120399,0.1883569553120399,0.10585628437202077,0.37671391062407306,0.10585628437202323,0.3051780727114464,2,6.716849298982197e-15,2.456368441983159e-15,0.0,1.2712053631958042e-14,5.551115123125783e-16,5.995204332975845e-15,1.9012569296705806e-15
887,2,1,786407.5613569466,1.0,0.27623011074918963,0.07587744240645511,ok,,0.2762301107416066,0.1381150553708033,0.1381150553708033,0.0758774424031663,0.2762301107392798,0.07587744240350036,0.24136166015483834,1,2.326805415009403e-12,3.340661081097096e-13,0.0,7.583045302794744e-12,3.2888136658471012e-12,9.909850717804147e-12,2.9547475577373916e-12
888,2,3,378141.0309308493,3912.875069870251,14.001396274091002,6.704436307091633,ok,,14.001396197846967,7.0006980989234835,7.0006980989234835,6.704436367174958,14.001395175682987,6.704435757887944,0.9999991402500543,2,1.0221639801244464e-06,6.092870146190421e-07,0.0,7.624403508543764e-08,6.008332498197433e-08,1.098408015209884e-06,5.492036896370678e-07
889,1,1,1.0,1.0,0.05053478756861911,0.01287108982097212,ok,,0.050534787568619066,0.025267393784309533,0.025267393784309533,0.012871089820974513,0.050534787568619136,0.012871089820972128,0.04927914516992408,1,6.938893903907228e-17,2.3852447794681098e-15,0.0,4.163336342344337e-17,2.392183673372017e-15,2.7755575615628914e-17,6.938893903907228e-18
890,2,3,446776.8052152362,62360.85809078547,0.5263662538360874,0.144003602704502,ok,,0.5263662538448575,0.26318312692242873,0.26318312692242873,0.14400360270455526,0.5263662538428364,0.14400360270650334,0.23368243020982216,2,2.021049994027635e-12,1.9480805857341466e-12,0.0,8.770095760723962e-12,5.3262949606391885e-14,6.749045766696327e-12,2.0013435353405384e-12
891,1,3,1.0,217.51888182304864,0.2861074119914212,0.07883031537712956,ok,,0.28610741199142176,0.14305370599571088,0.14305370599571088,0.0788303153771297,0.2861074119914213,0.0788303153771296,0.2488180743331438,1,4.440892098500626e-16,9.71445146547012e-17,0.0,5.551115123125783e-16,1.3877787807814457e-16,1.1102230246251565e-16,4.163336342344337e-17
892,3,3,1338041.3645864995,17.499660876559858,0.17102482793472557,0.043850421008923154,ok,,0.1710248279311577,0.08551241396557885,0.08551241396557885,0.04385042100817138,0.1710248279310433,0.04385042100795476,0.07684116258395395,3,1.1440848268762238e-13,2.1661838989217586e-13,0.0,3.5678682230866343e-12,7.517736433371169e-13,3.682276705774257e-12,9.683920332292928e-13
893,5,4,81623443.43487154,438412.26625676785,3.1590188122901335,1.2501849818969715,ok,,3.15901881275903,1.579509406379515,1.579509406379515,1.2501849821743276,3.1590188132703725,1.250184982353487,0.9451882289115131,4,5.11342523878966e-10,1.791593540190206e-10,0.0,4.68896477201497e-10,2.7735613805646153e-10,9.80239001080463e-10,4.5651549207548214e-10
894,4,1,11036269.04137354,1.0,0.01871980867161879,0.004712702478572877,ok,,0.018719808672491567,0.009359904336245783,0.009359904336245783,0.0047127024787565475,0.018719808671936764,0.0047127024786534815,0.01854568129020896,1,5.548027315338544e-13,1.0306599323994803e-13,0.0,8.727775446804031e-13,1.8367078691294836e-13,3.1797481314654874e-13,8.060479367300033e-14
895,3,2,234452.26615283164,2027.3774769399854,1.5062945609362333,0.5324933551807652,ok,,1.5062945609368703,0.7531472804684352,0.7531472804684352,0.5324933551810225,1.506294560936781,0.5324933551810007,0.7728811961655961,2,8.926193117986259e-14,2.1760371282653068e-14,0.0,6.370459715299148e-13,2.5723867480564877e-13,5.477840403500522e-13,2.354783035229957e-13
896,2,3,46440821.159023084,8.389103600124194,0.30812782623886503,0.08527845912333483,ok,,0.3081278260414255,0.15406391302071276,0.15406391302071276,0.0852784590129958,0.30812782514895,0.08527845879361781,0.2625054856681462,2,8.924755379169369e-10,2.1937798799775976e-10,0.0,1.974395091863812e-10,1.1033902957979791e-10,1.089915047103318e-09,3.2971701757755767e-10
897,5,1,37.95866687305968,1.0,1.1362689949158584,0.3821104439709032,ok,,1.1362689949158584,0.5681344974579292,0.5681344974579292,0.38211044397090266,1.1362689949158584,0.3821104439709032,0.6789855030121134,1,0.0,5.551115123125783e-16,0.0,0.0,5.551115123125783e-16,0.0,0.0
898,2,2,2.4213081364860636,1861447.9405761731,0.28112413076292847,0.07452773442276803,ok,,0.2811241307926222,0.1405620653963111,0.1405620653963111,0.07452773436019777,0.2811241307975877,0.07452773443267063,0.18183370111745248,2,4.965472477636013e-12,7.247286104572481e-11,0.0,2.969374746086828e-11,6.257025453315634e-11,3.465921993850429e-11,9.902606512568468e-12
899,5,2,87.14577545973933,7168.428242561545,0.673550939694847,0.2015831432482253,ok,,0.6735509396947812,0.3367754698473906,0.3367754698473906,0.20158314324815763,0.6735509396948669,0.20158314324823198,0.4661243655160538,2,8.570921750106208e-14,7.435718707426986e-14,0.0,6.583622536027178e-14,6.766809335090329e-14,1.9872992140790302e-14,6.689093723366568e-15
900,1,4,1.0,430714.960100236,18.32877938081389,8.876707621609354,ok,,18.328512367783137,9.164256183891569,9.164256183891569,8.876543504467913,18.3285127416615,8.876574302034133,0.9999999890345097,1,3.7387836115954087e-07,3.079756621993113e-05,0.0,0.00026701303075427063,0.00016411714144126677,0.0002666391523931111,0.00013331957522133564
901,3,1,2.224033588290088,1.0,0.007276715853148157,0.0018241370583067205,ok,,0.0072767158531483744,0.0036383579265741872,0.0036383579265741872,0.0018241370583065297,0.007276715853148159,0.0018241370583067212,0.007250304657428009,1,2.1510571102112408e-16,1.9147010366094008e-16,0.0,2.177077962350893e-16,1.9081958235744878e-16,2.6020852139652106e-18,6.505213034913027e-19
902,4,4,47858832.653566904,31664.70566495432,0.22033244906124075,0.057201858758921566,ok,,0.22033244907381988,0.11016622453690994,0.11016622453690994,0.05720185876430772,0.2203324490260948,0.05720185874950051,0.10771358203277644,4,4.772507389283476e-11,1.4807211012879407e-11,0.0,1.2579132180334796e-11,5.386156798348196e-12,3.514594171249996e-11,9.42105421453121e-12
903,5,4,1774.8555075911036,1.5621739838752542,0.6220696209385617,0.17611491691921452,ok,,0.6220696209385677,0.31103481046928383,0.31103481046928383,0.176114916919218,0.6220696209385634,0.17611491691921513,0.36930529841276216,4,4.218847493575595e-15,2.858824288409778e-15,0.0,5.995204332975845e-15,3.469446951953614e-15,1.7763568394002505e-15,6.106226635438361e-16
904,2,1,47513.132715248925,1.0,0.17646218377799597,0.04694817794963482,ok,,0.17646218377799627,0.08823109188899814,0.08823109188899814,0.04694817794963546,0.17646218377799644,0.046948177949634955,0.16176952273435238,1,1.6653345369377348e-16,5.065392549852277e-16,0.0,3.0531133177191805e-16,6.38378239159465e-16,4.718447854656915e-16,1.3183898417423734e-16
905,2,3,7.775815282701755,935.6675945835656,3.771678760132679,1.5239663445201252,ok,,3.7716787601327297,1.8858393800663649,1.8858393800663649,1.523966344520129,3.7716787601326605,1.523966344520116,0.9657571068913939,2,6.927791673660977e-14,1.3100631690576847e-14,0.0,5.062616992290714e-14,3.774758283725532e-15,1.865174681370263e-14,9.325873406851315e-15
906,4,3,2766560.5398725616,121257.18047756475,0.7146436031473764,0.21652501837422863,ok,,0.7146436031720551,0.35732180158602755,0.35732180158602755,0.21652501838577276,0.7146436031743785,0.21652501838380436,0.4902501578956537,3,2.323363723633065e-12,1.968397667084787e-12,0.0,2.4678703525182755e-11,1.1544126765627993e-11,2.700206724881582e-11,9.575729098543206e-12
907,5,4,1179.829185949207,67705.86353392707,1.9252750337643985,0.6103453990811527,ok,,1.9252750337651676,0.9626375168825838,0.9626375168825838,0.6103453990809458,1.9252750337646478,0.6103453990812437,0.5994180838232162,4,5.198064201294983e-13,2.97983859809392e-13,0.0,7.691625114603085e-13,2.0694557179012918e-13,2.4935609133081016e-13,9.103828801926284e-14
908,3,1,112279.40540594974,1.0,0.4631145221269856,0.13430835639042052,ok,,0.4631145221269337,0.23155726106346686,0.23155726106346686,0.1343083563904055,0.46311452212697857,0.13430835639041822,0.37067944274763204,1,4.4853010194856324e-14,1.2712053631958042e-14,0.0,5.190292640122607e-14,1.5015766408055242e-14,7.049916206369744e-15,2.3037127760972e-15
909,3,2,26233.543510622883,98742177.85552078,0.7691427030194204,0.23914649145425343,ok,,0.7691426901206562,0.3845713450603281,0.3845713450603281,0.2391464914776269,0.7691427062677649,0.23914649263315294,0.5309467834137589,2,1.6147108761188633e-08,1.155526035967469e-09,0.0,1.2898764278901353e-08,2.337346982628219e-11,3.2483444822872798e-09,1.1788995057937512e-09
910,3,3,31858.86523433872,588123.2263330244,0.032078015361988566,0.008085150162931314,ok,,0.032078015357655865,0.016039007678827932,0.016039007678827932,0.008085150158861687,0.03207801536174799,0.008085150162870034,0.02547219434189527,3,4.092122474208537e-12,4.008347473383189e-12,0.0,4.332700864750905e-12,4.06962658017207e-12,2.405783905423675e-13,6.127910678888071e-14
911,4,3,1231.3117037393579,10.327323079207634,0.6987919034227341,0.198807969687393,ok,,0.6987919034227278,0.3493959517113639,0.3493959517113639,0.198807969687393,0.6987919034227366,0.19880796968739378,0.3816942380002265,3,8.770761894538737e-15,7.771561172376096e-16,0.0,6.328271240363392e-15,0.0,2.4424906541753444e-15,7.771561172376096e-16
912,1,3,1.0,137.7060399043474,9.531399169770317,4.478041691494361,ok,,9.531399169766058,4.765699584883029,4.765699584883029,4.478041691492104,9.531399169773378,4.478041691495891,0.9999274619401045,1,7.320366535168432e-12,3.787192781601334e-12,0.0,4.259703700881801e-12,2.2568613644580182e-12,3.0606628342866316e-12,1.5303314171433158e-12
913,1,3,1.0,732.7327960352388,0.07113283424224566,0.018251925276219678,ok,,0.07113283424224481,0.03556641712112241,0.03556641712112241,0.01825192527621944,0.0711328342422457,0.01825192527621969,0.06866182968960056,1,8.881784197001252e-16,2.5326962749261384e-16,0.0,8.465450562766819e-16,2.393918396847994e-16,4.163336342344337e-17,1.3877787807814457e-17
914,2,3,12047.999375613052,121502.53431611432,0.8085765694435368,0.2549837252560566,ok,,0.8085765694446749,0.40428828472233747,0.40428828472233747,0.25498372525736324,0.8085765694443461,0.25498372525635654,0.5542243660656907,2,3.2884805989397137e-13,1.0066947275788607e-12,0.0,1.138089622543248e-12,1.3066214776813467e-12,8.092415626492766e-13,2.9992675010248604e-13
915,4,4,9382272.519194061,2224044.15981342,1.7839323895981585,0.573935182561011,ok,,1.7839323895596557,0.8919661947798279,0.8919661947798279,0.5739351825641448,1.7839323895768715,0.5739351825537256,0.6776259768276445,4,1.7215784353652452e-11,1.0419221041502169e-11,0.0,3.8502756538605354e-11,3.1338265316094294e-12,2.12869721849529e-11,7.28539450989274e-12
916,5,1,3.1733773999269705,1.0,0.20469673094284246,0.05496699143132045,ok,,0.20469673094284246,0.10234836547142123,0.10234836547142123,0.05496699143132222,0.20469673094284255,0.05496699143132048,0.18510558879881336,1,8.326672684688674e-17,1.7416623698807143e-15,0.0,0.0,1.7694179454963432e-15,8.326672684688674e-17,2.7755575615628914e-17
917,3,2,23841.078383699354,96869.24897003765,0.06370085861612655,0.016286571031509427,ok,,0.06370085861605634,0.03185042930802817,0.03185042930802817,0.01628657103058817,0.0637008586160653,0.01628657103149341,0.060490329875717036,2,8.951173136040325e-15,9.052411598098331e-13,0.0,7.020772851973334e-14,9.21256126940051e-13,6.125655538369301e-14,1.6014967130217883e-14
918,2,3,16395.463635026634,2114.6005519918426,1.264301249336659,0.38383870235690926,ok,,1.264301249336655,0.6321506246683275,0.6321506246683275,0.3838387023569356,1.2643012493367114,0.38383870235692763,0.5104228711720054,2,5.639932965095795e-14,7.993605777301127e-15,0.0,3.9968028886505635e-15,2.6367796834847468e-14,5.240252676230739e-14,1.837419105754634e-14
919,4,3,377278.41335808457,1350.3113532639607,0.22375106494591246,0.058812619884250295,ok,,0.22375106494402708,0.11187553247201354,0.11187553247201354,0.05881261988376707,0.22375106494436153,0.05881261988381773,0.15600424939755053,3,3.344546861683284e-13,5.0660864392426674e-14,0.0,1.885380740418441e-12,4.832245714680994e-13,1.5509260542501124e-12,4.325637070756727e-13
920,2,1,211348.0309200552,1.0,0.7233186583794193,0.2238730599641007,ok,,0.7233186583794629,0.3616593291897314,0.3616593291897314,0.22387305996411477,0.7233186583794717,0.2238730599641196,0.5148604310342837,1,8.881784197001252e-15,4.829470157119431e-15,0.0,4.3520742565306136e-14,1.4072076837123859e-14,5.240252676230739e-14,1.890154699424329e-14
921,2,2,10063.410445546708,12772.973691147252,0.1768382785735594,0.04696149342106909,ok,,0.17683827857358647,0.08841913928679324,0.08841913928679324,0.046961493421067146,0.17683827857355652,0.04696149342106829,0.15958923867928568,2,2.99482660892636e-14,1.1449174941446927e-15,0.0,2.706168622523819e-14,1.942890293094024e-15,2.886579864025407e-15,7.979727989493313e-16
922,1,1,1.0,1.0,0.02010655694073336,0.00506441272317357,ok,,0.020106556940733267,0.010053278470366633,0.010053278470366633,0.005064412723173595,0.02010655694073336,0.00506441272317357,0.019905768100605913,1,9.367506770274758e-17,2.42861286636753e-17,0.0,9.367506770274758e-17,2.42861286636753e-17,0.0,0.0
923,4,3,552424.3897009501,87.17939795037509,0.8944851984165496,0.2576985260044521,ok,,0.8944851984228694,0.4472425992114347,0.4472425992114347,0.2576985260063447,0.8944851984171673,0.2576985260046517,0.38013093654229513,3,5.702105454474804e-12,1.6929790902509012e-12,0.0,6.319833545376241e-12,1.8925971900785044e-12,6.177280909014371e-13,1.9961809982760315e-13
924,2,4,1123.7461812768952,26665.442411242744,13.138082547968235,6.275409085954684,ok,,13.13808247579802,6.56904123789901,6.56904123789901,6.275409113498017,13.138082600267966,6.275409112104514,0.9999979833321364,2,1.2446994546166934e-07,1.393503090696413e-09,0.0,7.21702146933012e-08,2.7543332947743693e-08,5.2299730768368136e-08,2.614982985704728e-08
925,1,2,1.0,210213.83355059157,0.43961822763599345,0.1266742107985184,ok,,0.43961822763973224,0.21980911381986612,0.21980911381986612,0.12667421079731733,0.4396182276359178,0.12667421079849395,0.35571765666965477,1,3.8144487568558816e-12,1.176614361497741e-12,0.0,3.738787057727677e-12,1.20106702361511e-12,7.566169912820442e-14,2.4452662117369073e-14
926,4,5,23251.76828467198,5780.721532135429,0.5489785979878447,0.14624239724126206,ok,,0.5489785979880009,0.27448929899400043,0.27448929899400043,0.1462423972412763,0.5489785979879553,0.1462423972412923,0.20402451595644822,4,4.551914400963142e-14,1.5987211554602254e-14,0.0,1.5620837956475953e-13,1.4238610290817633e-14,1.1068923555512811e-13,3.0225821845419887e-14
927,2,3,39.76641106604023,8041.66620132802,0.0036603442115457994,0.0009163345781330764,ok,,0.003660344211553035,0.0018301721057765175,0.0018301721057765175,0.0009163345781337817,0.0036603442115459616,0.0009163345781331172,0.0036437717716611053,2,7.073334973295431e-15,6.645075115163657e-16,0.0,7.235531618299262e-15,7.052735132018206e-16,1.6219664500383146e-16,4.0766001685454967e-17
928,4,2,43.1177430504014,7450277.640508395,1.2686425613217482,0.4233026533595586,ok,,1.2686425610126184,0.6343212805063092,0.6343212805063092,0.42330265339007145,1.2686425612107524,0.42330265332014827,0.6939899385703114,2,1.9813395368828424e-10,6.992317835852191e-11,0.0,3.091298328428138e-10,3.051287000843672e-11,1.1099587915452958e-10,3.941030835008519e-11
929,2,1,7232476.262854908,1.0,0.009031056705033609,0.0022653989094834795,ok,,0.009031056706890084,0.004515528353445042,0.004515528353445042,0.0022653989098531113,0.009031056704912332,0.0022653989094529557,0.008990399197782443,1,1.977751296067254e-12,4.00155603097474e-13,0.0,1.8564750431382393e-12,3.696318424950551e-13,1.2127625292901456e-13,3.0523760602418903e-14
930,2,5,191950.52236986035,319.78765778001383,0.1670776765607569,0.04427214790852222,ok,,0.16707767656041148,0.08353883828020574,0.08353883828020574,0.04427214790845735,0.1670776765602054,0.04427214790836799,0.1527055870401041,2,2.0608514894604468e-13,8.935907569451729e-14,0.0,3.4541813853650183e-13,6.487171910762868e-14,5.515032874825465e-13,1.5423079480214597e-13
931,1,3,1.0,11431.28345455484,0.0925521670123905,0.023928642735447984,ok,,0.09255216701239499,0.046276083506197496,0.046276083506197496,0.02392864273543749,0.09255216701238698,0.023928642735447047,0.088398345810761,1,8.007483565108942e-15,9.558326352632207e-15,0.0,4.496403249731884e-15,1.0495077029659683e-14,3.5110803153770576e-15,9.367506770274758e-16
932,1,2,1.0,17871188.210172784,0.005864037514269009,0.0014692300019431782,ok,,0.005864037832370883,0.0029320189161854415,0.0029320189161854415,0.0014692299979763845,0.005864037514225946,0.0014692300019323653,0.005846877604744077,1,3.181449374778378e-10,3.955980725292574e-12,0.0,3.181018738349084e-10,3.966793690399206e-12,4.306364292938625e-14,1.0812965106632433e-14
933,1,3,1.0,42119.87994419791,0.2073674861199393,0.055732471425249126,ok,,0.2073674861193302,0.1036837430596651,0.1036837430596651,0.0557324714254106,0.20736748611981506,0.05573247142521349,0.18727906855811496,1,4.848621504294215e-13,1.9711315912829264e-13,0.0,6.090961068849765e-13,1.614750000378251e-13,1.2423395645555502e-13,3.5638159090467525e-14
934,3,1,6.068001528980767,1.0,0.028231403673719617,0.007132218630368823,ok,,0.028231403673720123,0.014115701836860062,0.014115701836860062,0.007132218630367948,0.0282314036737196,0.007132218630368819,0.02783662140656024,1,5.238864897449957e-16,8.708311849403572e-16,0.0,5.065392549852277e-16,8.751679936302992e-16,1.734723475976807e-17,4.336808689942018e-18
935,3,4,22.750148111054806,1340994.0024847658,0.25744328906610575,0.06757208852870115,ok,,0.25744328906150926,0.12872164453075463,0.12872164453075463,0.0675720885311124,0.25744328906561353,0.067572088528564,0.1485172215721233,3,4.104272477434279e-12,2.5484059307245843e-12,0.0,4.596489855401842e-12,2.411251753819954e-12,4.922173779675632e-13,1.3715417690463028e-13
936,1,3,1.0,164066.75143059224,11.790301847924654,5.607471377404797,ok,,11.79030187823886,5.89515093911943,5.89515093911943,5.60747138746952,11.790301863337719,5.60747138511129,0.9999924223077967,1,1.4901141653922423e-08,2.3582300556768132e-09,0.0,3.0314206256321086e-08,1.0064723277025678e-08,1.5413064602398663e-08,7.706493221348865e-09
937,1,5,1.0,21855586.080824837,0.0014734895925782934,0.00036857589548806873,ok,,0.0014734898346562275,0.0007367449173281138,0.0007367449173281138,0.0003685758963927199,0.0014734895926842323,0.0003685758955145827,0.0014724045398977876,1,2.419719951751026e-10,8.781372439099766e-13,0.0,2.420779340872592e-10,9.046511911976751e-13,1.0593891215660012e-13,2.6513947287698514e-14
938,1,4,1.0,2036581.1280841099,0.01737578271632069,0.004372168418035792,ok,,0.017375782773592974,0.008687891386796487,0.008687891386796487,0.00437216842037591,0.017375782716321928,0.004372168418036106,0.017225694361969072,1,5.727104554487106e-11,2.3398045653766353e-12,0.0,5.7272284137432905e-11,2.340118550325787e-12,1.2385925618474403e-15,3.139849491518021e-16
939,4,2,33216533.511232983,2.589358650286407,0.8045040690924566,0.24784792485779744,ok,,0.8045040691248145,0.40225203456240727,0.40225203456240727,0.24784792480562423,0.8045040688901719,0.24784792478409795,0.5294564526815241,2,2.3464263865236035e-10,2.1526280757910854e-11,0.0,3.235789414191004e-11,5.217321019657106e-11,2.022847445104503e-10,7.369949095448192e-11
940,5,2,275169.88609261153,4193.251626903667,0.12249207782232932,0.03146164500454458,ok,,0.12249207782285776,0.06124603891142888,0.06124603891142888,0.03146164500435411,0.1224920778222296,0.031461645004518035,0.08538282121758994,2,6.281641873329136e-13,1.6392442958590436e-13,0.0,5.284384041459589e-13,1.9047263766225342e-13,9.972578318695469e-14,2.6548208076349056e-14
941,3,4,461.88020510611574,2.443760636670673,1.5863121892322152,0.4987858431737979,ok,,1.5863121892322174,0.7931560946161087,0.7931560946161087,0.49878584317379904,1.5863121892322194,0.4987858431737995,0.5924348028173598,3,1.9984014443252818e-15,4.440892098500626e-16,0.0,2.220446049250313e-15,1.1102230246251565e-15,4.218847493575595e-15,1.5543122344752192e-15
942,2,1,1124339.9270129476,1.0,0.25225932093989273,0.0687767828784592,ok,,0.2522593209398929,0.12612966046994645,0.12612966046994645,0.06877678287845956,0.25225932093989284,0.06877678287845923,0.22295679163549112,1,5.551115123125783e-17,3.3306690738754696e-16,0.0,1.6653345369377348e-16,3.608224830031759e-16,1.1102230246251565e-16,2.7755575615628914e-17
943,2,3,127.66752411942947,418923.0808479508,0.4694846092602723,0.13073675070279425,ok,,0.46948460926180324,0.23474230463090162,0.23474230463090162,0.1307367506993704,0.4694846092602751,0.13073675070279495,0.31555218992124956,2,1.5281664822452967e-12,3.4245384306075266e-12,0.0,1.5309420398068596e-12,3.423844541217136e-12,2.7755575615628914e-15,6.938893903907228e-16
944,5,5,2.8282452372388067,1637.1915650072856,4.730317075838867,1.8666281087836736,ok,,4.730317075838911,2.3651585379194553,2.3651585379194553,1.866628108783643,4.730317075838873,1.8666281087836767,0.9744758922925982,5,3.730349362740526e-14,3.375077994860476e-14,0.0,4.3520742565306136e-14,3.064215547965432e-14,6.217248937900877e-15,3.1086244689504383e-15
945,5,1,2592513.8339816197,1.0,0.8341999536139802,0.2645959480162088,ok,,0.834199953738862,0.417099976869431,0.417099976869431,0.26459594805208386,0.8341999537352963,0.26459594806152764,0.5657782600158576,1,3.5657032881886153e-12,9.443779092066507e-12,0.0,1.248817715904238e-10,3.5875080683922533e-11,1.2131606830223518e-10,4.531885977598904e-11
946,2,3,654.1310789154589,56678.3343228016,0.01069146569026538,0.0026784020691843747,ok,,0.010691465691540003,0.0053457328457700015,0.0053457328457700015,0.0026784020683363607,0.010691465690262976,0.002678402069183771,0.006312973018149636,2,1.2770270951811824e-12,8.474102496103253e-13,0.0,1.2746227684434785e-12,8.480139333799652e-13,2.4043267377038546e-15,6.036837696399289e-16
947,2,1,11586.22923876137,1.0,1.0507339024326034e-05,2.6268451064546364e-06,ok,,1.0507339023746454e-05,5.253669511873227e-06,5.253669511873227e-06,2.6268451067679166e-06,1.0507339024325944e-05,2.626845106454614e-06,1.05072838224326e-05,1,5.794908146004515e-16,3.1330266411278875e-16,0.0,5.795806000928605e-16,3.132802177396865e-16,8.978549240895584e-20,2.244637310223896e-20
948,3,2,713.4174954170634,10396194.921207884,18.654619433925966,8.992971456150721,ok,,18.592471474231427,9.296235737115714,9.296235737115714,8.984184760202176,18.661387096468435,8.996355287400156,0.9999999903863392,2,0.06891562223700731,0.012170527197980618,0.0,0.06214795969453846,0.008786695948545642,0.006767662542468855,0.0033838312494349765
949,3,4,515.37299373003,122367.31885359783,1.7476321963756751,0.5595644038260035,ok,,1.747632196379031,0.8738160981895156,0.8738160981895156,0.5595644038271699,1.7476321963758008,0.5595644038260508,0.6158244299540392,3,3.2303049124493555e-12,1.1191048088221578e-12,0.0,3.355982158836923e-12,1.1664003096711895e-12,1.2567724638756772e-13,4.729550084903167e-14
950,5,4,827416.1133144636,1.6746510712790599,0.938658540090434,0.2741255790338285,ok,,0.9386585400922788,0.4693292700461394,0.4693292700461394,0.2741255790346342,0.938658540092911,0.2741255790346392,0.4794723779566752,4,6.322720125240266e-13,4.9960036108132044e-15,0.0,1.84474657771716e-12,8.056888489704761e-13,2.4770185902411868e-12,8.106848525812893e-13
951,2,2,15.266104226348695,987360.4511566221,1.165206153409669,0.3628666599522488,ok,,1.1652061533572207,0.5826030766786103,0.5826030766786103,0.3628666599459218,1.1652061534100393,0.36286665995238765,0.5974701441907401,2,5.28186383519369e-11,6.465827873114449e-12,0.0,5.2448267950921945e-11,6.326994483885073e-12,3.703704010149522e-13,1.3883338922937583e-13
952,5,2,1079.9287935364061,5020362.941117852,1.2013551548763595,0.4084533509596999,ok,,1.2013551553086215,0.6006775776543107,0.6006775776543107,0.40845335106811564,1.2013551548867967,0.40845335096396695,0.6990420450446172,2,4.2182479731422973e-10,1.0414868967245638e-10,0.0,4.322620039687308e-10,1.0841572084530071e-10,1.0437206654501097e-11,4.267031172844327e-12
953,2,2,128.67458436652524,28469340.98835565,0.1563365729644409,0.04083391223149958,ok,,0.1563365735964677,0.07816828679823384,0.07816828679823384,0.040833912079519585,0.15633657288755176,0.04083391221043385,0.12785292595320633,2,7.089159259621169e-10,1.3091426553923924e-10,0.0,6.320267920134626e-10,1.5197999803095996e-10,7.688913394865438e-11,2.1065732491720723e-11
954,5,5,22490354.662148688,49.83850329924639,2.3037067812909195,0.7068085794864084,ok,,2.303706782408675,1.1518533912043376,1.1518533912043376,0.7068085798404864,2.303706782088584,0.7068085797743296,0.6245394257473978,5,3.20091064764938e-10,6.615674674748107e-11,0.0,1.1177556658026333e-09,3.540779891508805e-10,7.976646010376953e-10,2.8792124240339945e-10
955,4,3,79.7603809791563,51269.62743158142,2.001045927785432,0.7513876669726662,ok,,2.001045927785743,1.0005229638928714,1.0005229638928714,0.7513876669720991,2.0010459277861,0.7513876669729705,0.8611039187904088,3,3.5704772471945034e-13,8.714140520282854e-13,0.0,3.1086244689504383e-13,5.6710192097853e-13,6.679101716144942e-13,3.043121310497554e-13
956,5,5,497.5201053583853,5.162950888200316,0.49404555688959373,0.1341102911466286,ok,,0.49404555688959584,0.24702277844479792,0.24702277844479792,0.1341102911466292,0.49404555688959667,0.13411029114662945,0.2416900177848751,5,8.326672684688674e-16,2.498001805406602e-16,0.0,2.1094237467877974e-15,6.106226635438361e-16,2.942091015256665e-15,8.604228440844963e-16
957,1,3,1.0,66772.22852801967,0.7604451960296069,0.23735007545463094,ok,,0.7604451960296141,0.38022259801480707,0.38022259801480707,0.23735007545464581,0.7604451960296605,0.2373500754546505,0.5325417298878509,1,4.6407322429331543e-14,4.690692279041286e-15,0.0,7.216449660063518e-15,1.4876988529977098e-14,5.362377208939506e-14,1.9567680809018384e-14
958,3,5,1954100.0986604982,35900.05760347093,0.6232241731487412,0.17259678114445856,ok,,0.6232241731230976,0.3116120865615488,0.3116120865615488,0.1725967811390534,0.6232241731282423,0.1725967811381779,0.33656409558745537,3,5.144662473810513e-12,8.755218772193984e-13,0.0,2.5643598355884478e-11,5.40514855096319e-12,2.0498935882073965e-11,6.280670428182589e-12
959,4,3,128.09768980146308,61818342.8929596,0.7737578260470144,0.24175133461866924,ok,,0.7737578270355421,0.38687891351777104,0.38687891351777104,0.24175133465870147,0.7737578260485606,0.24175133461906037,0.5368513478721443,3,9.86981496531314e-10,3.964109596132914e-11,0.0,9.885277041377094e-10,4.0032227532904585e-11,1.5462076063954555e-12,3.9113157157544265e-13
960,3,4,9.335608511938045,184.0075668548628,16.3344280710208,7.770968061138041,ok,,16.33442808005534,8.16721404002767,8.16721404002767,7.770968064195013,16.33442806614195,7.7709680586986165,0.9999998634649454,3,1.3913389551589717e-08,5.496396227044897e-09,0.0,9.034540227048637e-09,3.056971564774358e-09,4.878849324541079e-09,2.4394246622705396e-09
961,3,1,668.2403835873608,1.0,0.3666748352094639,0.10349165859196745,ok,,0.36667483520946414,0.18333741760473207,0.18333741760473207,0.10349165859196852,0.3666748352094641,0.1034916585919675,0.30696504102240246,1,5.551115123125783e-17,1.0130785099704553e-15,0.0,2.220446049250313e-16,1.0685896612017132e-15,1.6653345369377348e-16,5.551115123125783e-17
962,2,1,13704569.668097818,1.0,0.06793489034712563,0.017411474537134288,ok,,0.06793489043140721,0.03396744521570361,0.03396744521570361,0.017411474555471873,0.06793489039132337,0.017411474548737097,0.06567869510861976,1,4.008383902576185e-11,6.734775931382941e-12,0.0,8.42815817136966e-11,1.8337584922756278e-11,4.419774268793475e-11,1.1602808991373337e-11
963,3,5,6.8700750722649975,6.849495404623227,2.890063989693771,0.9934503871834024,ok,,2.8900639896937714,1.4450319948468857,1.4450319948468857,0.9934503871834028,2.89006398969377,0.9934503871834022,0.8406604891344802,3,1.3322676295501878e-15,6.661338147750939e-16,0.0,4.440892098500626e-16,4.440892098500626e-16,8.881784197001252e-16,2.220446049250313e-16
964,3,4,10.046189489678452,5978.107625377286,0.19149711115757145,0.050453706746697566,ok,,0.1914971111577315,0.09574855557886575,0.09574855557886575,0.05045370674661953,0.1914971111575744,0.05045370674669832,0.1532069647244669,3,1.5709655798445965e-13,7.879114027886658e-14,0.0,1.6003864899971632e-13,7.803480084334069e-14,2.942091015256665e-15,7.563394355258879e-16
965,4,2,14.358427058224262,1266215.1345934647,1.2641692329362875,0.40619569205652134,ok,,1.264169232939203,0.6320846164696015,0.6320846164696015,0.4061956920169143,1.2641692328032241,0.40619569200403444,0.6528255855072658,2,1.3597878378845962e-10,1.2879863842130135e-11,0.0,2.915445662665661e-12,3.9607039870048766e-11,1.3306333812579396e-10,5.24869037121789e-11
966,4,1,1182230.4051539055,1.0,0.40191218889772096,0.11459164239624106,ok,,0.4019121888968211,0.20095609444841056,0.20095609444841056,0.11459164239575337,0.4019121888981,0.11459164239636146,0.3309605077939639,1,1.2788659020657178e-12,6.080969061628139e-13,0.0,8.998357614586894e-13,4.876932191422156e-13,3.7903014060702844e-13,1.2040368702059823e-13
967,4,4,8553569.74005553,7.406209843475396,3.206665463797314,1.2574187808120576,ok,,3.2066654638001078,1.6033327319000539,1.6033327319000539,1.257418780806077,3.2066654638288257,1.2574187808269937,0.9441323273544994,4,2.8717916933374e-11,2.091660178393795e-11,0.0,2.793765219166744e-12,5.980549389050793e-12,3.151168215254074e-11,1.4936052394887156e-11
968,3,4,31387542.849652905,20118.62830026208,0.4043261204895786,0.11137939460151533,ok,,0.404326120444483,0.2021630602222415,0.2021630602222415,0.11137939459463286,0.40432612046098565,0.11137939459390064,0.285021562006417,3,1.6502632593784483e-11,7.322198403159064e-13,0.0,4.509559392573692e-11,6.882466818680655e-12,2.8592961331952438e-11,7.614686658996561e-12
969,2,1,5.975002041126243,1.0,0.10163761272082905,0.026361360823124336,ok,,0.10163761272082894,0.05081880636041447,0.05081880636041447,0.026361360823125235,0.10163761272082912,0.026361360823124354,0.09664314260674949,1,1.8041124150158794e-16,8.81239525796218e-16,0.0,1.1102230246251565e-16,8.98586760555986e-16,6.938893903907228e-17,1.734723475976807e-17
970,3,2,5261331.224773525,862719.8007875236,0.08555548468288802,0.021922037597537716,ok,,0.08555548468797136,0.04277774234398568,0.04277774234398568,0.021922037597813304,0.08555548468490969,0.02192203759806461,0.07241427285814424,2,3.061675912796602e-12,2.513059205178081e-13,0.0,5.083336529487781e-12,2.7558857973453144e-13,2.021660616691179e-12,5.268945002523395e-13
971,1,5,1.0,67729.12422275783,0.003827354474046778,0.0009582110524915912,ok,,0.003827354473559197,0.0019136772367795984,0.0019136772367795984,0.0009582110518415732,0.0038273544740453653,0.000958211052491237,0.003820039488234016,1,4.86168397206832e-13,6.496638079930839e-13,0.0,4.875808957971461e-13,6.500180168428349e-13,1.4124985903141152e-15,3.542088497510143e-16
972,1,2,1.0,256719.87138375515,21.6696104870737,10.547123171214455,ok,,21.658751714051032,10.829375857025516,10.829375857025516,10.540254607135578,21.653073354659792,10.538854605009659,0.9999999996053703,1,0.005678359391239951,0.0014000021259192863,0.0,0.0108587730226688,0.006868564078876815,0.01653713241390875,0.008268566204796102
973,2,1,5.029042305013122,1.0,0.019479492657516192,0.0049053310311809265,ok,,0.01947949265751614,0.00973974632875807,0.00973974632875807,0.0049053310311810705,0.019479492657516206,0.00490533103118093,0.019290993282073805,1,6.591949208711867e-17,1.4051260155412137e-16,0.0,5.204170427930421e-17,1.43982048506075e-16,1.3877787807814457e-17,3.469446951953614e-18
974,2,5,694.7494824773341,778.1947564731956,0.2638580093192126,0.07059287851594975,ok,,0.26385800931922065,0.13192900465961033,0.13192900465961033,0.07059287851594487,0.2638580093192127,0.07059287851594978,0.19953301282594077,2,7.93809462606987e-15,4.912736883966318e-15,0.0,8.049116928532385e-15,4.884981308350689e-15,1.1102230246251565e-16,2.7755575615628914e-17
975,5,5,502445.490360051,8237.555877994864,0.13926407378795283,0.03580116948647046,ok,,0.1392640737877513,0.06963203689387565,0.06963203689387565,0.035801169486270545,0.13926407378797037,0.03580116948647506,0.09130506883534503,5,2.1907475833415901e-13,2.0451695892376165e-13,0.0,2.0153323454508154e-13,1.9991647226547116e-13,1.7541523789077473e-14,4.6004866582904924e-15
976,3,2,103306.51342707023,1596866.0126757375,0.0005387270932713076,0.00013470823570820977,ok,,0.0005387270535868183,0.00026936352679340914,0.00026936352679340914,0.0001347082137401756,0.0005387270932596386,0.0001347082357052914,0.0005311165623430757,2,3.967282036741737e-11,2.196511578850778e-11,0.0,3.968448931013918e-11,2.1968034162600514e-11,1.1668942721809739e-14,2.9183740927335444e-15
977,1,2,1.0,406213.10023642186,0.15335218453955735,0.04048594660509698,ok,,0.15335218453584432,0.07667609226792216,0.07667609226792216,0.040485946605828715,0.15335218453950386,0.04048594660508213,0.1421724449971545,1,3.659544889345057e-12,7.465833506969943e-13,0.0,3.7130298835563735e-12,7.317341177426329e-13,5.3484994211316916e-14,1.484923295436147e-14
978,2,5,149.16209341957426,29158100.55375437,0.33527554372689916,0.08897879563608277,ok,,0.33527554382875824,0.16763777191437912,0.16763777191437912,0.08897879558606636,0.3352755436967141,0.08897879562762595,0.1670295548073355,2,1.3204415338918807e-10,4.155958910345703e-11,0.0,1.0185907672877192e-10,5.0016407682207387e-11,3.0185076660416144e-11,8.456818578750358e-12
979,4,2,6242222.589883198,5.282829170204826,1.2793882452149354,0.40261859289076696,ok,,1.2793882452155423,0.6396941226077711,0.6396941226077711,0.4026185928909678,1.2793882452154344,0.4026185928909648,0.6229468534608957,2,1.0791367799356522e-13,2.9976021664879227e-15,0.0,6.068479052601106e-13,2.0083934515469082e-13,4.989342272665453e-13,1.978417429882029e-13
980,4,1,19557613.87304365,1.0,0.06943016006142745,0.017804215626305547,ok,,0.0694301600612599,0.03471508003062995,0.03471508003062995,0.017804215626263442,0.06943016006121726,0.017804215626250307,0.06707471344571536,1,4.2646441933413826e-14,1.3135326160096383e-14,0.0,1.6754653220374394e-13,4.210520820890906e-14,2.1019297413715776e-13,5.5240534369005445e-14
981,2,5,6.432981215816593,107.77867831033704,0.00671502256647609,0.0016827853411092754,ok,,0.00671502256647738,0.00335751128323869,0.00335751128323869,0.0016827853411109928,0.00671502256647609,0.0016827853411092754,0.0065364241570957,2,1.289766904388756e-15,1.717376241217039e-15,0.0,1.289766904388756e-15,1.717376241217039e-15,0.0,0.0
982,1,3,1.0,6601670.781533321,1.2942704676768118,0.44688320906566237,ok,,1.2942704677233534,0.6471352338616767,0.6471352338616767,0.4468832090640027,1.2942704677187236,0.4468832090831095,0.7259022454304267,1,4.629852057291828e-12,1.910682723149648e-11,0.0,4.654165941531119e-11,1.6596723995121465e-12,4.191180735801936e-11,1.7447154831984335e-11
983,2,4,219.5286838604034,123368.88827481576,0.016097442271095483,0.004045210241012594,ok,,0.016097442271065354,0.008048721135532677,0.008048721135532677,0.004045210240581909,0.016097442271095462,0.004045210241012589,0.01477164466021376,2,3.0107860649053464e-14,4.306797973807619e-13,0.0,3.0128677330765186e-14,4.3068500155118983e-13,2.0816681711721685e-17,5.204170427930421e-18
984,4,2,36.34070346932512,2930179.151653567,17.11647022156457,8.259222793120403,ok,,17.11731057593947,8.558655287969735,8.558655287969735,8.259661431661954,17.11727612647179,8.25962574556298,0.9999999614443761,2,3.444946768027535e-05,3.568609897364183e-05,0.0,0.0008403543749011533,0.00043863854155112847,0.0008059049072208779,0.00040295244257748664
985,3,5,6.5837645954012105,918649.4794626696,0.21886873433948842,0.056716815843219755,ok,,0.21886873433646503,0.10943436716823252,0.10943436716823252,0.05671681585227262,0.2188687343395531,0.056716815843238504,0.1107183250241886,3,3.0880575874192573e-12,9.034113734873728e-12,0.0,3.023387096234842e-12,9.052862626202085e-12,6.467049118441537e-14,1.874889132835733e-14
986,5,4,53.76536893480883,3279273.917596383,1.3440019854747782,0.40980289898888367,ok,,1.3440019855684708,0.6720009927842354,0.6720009927842354,0.40980289902805556,1.3440019855356524,0.4098028990118212,0.5797082170203722,4,3.281841465252455e-11,1.6234347199883814e-11,0.0,9.369260922653666e-11,3.9171887955546936e-11,6.087419457401211e-11,2.2937540755663122e-11
987,2,1,1669.139380696242,1.0,0.3612941818250948,0.1018132745458398,ok,,0.36129418182509454,0.18064709091254727,0.18064709091254727,0.10181327454584066,0.3612941818250934,0.10181327454583934,0.30322600993059723,1,1.1657341758564144e-15,1.3183898417423734e-15,0.0,2.7755575615628914e-16,8.604228440844963e-16,1.4432899320127035e-15,4.579669976578771e-16
988,2,3,5.493518157244092,1523125.678030739,0.3862638981744537,0.10764886223485043,ok,,0.3862638981538957,0.19313194907694786,0.19313194907694786,0.10764886223663073,0.38626389818061635,0.10764886223671846,0.29735749299985476,2,2.6720625712073343e-11,8.7735374521003e-14,0.0,2.0557999746984024e-11,1.7802981311376698e-12,6.162625965089319e-12,1.8680335056586728e-12
989,4,2,20.6897875109661,43860361.960784264,0.5171259623433425,0.15022446733192113,ok,,0.5171259623528517,0.25856298117642584,0.25856298117642584,0.1502244673336861,0.517125962334928,0.15022446732926376,0.38925714517551024,2,1.7923662554153452e-11,4.422351373989386e-12,0.0,9.509171228216928e-12,1.7649770533978426e-12,8.414491325936524e-12,2.6573743205915434e-12
990,4,4,8791933.292745102,6687.882033992401,0.6070612535477415,0.16536083942956228,ok,,0.6070612535450266,0.3035306267725133,0.3035306267725133,0.16536083942983293,0.6070612535448825,0.16536083942872473,0.2872143244895878,4,1.4410694859634532e-13,1.1081968676052156e-12,0.0,2.714939384418358e-12,2.7064461782799754e-13,2.859046333014703e-12,8.375522497772181e-13
991,5,2,39705.31721694754,1.9866470432498513,0.8432019029891621,0.24860763938891492,ok,,0.8432019029894163,0.42160095149470816,0.42160095149470816,0.24860763938896469,0.8432019029894002,0.24860763938899413,0.47132431408788983,2,1.609823385706477e-14,2.944866572818228e-14,0.0,2.5424107263916085e-13,4.976574707882264e-14,2.381428387820961e-13,7.921441280700492e-14
992,2,4,27316.798843858884,2498.7498237719974,0.09196342135532194,0.02371098979196843,ok,,0.09196342135542235,0.045981710677711174,0.045981710677711174,0.023710989792038895,0.09196342135541216,0.023710989791992428,0.08443873664925844,2,1.0186296250935811e-14,4.6466303027514755e-14,0.0,1.004057947895376e-13,7.04644675941779e-14,9.021949853860178e-14,2.399816456666315e-14
993,2,1,445.6736016018759,1.0,0.00622176336437443,0.0015590661707268736,ok,,0.006221763364374411,0.0031108816821872054,0.0031108816821872054,0.0015590661707256537,0.006221763364374419,0.0015590661707268708,0.006202448273429008,1,7.806255641895632e-18,1.2171253588322273e-15,0.0,1.9081958235744878e-17,1.2199442844806896e-15,1.1275702593849246e-17,2.8189256484623115e-18
994,4,1,5.021485296267788,1.0,0.0571245851658965,0.014584150535773137,ok,,0.057124585165896136,0.028562292582948068,0.028562292582948068,0.014584150535772888,0.05712458516589652,0.01458415053577314,0.055523605711876756,1,3.8163916471489756e-16,2.5153490401663703e-16,0.0,3.677613769070831e-16,2.480654570646834e-16,1.3877787807814457e-17,3.469446951953614e-18
995,3,5,14027.934524352158,389.05539921867836,0.6690389202330478,0.18856933171112766,ok,,0.6690389202330251,0.33451946011651257,0.33451946011651257,0.18856933171111745,0.6690389202330003,0.18856933171111434,0.3792450782559956,3,2.4868995751603507e-14,3.1086244689504383e-15,0.0,2.2648549702353193e-14,1.021405182655144e-14,4.75175454539567e-14,1.3322676295501878e-14
996,2,5,17952.25894412149,29.455102387592678,9.907921779161574,4.63693652983962,ok,,9.90792178735218,4.95396089367609,4.95396089367609,4.6369365327552545,9.907921768856903,4.636936524687479,0.9999437059227482,2,1.849527642150406e-08,8.067775780773445e-09,0.0,8.190605527147454e-09,2.915634844669057e-09,1.0304670894356605e-08,5.152140936104388e-09
997,2,1,33346.7416149672,1.0,0.0016214261731608223,0.0004056029475685235,ok,,0.001621426173160856,0.000810713086580428,0.000810713086580428,0.00040560294756852855,0.0016214261731613293,0.0004056029475686504,0.0016201123719169987,1,4.733626685071712e-16,1.218643241873707e-16,0.0,3.361026734705064e-17,5.041540102057596e-18,5.069729358542219e-16,1.269058642894283e-16
998,4,4,57174.68177343971,11.091068463818255,0.22615661053858288,0.0585231305800003,ok,,0.2261566105386862,0.1130783052693431,0.1130783052693431,0.05852313058003933,0.22615661053872638,0.05852313058003857,0.11358031837621317,4,4.0190073491430667e-14,7.563394355258879e-16,0.0,1.0330625244137082e-13,3.903127820947816e-14,1.4349632593280148e-13,3.827493877395227e-14
999,2,4,4344.824292993495,8.331073013895214,0.3239278418071401,0.08709294081500546,ok,,0.32392784180714507,0.16196392090357253,0.16196392090357253,0.08709294081500563,0.32392784180715195,0.08709294081500861,0.2210087504298389,2,6.8833827526759706e-15,2.9837243786801082e-15,0.0,4.9404924595819466e-15,1.6653345369377348e-16,1.1823875212257917e-14,3.1502578323738817e-15
1000,5,4,930.6814841615435,18.862898112690743,2.100320607613748,0.70742097205974,ok,,2.100320607613762,1.050160303806881,1.050160303806881,0.7074209720597491,2.1003206076137966,0.7074209720597601,0.7646552465496594,4,3.4638958368304884e-14,1.099120794378905e-14,0.0,1.3766765505351941e-14,9.103828801926284e-15,4.8405723873656825e-14,2.0095036745715333e-14
1001,4,1,15.817164130357545,1.0,0.06426498500605216,0.01644926997215005,ok,,0.06426498500605238,0.03213249250302619,0.03213249250302619,0.016449269972150127,0.06426498500605217,0.016449269972150054,0.06224352480068318,1,2.0816681711721685e-16,7.28583859910259e-17,0.0,2.220446049250313e-16,7.632783294297951e-17,1.3877787807814457e-17,3.469446951953614e-18
1002,3,3,679871.4774110874,23688075.74202788,2.564515460115359,0.9151180652608508,ok,,2.564515455440791,1.2822577277203955,1.2822577277203955,0.9151180624575419,2.5645154558073706,0.9151180633061173,0.8546492810513888,3,3.665796555196721e-10,8.485754321441163e-10,0.0,4.6745678439208405e-09,2.8033089183310267e-09,4.307988188401168e-09,1.9547334861869103e-09
1003,1,1,1.0,1.0,0.4087111041209403,0.11675477714394242,ok,,0.4087111041209406,0.2043555520604703,0.2043555520604703,0.11675477714394344,0.4087111041209403,0.11675477714394242,0.3354938223088866,1,2.7755575615628914e-16,1.0269562977782698e-15,0.0,2.7755575615628914e-16,1.0269562977782698e-15,0.0,0.0
1004,4,2,1225.6814300211865,34418890.436298326,0.009508953919419956,0.0023832818636747564,ok,,0.009508953392604269,0.0047544766963021345,0.0047544766963021345,0.0023832832401771142,0.00950895392051661,0.002383281863949774,0.007832858004454497,2,5.279123405782515e-10,1.376227340421643e-09,0.0,5.268156865606555e-10,1.376502357843673e-09,1.096654017596066e-12,2.7501742203006607e-13
1005,3,5,254486.13905441767,19.07557670263082,0.7370111145263316,0.20962630968692444,ok,,0.7370111145262879,0.36850555726314393,0.36850555726314393,0.20962630968690465,0.7370111145263185,0.20962630968692067,0.3952254042730114,3,3.064215547965432e-14,1.6014967130217883e-14,0.0,4.374278717023117e-14,1.9789725413943415e-14,1.3100631690576847e-14,3.774758283725532e-15
1006,3,4,249966.39389762274,5738.109527273308,1.726691551534047,0.6245158650600688,ok,,1.726691551535947,0.8633457757679734,0.8633457757679734,0.6245158650607534,1.7266915515350485,0.6245158650605087,0.8137751389600056,3,8.983924715266767e-13,2.446931546273845e-13,0.0,1.899813639738568e-12,6.845635169838715e-13,1.0014211682118912e-12,4.39870362356487e-13
1007,1,3,1.0,3619.136120771925,1.134742490718305,0.38149484795121846,ok,,1.1347424907182706,0.5673712453591353,0.5673712453591353,0.3814948479512177,1.1347424907183044,0.38149484795121824,0.6784950988281919,1,3.375077994860476e-14,5.551115123125783e-16,0.0,3.441691376337985e-14,7.771561172376096e-16,6.661338147750939e-16,2.220446049250313e-16
1008,1,2,1.0,17006.294469292563,16.344214122335657,7.884425015303501,ok,,16.344214116436,8.172107058218,8.172107058218,7.884425012490189,16.344214113984176,7.88442501112776,0.9999999202376393,1,2.4518236330095533e-09,1.3624283923263647e-09,0.0,5.899657651298185e-09,2.8133122498275043e-09,8.351481284307738e-09,4.175740642153869e-09
1009,5,1,221214.01628043188,1.0,0.25669398847336267,0.07008338713395543,ok,,0.2566939884733612,0.1283469942366806,0.1283469942366806,0.07008338713395634,0.2566939884733622,0.0700833871339553,0.22639509043282866,1,9.992007221626409e-16,1.0408340855860843e-15,0.0,1.4432899320127035e-15,9.159339953157541e-16,4.440892098500626e-16,1.249000902703301e-16
1010,2,1,108925.6423485159,1.0,0.010951631346497251,0.0027491315079741317,ok,,0.010951631346497237,0.0054758156732486185,0.0054758156732486185,0.0027491315079744005,0.010951631346496052,0.0027491315079738294,0.010891880553727609,1,1.1848161340921592e-15,5.711577044653637e-16,0.0,1.3877787807814457e-17,2.688821387764051e-16,1.1986939218999737e-15,3.0227556568895864e-16
1011,1,4,1.0,43970.764462202336,0.005398647202114879,0.0013523917216410027,ok,,0.0053986472031652966,0.0026993236015826483,0.0026993236015826483,0.001352391721660684,0.005398647202114836,0.0013523917216409919,0.005384100695233803,1,1.0504609335160175e-12,1.969214721841972e-14,0.0,1.0504175654291181e-12,1.9681305196694865e-14,4.336808689942018e-17,1.0842021724855044e-17
1012,5,1,25608.71494715333,1.0,0.12395847295779139,0.03240018942499744,ok,,0.12395847295776319,0.061979236478881594,0.061979236478881594,0.0324001894249939,0.12395847295775997,0.03240018942498888,0.11658347420358008,1,3.219646771412954e-15,5.016820292524926e-15,0.0,2.8199664825478976e-14,3.5457747848965937e-15,3.141931159689193e-14,8.56259507742152e-15
1013,2,2,12329.907000314155,1128.345221432651,0.003472762940519516,0.0008688225984861209,ok,,0.0034727629405151283,0.0017363814702575642,0.0017363814702575642,0.0008688225984658793,0.0034727629405186936,0.000868822598485915,0.002330402296263365,2,3.565290424001333e-15,2.0035730886880376e-14,0.0,4.387549351614339e-15,2.0241620879435374e-14,8.222589276130066e-16,2.058899925549973e-16
1014,1,4,1.0,7897469.822756868,1.2470302640701556,0.4273046405033675,ok,,1.2470302640624529,0.6235151320312264,0.6235151320312264,0.4273046405237917,1.2470302640883852,0.42730464051088884,0.7126430949137765,1,2.593236736458948e-11,1.2902845458739876e-11,0.0,7.702727344849336e-12,2.042416236136546e-11,1.8229640019740145e-11,7.521316902625585e-12
1015,1,2,1.0,17109660.303469803,0.4847394422624928,0.1414044329429238,ok,,0.48473944226694865,0.24236972113347433,0.24236972113347433,0.14140443294146143,0.48473944226252214,0.14140443294293345,0.38414235766539484,1,4.42651471033173e-12,1.4720169527748794e-12,0.0,4.4558245981818345e-12,1.4623580124606406e-12,2.930988785010413e-14,9.658940314238862e-15
1016,4,3,2179489.5554868025,8517475.342330582,1.955351608264905,0.6548542143213985,ok,,1.9553516075702646,0.9776758037851323,0.9776758037851323,0.6548542138602675,1.955351608249499,0.6548542143151581,0.7646476755058764,3,6.792344464656708e-10,4.5489056965664076e-10,0.0,6.946403452445793e-10,4.6113091123345384e-10,1.5405898778908522e-11,6.24034157681308e-12
1017,4,3,5.880844896885642,21.95309498677473,0.4576940380986509,0.12841904795336065,ok,,0.4576940380986522,0.2288470190493261,0.2288470190493261,0.12841904795335957,0.4576940380986505,0.1284190479533605,0.3281114225932546,3,1.7208456881689926e-15,9.43689570931383e-16,0.0,1.3322676295501878e-15,1.0824674490095276e-15,3.885780586188048e-16,1.3877787807814457e-16
1018,3,1,309301.4611821033,1.0,0.006159824492682033,0.001543509667113303,ok,,0.006159824492683708,0.003079912246341854,0.003079912246341854,0.0015435096671141402,0.006159824492682886,0.0015435096671135172,0.006140891668031595,1,8.213915658750182e-16,6.229825683101708e-16,0.0,1.6748755160556072e-15,8.372209175933065e-16,8.534839501805891e-16,2.1423834928313568e-16
1019,2,4,30438727.035020012,76995.49290701537,0.25135449424454,0.06589456411976097,ok,,0.2513544944605677,0.12567724723028384,0.12567724723028384,0.0658945641727069,0.2513544942733898,0.0658945641277298,0.14407246832962037,2,1.8717788430322457e-10,4.4977091495645993e-11,0.0,2.1602769573192404e-10,5.294592542171017e-11,2.8849811428699468e-11,7.968833926064178e-12
1020,5,2,34.7484583807814,11678260.449369403,22.101452851801312,10.730417937276842,ok,,21.558859886203486,10.779429943101743,10.779429943101743,10.627871966052915,21.46564441881268,10.412513720908397,0.9999999994539006,2,0.09321546739080588,0.21535824514451818,0.0,0.5425929655978265,0.10254597122392717,0.6358084329886324,0.31790421636844535
1021,4,4,4316953.345138372,48.79914183566904,0.6762172582847996,0.18234719170712888,ok,,0.6762172582982081,0.33810862914910406,0.33810862914910406,0.18234719170945812,0.6762172582933574,0.18234719170944286,0.23163859416052796,4,4.8506754168897714e-12,1.5265566588595902e-14,0.0,1.3408496535305403e-11,2.3292479056635784e-12,8.557821118415632e-12,2.3139823390749825e-12
1022,4,1,4828382.9079794325,1.0,0.09857729241628828,0.025540286320340177,ok,,0.09857729241624291,0.049288646208121456,0.049288646208121456,0.025540286320330008,0.09857729241629534,0.02554028632034207,0.09387434673365773,1,5.243028233792302e-14,1.2063267051942717e-14,0.0,4.536648834374546e-14,1.0168949016176043e-14,7.0637939941775585e-15,1.8943180357666733e-15
1023,2,2,2.237031371457359,124783.23402291404,0.8462986557357399,0.2501546002130313,ok,,0.8462986557390542,0.4231493278695271,0.4231493278695271,0.2501546002119479,0.8462986557375717,0.2501546002136747,0.4766890155772036,2,1.4824808047819715e-12,1.7267853813507372e-12,0.0,3.3142377731110173e-12,1.083411138580459e-12,1.8317569683290458e-12,6.433742427702782e-13
1024,4,1,120.73035380005022,1.0,0.024007408793186243,0.0060556690262799735,ok,,0.02400740879318697,0.012003704396593484,0.012003704396593484,0.006055669026280075,0.024007408793186236,0.006055669026279972,0.02372152331421076,1,7.320533068622126e-16,1.0321604682062002e-16,0.0,7.251144129583054e-16,1.0148132334464322e-16,6.938893903907228e-18,1.734723475976807e-18
1025,5,3,1508.5381696284603,2899421.7452784856,3.692460865602695,1.414310646707591,ok,,3.6924608655957716,1.8462304327978858,1.8462304327978858,1.4143106466779862,3.6924608655495446,1.4143106466819937,0.9442925216282503,3,4.622702221013242e-11,4.007461029686965e-12,0.0,6.923350781562476e-12,2.9604763085444574e-11,5.3150372991694894e-11,2.559730205575761e-11
1026,4,1,262331.40421669366,1.0,0.6106088668788975,0.1839895830361485,ok,,0.6106088668775502,0.3053044334387751,0.3053044334387751,0.18398958303583823,0.6106088668788362,0.18398958303612728,0.4569798585784924,1,1.2859713294233188e-12,2.890465644611595e-13,0.0,1.3472556403826275e-12,3.102795798071156e-13,6.128431095930864e-14,2.123301534595612e-14
1027,5,2,387756.15843559225,736140.086001918,0.1749944804859091,0.04636187893348091,ok,,0.17499448048410482,0.08749724024205241,0.08749724024205241,0.04636187893933563,0.17499448048662947,0.04636187893367997,0.15573299510240993,2,2.524647157997606e-12,5.655663437575953e-12,0.0,1.8042789484695732e-12,5.8547194869973396e-12,7.203682095280328e-13,1.9905604942138666e-13
1028,5,1,15334.62747079331,1.0,9.670178990641893e-05,2.4176324140866292e-05,ok,,9.670178990628386e-05,4.835089495314193e-05,4.835089495314193e-05,2.4176324141755856e-05,9.670178990641913e-05,2.4176324140866343e-05,9.669711443904349e-05,1,1.3526777354472275e-16,8.89513343624998e-16,0.0,1.3506448563738171e-16,8.895641656018333e-16,2.0328790734103208e-19,5.082197683525802e-20
1029,5,1,993213.5939955441,1.0,0.03236125583371033,0.008187963155078153,ok,,0.032361255833710856,0.016180627916855428,0.016180627916855428,0.008187963155078748,0.032361255833710655,0.008187963155078236,0.031843233383323004,1,2.0122792321330962e-16,5.117434254131581e-16,0.0,5.273559366969494e-16,5.950101522600448e-16,3.2612801348363973e-16,8.326672684688674e-17
1030,3,5,63151014.123662405,45.50075709545712,0.8443770095216152,0.2473520472713819,ok,,0.844377009685781,0.4221885048428905,0.4221885048428905,0.2473520473213231,0.8443770099169674,0.24735204740808434,0.457038895842853,3,2.3118640335439977e-10,8.676123708362127e-11,0.0,1.6416579207145787e-10,4.994119007228903e-11,3.9535219542585764e-10,1.367024271559103e-10
1031,1,1,1.0,1.0,0.010067864369653004,0.002526452814668283,ok,,0.010067864369653012,0.005033932184826506,0.005033932184826506,0.002526452814667346,0.010067864369653004,0.002526452814668283,0.01001735307890274,1,8.673617379884035e-18,9.3718435789647e-16,0.0,8.673617379884035e-18,9.3718435789647e-16,0.0,0.0
1032,2,2,2179089.199132935,1077.3115152474359,17.924473285417967,8.671239271155905,ok,,17.924554264046616,8.962277132023308,8.962277132023308,8.671280125224214,17.924377016136802,8.671191136515981,0.999999983353225,2,0.00017724790981432648,8.89887082333729e-05,0.0,8.097862864886451e-05,4.085406830967031e-05,9.626928116546196e-05,4.8134639923702593e-05
1033,1,2,1.0,10705373.7968068,0.13961224323558694,0.03668755650915544,ok,,0.13961224320840593,0.06980612160420296,0.06980612160420296,0.03668755647373967,0.1396122432343912,0.03668755650882632,0.1303045996989191,1,2.598526949171287e-11,3.5086648864091075e-11,0.0,2.718100744480978e-11,3.54157744797412e-11,1.1957379530969092e-12,3.2912561565012766e-13
1034,5,5,91736.98626211783,3211542.7284581037,1.5826473433682027,0.537268084934595,ok,,1.5826473433193904,0.7913236716596952,0.7913236716596952,0.5372680848882263,1.5826473433578054,0.5372680849306547,0.7502192473814187,5,3.8415048919659966e-11,4.2428394131377445e-11,0.0,4.881228754527456e-11,4.636868666807459e-11,1.0397238625614591e-11,3.940292536697143e-12
1035,1,5,1.0,39193.66957775181,0.04643717952809075,0.011809889491015437,ok,,0.046437179527972994,0.023218589763986497,0.023218589763986497,0.011809889491127379,0.04643717952808459,0.011809889491013846,0.04537547135026913,1,1.1159823065653995e-13,1.135324473322541e-13,0.0,1.1775302954930567e-13,1.1194170590478336e-13,6.1547988927657116e-15,1.5907414274707321e-15
1036,1,1,1.0,1.0,0.17795771668463786,0.0473695260721379,ok,,0.177957716684638,0.088978858342319,0.088978858342319,0.047369526072138735,0.17795771668463786,0.0473695260721379,0.16302218706261326,1,1.3877787807814457e-16,8.326672684688674e-16,0.0,1.3877787807814457e-16,8.326672684688674e-16,0.0,0.0
1037,4,1,13512936.860052634,1.0,2.759444151466672e-06,6.898617517287171e-07,ok,,2.7594441515121915e-06,1.3797220757560957e-06,1.3797220757560957e-06,6.898617517236971e-07,2.7594441514265336e-06,6.898617517186824e-07,2.7594403441640233e-06,1,8.565790085698563e-17,5.014752685100678e-18,0.0,4.55195505854461e-17,5.019940761902611e-18,4.013835027153953e-17,1.003469344700329e-17
1038,5,2,736212.463981067,3531629.027104177,0.3929701691368008,0.1090941885109189,ok,,0.3929701693290646,0.1964850846645323,0.1964850846645323,0.10909418853567576,0.3929701691316609,0.10909418850951123,0.293597316409333,2,1.9740370449383704e-10,2.616452887682641e-11,0.0,1.9226381597903242e-10,2.4756863226116366e-11,5.139888514804625e-12,1.4076656507100438e-12
1039,2,1,25823.216329928997,1.0,0.07520561818076027,0.01932496869346272,ok,,0.07520561818065508,0.03760280909032754,0.03760280909032754,0.019324968693442468,0.0752056181807454,0.0193249686934588,0.07244725498869103,1,9.03305208410643e-14,1.6330686802845662e-14,0.0,1.0519363158323358e-13,2.0251161858553246e-14,1.4863110742169283e-14,3.920475055707584e-15
1040,4,2,32420457.93843319,22974.981253534927,0.6852250448401842,0.19281871140838197,ok,,0.6852250447316672,0.3426125223658336,0.3426125223658336,0.19281871138980744,0.6852250447788242,0.19281871138879353,0.3386787764772899,2,4.715694501555845e-11,1.0139111772389242e-12,0.0,1.0851697318514653e-10,1.857453080233995e-11,6.136002816958808e-11,1.9588441979578874e-11
1041,4,1,24.9988938419627,1.0,0.019973664171793158,0.005030692689431163,ok,,0.01997366417179247,0.009986832085896236,0.009986832085896236,0.005030692689431238,0.019973664171793165,0.005030692689431165,0.019775512009451875,1,6.938893903907228e-16,7.28583859910259e-17,0.0,6.869504964868156e-16,7.45931094670027e-17,6.938893903907228e-18,1.734723475976807e-18
1042,1,5,1.0,4.563261152522504,0.07135133391324544,0.01830941662379399,ok,,0.07135133391324561,0.035675666956622804,0.035675666956622804,0.018309416623794483,0.07135133391324544,0.01830941662379399,0.0688653045429991,1,1.6653345369377348e-16,4.926614671774132e-16,0.0,1.6653345369377348e-16,4.926614671774132e-16,0.0,0.0
1043,2,3,45.954156277803136,1756.6594684253882,0.1735584634545395,0.0461293800667556,ok,,0.17355846345452708,0.08677923172726354,0.08677923172726354,0.04612938006675771,0.17355846345453996,0.04612938006675573,0.15928332809641416,2,1.2878587085651816e-14,1.97758476261356e-15,0.0,1.2434497875801753e-14,2.1094237467877974e-15,4.440892098500626e-16,1.3183898417423734e-16
1044,5,5,4.984744677797075,6.265136018570955,19.935395302631097,9.617096695070925,ok,,19.93539521146815,9.967697605734076,9.967697605734076,9.617096639400621,19.935395224895657,9.617096656203206,0.9999999971435858,5,1.3427506218022245e-08,1.680258421288272e-08,0.0,9.116294563682459e-08,5.567030392228389e-08,7.773543941880234e-08,3.886771970940117e-08
1045,5,2,42834134.17113284,3709.8000511451146,0.027887149861735145,0.007044333322433104,ok,,0.02788714986019647,0.013943574930098235,0.013943574930098235,0.00704433332206289,0.02788714985797821,0.007044333321474373,0.027497503768316802,2,2.2182602976705823e-12,5.885170822894636e-13,0.0,1.5386754370627642e-12,3.702142759021143e-13,3.7569357347333465e-12,9.58731358191578e-13
1046,5,2,71754405.89458849,17.395556081082766,1.2412758073972971,0.4184043560371423,ok,,1.2412758099089707,0.6206379049544853,0.6206379049544853,0.41840435700671996,1.2412758109516737,0.41840435748953275,0.6986798596460541,2,1.0427030350257382e-09,4.828127897482659e-10,0.0,2.5116735358210462e-09,9.6957764039729e-10,3.5543765708467845e-09,1.452390430145556e-09
1047,2,2,15408.214564681155,350457.4573518922,0.6567981991901152,0.19999835988885212,ok,,0.6567981992471097,0.32839909962355485,0.32839909962355485,0.1999983598868842,0.6567981991903834,0.19999835988893927,0.48076334911841145,2,5.672629033171006e-11,2.055078329732396e-12,0.0,5.69945202144595e-11,1.9679258222993212e-12,2.682298827494378e-13,8.715250743307479e-14
1048,1,2,1.0,55015994.28001871,0.0005820251830788297,0.0001455380508120871,ok,,0.0005820250064747512,0.0002910125032373756,0.0002910125032373756,0.00014553801200190009,0.0005820251830758457,0.0001455380508113408,0.0005818558392746909,1,1.7660109453369183e-10,3.880944071427313e-11,0.0,1.7660407847491094e-10,3.881018702483856e-11,2.9839412191146053e-15,7.46310565430397e-16
1049,2,5,2.769084709284966,26129.519323937628,0.030313706881043213,0.0076640787068836215,ok,,0.03031370688090762,0.01515685344045381,0.01515685344045381,0.007664078706771882,0.030313706881042242,0.0076640787068833725,0.029848394569164768,2,1.3462148062970414e-13,1.1149067780102939e-13,0.0,1.3559292577625115e-13,1.1173961061983206e-13,9.71445146547012e-16,2.489328188026718e-16
1050,5,4,256862.64527997855,65094.464062673396,1.1360294295445896,0.3233848652410558,ok,,1.1360294295516016,0.5680147147758008,0.5680147147758008,0.3233848652402527,1.1360294295450992,0.3233848652412076,0.3751007416180003,4,6.502354210624617e-12,9.549028234800971e-13,0.0,7.011946578927564e-12,8.031353360138382e-13,5.095923683029469e-13,1.517674874662589e-13
1051,2,3,69162909.79813325,26358.44567990785,1.8024800170521313,0.6302517160729249,ok,,1.80248001759007,0.901240008795035,0.901240008795035,0.6302517162077002,1.8024800170207929,0.6302517160620602,0.7960306540344305,2,5.692770699283756e-10,1.4563994454874774e-10,0.0,5.379385825676763e-10,1.3477530202976595e-10,3.133848736069922e-11,1.0864642518981782e-11
1052,2,3,36.526040634518516,49660766.7332536,0.41111121765851233,0.11751640426004589,ok,,0.411111217536849,0.2055556087684245,0.2055556087684245,0.11751640418904907,0.41111121726061817,0.11751640413311676,0.3370519249322811,2,2.7623081599870147e-10,5.593231433564938e-11,0.0,1.2166334606433793e-10,7.099681953448567e-11,3.978941620630394e-10,1.2692913387013505e-10
1053,4,1,3497599.3740991633,1.0,0.07536408186800445,0.0193667791343846,ok,,0.07536408186800414,0.03768204093400207,0.03768204093400207,0.019366779134384338,0.07536408186800118,0.01936677913438374,0.07259422677163688,1,2.9559688030644793e-15,5.967448757360216e-16,0.0,3.0531133177191805e-16,2.636779683484747e-16,3.2612801348363973e-15,8.604228440844963e-16
1054,2,1,124595.21569821432,1.0,0.38067280877533427,0.10787867723477776,ok,,0.3806728087753082,0.1903364043876541,0.1903364043876541,0.1078786772347673,0.3806728087748481,0.10787867723462488,0.31659854399691395,1,4.600764214046649e-13,1.4241385848379196e-13,0.0,2.609024107869118e-14,1.04638520070921e-14,4.86166662483356e-13,1.5287771049088406e-13
1055,3,5,1027631.2862266153,105.72333334079187,0.9361274494704186,0.29515703594357035,ok,,0.9361274494707487,0.46806372473537433,0.46806372473537433,0.2951570359439639,0.9361274494710877,0.29515703594381426,0.5818668542690698,3,3.390621117205228e-13,1.496580637194711e-13,0.0,3.3006930522105904e-13,3.93574062229618e-13,6.691314169415818e-13,2.439159985101469e-13
1056,3,1,1616514.7171387002,1.0,13.101938256194096,6.263287736068463,ok,,13.10194026542817,6.550970132714085,6.550970132714085,6.263289255392898,13.101935147768513,6.2632861818577865,0.9999979587233719,1,5.1176596560509324e-06,3.07353511175279e-06,0.0,2.009234073341304e-06,1.5193244351507929e-06,3.1084255827096285e-06,1.554210676601997e-06
1057,3,5,432.4948081241171,859105.3737331757,0.4812673227735139,0.12978501086685915,ok,,0.4812673227970157,0.24063366139850784,0.24063366139850784,0.1297850108593268,0.4812673227759624,0.12978501086756922,0.20545006678551977,3,2.1053270238269306e-11,8.242406757119625e-12,0.0,2.3501756096777626e-11,7.53233586614499e-12,2.4484858585083202e-12,7.100708909746345e-13
1058,5,2,377.54745882004806,19.426860547174517,0.12852910675111237,0.03347892916943386,ok,,0.12852910675111173,0.06426455337555587,0.06426455337555587,0.03347892916942996,0.12852910675111218,0.033478929169433805,0.11382016708406602,2,4.440892098500626e-16,3.8441472227646045e-15,0.0,6.38378239159465e-16,3.899658373995862e-15,1.942890293094024e-16,5.551115123125783e-17
1059,4,5,105170.3513788479,1864768.1532091692,0.9351599445358311,0.26265526930202593,ok,,0.9351599445391052,0.4675799722695526,0.4675799722695526,0.2626552692695565,0.9351599445440731,0.2626552693046051,0.33823712833908676,4,4.967914968290188e-12,3.5048575153240336e-11,0.0,3.274158721922049e-12,3.2469416044733634e-11,8.242073690212237e-12,2.579159108506701e-12
1060,3,5,1406018.3572195594,16086247.229526125,1.4655124233397436,0.43925019993953485,ok,,1.465512426509938,0.732756213254969,0.732756213254969,0.43925020021184924,1.465512423816805,0.4392502001077694,0.5564429295951598,3,2.6931330499024853e-09,1.0407985584492963e-10,0.0,3.1701943292716805e-09,2.7231439325703377e-10,4.770612793691953e-10,1.6823453741210415e-10
1061,3,3,370366.1063176321,3.9942841407552963,1.6873270456902827,0.5376780198666588,ok,,1.6873270456908311,0.8436635228454156,0.8436635228454156,0.5376780198668643,1.6873270456907956,0.537678019866846,0.6360234344943817,3,3.552713678800501e-14,1.8207657603852567e-14,0.0,5.484501741648273e-13,2.0550228185811648e-13,5.129230373768223e-13,1.872946242542639e-13
1062,4,5,4.151859046865142,5932591.345983026,0.5405563414463085,0.1590920658571249,ok,,0.5405563414072736,0.2702781707036368,0.2702781707036368,0.1590920658651891,0.5405563414664254,0.15909206586387353,0.4112480290304349,4,5.915179457360864e-11,1.3155587730295792e-12,0.0,3.903488643430819e-11,8.064188206091671e-12,2.011690813930045e-11,6.748629433062092e-12
1063,5,2,395.9394389274371,56680.988543982,1.2605832010074633,0.43288683836066744,ok,,1.2605832010080285,0.6302916005040142,0.6302916005040142,0.43288683836367614,1.260583201009053,0.4328868383613249,0.7164821268166339,2,1.0245138071240945e-12,2.3512303215511565e-12,0.0,5.651035195342047e-13,3.0087043967341742e-12,1.5896173266582991e-12,6.574740751830177e-13
1064,3,5,78726.4449702727,136.47366226978627,2.286794690016249,0.8591209717290862,ok,,2.2867946900162135,1.1433973450081067,1.1433973450081067,0.85912097172909,2.2867946900163156,0.8591209717291157,0.8823445896817472,3,1.021405182655144e-13,2.5757174171303632e-14,0.0,3.552713678800501e-14,3.774758283725532e-15,6.661338147750939e-14,2.9531932455029164e-14
1065,5,4,577770.2573547454,5.7881744035696086,0.15676153515490113,0.04070494739397918,ok,,0.15676153515603244,0.07838076757801622,0.07838076757801622,0.04070494739418251,0.15676153515576996,0.040704947394215575,0.11860582565293999,4,2.6248447859700264e-13,3.3063829452117943e-14,0.0,1.1313172620930345e-12,2.0333040806619351e-13,8.688327834960319e-13,2.3639423751831146e-13
1066,5,4,1.3045671795544582,75286262.11929147,2.0684737585682456,0.6720803155258546,ok,,2.0684737572722582,1.0342368786361291,1.0342368786361291,0.672080315357233,2.068473758145568,0.6720803153729127,0.6882421562342641,4,8.733098688651353e-10,1.5679679776781086e-11,0.0,1.2959873174622771e-09,1.6862156115848848e-10,4.2267744859714185e-10,1.529418813817074e-10
1067,5,3,6.271701352461573,1320395.8123540892,1.259209220083903,0.38759220101194203,ok,,1.2592092200802405,0.6296046100401202,0.6296046100401202,0.3875922010123807,1.2592092200831373,0.3875922010116539,0.5757147555113147,3,2.8967939158519584e-12,7.267519919196275e-13,0.0,3.662403713633466e-12,4.3864911702939935e-13,7.65609797781508e-13,2.881028748902281e-13
1068,5,5,28096.814544938185,1116146.6544107217,11.833523724741406,5.576415849637361,ok,,11.83352376869827,5.916761884349135,5.916761884349135,5.57641588875186,11.833523783613709,5.57641587907335,0.9999909669526889,5,1.4915437773765916e-08,9.678509549360115e-09,0.0,4.395686481473149e-08,3.911449830695801e-08,5.8872302588497405e-08,2.9435988757597897e-08
1069,5,2,74.95826946392714,34177550.262890205,0.05161810399080931,0.01314088942125099,ok,,0.05161810389555832,0.02580905194777916,0.02580905194777916,0.01314088943751024,0.051618103987867946,0.013140889420488543,0.04916046507530905,2,9.230962522144281e-11,1.7021696552266263e-11,0.0,9.525098765283957e-11,1.625924915538146e-11,2.9413624313967546e-12,7.624473968848022e-13
1070,3,4,42622.64880363412,43017.77437412378,0.9069845027763613,0.28977007108792674,ok,,0.9069845027745704,0.4534922513872852,0.4534922513872852,0.2897700710876405,0.9069845027763416,0.2897700710879192,0.5890238473742854,3,1.7711387911845122e-12,2.786659791809143e-13,0.0,1.79090076102284e-12,2.8621549574836536e-13,1.9761969838327786e-14,7.549516567451064e-15
1071,4,1,1437838.4854172615,1.0,0.07180228814691499,0.018428098395487577,ok,,0.07180228814702705,0.035901144073513525,0.035901144073513525,0.018428098395524284,0.07180228814702218,0.01842809839551579,0.06928510901271609,1,4.871103520542874e-15,8.493206138382448e-15,0.0,1.1206313654810174e-13,3.670674875166924e-14,1.0719203302755886e-13,2.821354261328679e-14
1072,4,3,90.66741401324019,41986407.30849975,1.1545265321478966,0.34494773781808047,ok,,1.1545265317394637,0.5772632658697319,0.5772632658697319,0.344947737772209,1.1545265321133025,0.34494773780616456,0.4694441637614197,3,3.738387377438812e-10,3.395556058549687e-11,0.0,4.0843284310199124e-10,4.587147328649621e-11,3.459410535811003e-11,1.1915912700999343e-11
1073,3,5,12.836925623537274,38.80254925617798,0.0022173072393696417,0.000554682452973869,ok,,0.00221730723936997,0.001108653619684985,0.001108653619684985,0.0005546824529734096,0.002217307239369641,0.0005546824529738687,0.0019243092676484203,3,3.2916377956659915e-16,4.591596200476111e-16,0.0,3.2829641782861074e-16,4.594848806993568e-16,8.673617379884035e-19,3.2526065174565133e-19
1074,1,4,1.0,17.947250143653495,0.48611932464336677,0.14185948523994463,ok,,0.48611932464336627,0.24305966232168313,0.24305966232168313,0.14185948523994396,0.486119324643367,0.14185948523994468,0.3849915827250634,1,7.216449660063518e-16,7.216449660063518e-16,0.0,4.996003610813204e-16,6.661338147750939e-16,2.220446049250313e-16,5.551115123125783e-17
1075,4,2,1623.7496005294129,13.227233528151967,0.04135272379485837,0.010497388796166181,ok,,0.04135272379485655,0.020676361897428275,0.020676361897428275,0.010497388796166796,0.04135272379485839,0.010497388796166187,0.040509181306390855,2,1.8388068845354155e-15,6.088879400678593e-16,0.0,1.817990202823694e-15,6.140921104957897e-16,2.0816681711721685e-17,5.204170427930421e-18
1076,3,3,4.259206965889096,3814255.103980478,0.3681678333548951,0.09641574489805949,ok,,0.3681678333231897,0.18408391666159485,0.18408391666159485,0.09641574490307558,0.3681678333579823,0.09641574489890412,0.14578456800083503,3,3.4792613234913006e-11,4.171468725999716e-12,0.0,3.170541607033783e-11,5.01609864755892e-12,3.0871971645751728e-12,8.446299215592035e-13
1077,2,4,1.705406948399059,4281.3013788991775,0.5328059035770136,0.1493423965295158,ok,,0.532805903576969,0.2664029517884845,0.2664029517884845,0.14934239652950243,0.5328059035770042,0.14934239652951323,0.33763115003997457,2,3.519406988061746e-14,1.0796918914479647e-14,0.0,4.463096558993129e-14,1.3378187446733136e-14,9.43689570931383e-15,2.581268532253489e-15
1078,4,1,5.70628841143232,1.0,0.03420566515249902,0.008660479740572555,ok,,0.0342056651524989,0.01710283257624945,0.01710283257624945,0.008660479740572047,0.03420566515249899,0.008660479740572548,0.033627264997701495,1,9.020562075079397e-17,5.0133508455729725e-16,0.0,1.1796119636642288e-16,5.082739784612045e-16,2.7755575615628914e-17,6.938893903907228e-18
1079,4,1,178.23250075635414,1.0,0.012333474536129076,0.003097600040828536,ok,,0.01233347453612943,0.006166737268064715,0.006166737268064715,0.0030976000408293736,0.012333474536129074,0.0030976000408285357,0.012257728960895855,1,3.5561831257524545e-16,8.378714388967978e-16,0.0,3.5388358909926865e-16,8.374377580278036e-16,1.734723475976807e-18,4.336808689942018e-19
1080,3,5,4932.527090271796,1257.9805602161075,13.100336595912237,6.238908407421584,ok,,13.100336599544166,6.550168299772083,6.550168299772083,6.238908409550773,13.100336610785154,6.238908414858031,0.9999977456511076,3,1.1240988584404477e-08,5.307257744391336e-09,0.0,3.6319285356967157e-09,2.129189269339804e-09,1.4872917120101192e-08,7.43644701373114e-09
1081,2,1,81.19810505571303,1.0,0.08457097665229873,0.02180377070108448,ok,,0.08457097665229796,0.04228548832614898,0.04228548832614898,0.021803770701084968,0.08457097665229839,0.021803770701084385,0.08109356784013388,1,4.3021142204224816e-16,5.828670879282072e-16,0.0,7.771561172376096e-16,4.891920202254596e-16,3.469446951953614e-16,9.367506770274758e-17
1082,1,3,1.0,7497779.204996336,0.13236109991641362,0.03469623102698955,ok,,0.13236109979623123,0.06618054989811561,0.06618054989811561,0.03469623102496744,0.1323610999186582,0.03469623102760454,0.12397539445511119,1,1.224269574606751e-10,2.6370988726043265e-12,0.0,1.2018239181621482e-10,2.0221116447949328e-12,2.2445656444602946e-12,6.149872278093937e-13
1083,3,3,10332756.346091757,3.028017612165108,0.23163209603470847,0.06020555107549063,ok,,0.2316320960456406,0.1158160480228203,0.1158160480228203,0.06020555107953385,0.23163209603335153,0.06020555107512513,0.1069944541353233,3,1.2289086415151473e-11,4.408716447468208e-12,0.0,1.0932144078878991e-11,4.043217149973799e-12,1.356942336272482e-12,3.6549929749440935e-13
1084,3,2,36368.961657360815,686.9846534976263,0.040203453144446746,0.010194035048460637,ok,,0.04020345314448015,0.020101726572240075,0.020101726572240075,0.010194035048428862,0.040203453144438406,0.010194035048458491,0.038436302638650464,2,4.1744385725905886e-14,2.9629076969683865e-14,0.0,3.34038352534094e-14,3.1774929909467176e-14,8.340550472496489e-15,2.1458529397833104e-15
1085,5,5,271.9677430583931,8724790.099996522,1.7700067566701914,0.641397388741865,ok,,1.77000675669089,0.885003378345445,0.885003378345445,0.641397388769045,1.770006756596658,0.6413973887093725,0.8195554361457312,5,9.423195557189956e-11,5.967248917215784e-11,0.0,2.069855398190157e-11,2.717992497736077e-11,7.353340158999799e-11,3.249256419479707e-11
1086,4,1,25785.722129451708,1.0,0.04075328806348318,0.01034296472245602,ok,,0.040753288063484217,0.020376644031742108,0.020376644031742108,0.01034296472245666,0.04075328806348392,0.01034296472245621,0.03993403953557068,1,2.983724378680108e-16,4.49293380277993e-16,0.0,1.033895191682177e-15,6.401129626354418e-16,7.355227538141662e-16,1.9081958235744878e-16
1087,5,2,1.8890696438627235,17699176.755072407,0.6896457376690603,0.2003521046923788,ok,,0.6896457376558978,0.3448228688279489,0.3448228688279489,0.2003521044481511,0.6896457380407338,0.2003521048180001,0.42696620536774327,2,3.848360519143057e-10,3.69848984771437e-10,0.0,1.3162582135350931e-11,2.442276936243104e-10,3.7167346977895477e-10,1.256212911471266e-10
1088,1,3,1.0,47.06039720529289,0.04005255894536146,0.010162527827355827,ok,,0.04005255894536197,0.020026279472680986,0.020026279472680986,0.010162527827355827,0.04005255894536148,0.010162527827355832,0.03926105760027343,1,4.926614671774132e-16,5.204170427930421e-18,0.0,5.134781488891349e-16,0.0,2.0816681711721685e-17,5.204170427930421e-18
1089,3,4,6433.185318792651,1.5774934899829023,1.2497626586369623,0.38907541024475717,ok,,1.2497626586369688,0.6248813293184844,0.6248813293184844,0.3890754102447591,1.2497626586369708,0.38907541024475983,0.6066513729703527,3,1.9984014443252818e-15,7.216449660063518e-16,0.0,6.439293542825908e-15,1.942890293094024e-15,8.43769498715119e-15,2.6645352591003757e-15
1090,2,2,225.60808705250236,34941936.021909684,0.035952482384288796,0.009108572295959391,ok,,0.035952482165833466,0.017976241082916733,0.017976241082916733,0.009108572243884172,0.03595248230169406,0.009108572274758945,0.035313856736098145,2,1.3586059360859437e-10,3.087477322416543e-11,0.0,2.1845533021425112e-10,5.2075219136860085e-11,8.259473660565675e-11,2.1200445912694654e-11
1091,1,5,1.0,2.021911020746286,0.0002240273908762561,5.6011552693868275e-05,ok,,0.00022402739087599294,0.00011201369543799647,0.00011201369543799647,5.601155269463476e-05,0.000224027390876256,5.601155269386825e-05,0.00022400229861414424,1,2.630545520992955e-16,7.665106071565175e-16,0.0,2.6316297231654406e-16,7.664835021022054e-16,1.0842021724855044e-19,2.710505431213761e-20
1092,3,2,14905.366845567101,2139523.141381743,17.301456943900387,8.259605169132914,ok,,17.301409194970255,8.650704597485127,8.650704597485127,8.259596638284991,17.30128020703252,8.259516800704935,0.9999999495314429,2,0.00012898793773530315,7.983758005636332e-05,0.0,4.774893013248516e-05,8.530847923182705e-06,0.0001767368678677883,8.836842797954603e-05
1093,4,1,12509.610627041073,1.0,0.023045300846477292,0.005810923009892021,ok,,0.023045300846478156,0.011522650423239078,0.011522650423239078,0.0058109230098915,0.023045300846477268,0.005810923009892015,0.022781786041730714,1,8.881784197001252e-16,5.152128723651117e-16,0.0,8.638922910364499e-16,5.212844045310305e-16,2.42861286636753e-17,6.071532165918825e-18
1094,5,3,280008.0533912658,126817.48846039365,0.0920984882447271,0.023420887429960773,ok,,0.09209848824359579,0.046049244121797894,0.046049244121797894,0.023420887430636306,0.0920984882448559,0.023420887429994004,0.05413896346130034,3,1.2601170107373605e-12,6.423021836621245e-13,0.0,1.1313172620930345e-12,6.755325465679363e-13,1.2879974864432597e-13,3.3230362905811717e-14
1095,4,1,14.95275325035666,1.0,0.3022155103119832,0.08367939500780203,ok,,0.30221551031198324,0.15110775515599162,0.15110775515599162,0.08367939500780208,0.30221551031198346,0.08367939500780211,0.26082125291956176,1,2.220446049250313e-16,2.7755575615628914e-17,0.0,5.551115123125783e-17,5.551115123125783e-17,2.7755575615628914e-16,8.326672684688674e-17
1096,4,2,126.172006038003,98.1170895889966,0.6266048428257003,0.18945822115622216,ok,,0.6266048428256941,0.31330242141284703,0.31330242141284703,0.1894582211562259,0.6266048428256967,0.18945822115622094,0.46508595606108566,2,2.6645352591003757e-15,4.9682480351975755e-15,0.0,6.217248937900877e-15,3.747002708109903e-15,3.552713678800501e-15,1.2212453270876722e-15
1097,4,5,218.7687916399567,9188.59418465885,0.7819852624833307,0.2255646153905272,ok,,0.7819852624833175,0.39099263124165873,0.39099263124165873,0.22556461539047845,0.7819852624833283,0.2255646153905263,0.42944926240453063,4,1.0880185641326534e-14,4.785061236134425e-14,0.0,1.3211653993039363e-14,4.873879078104437e-14,2.3314683517128287e-15,8.881784197001252e-16
1098,1,4,1.0,1260958.8802309386,1.0612862384109445,0.35211749036023854,ok,,1.061286238405157,0.5306431192025785,0.5306431192025785,0.35211749035957096,1.0612862384097206,0.35211749035975315,0.6539895279734467,1,4.5636827650241685e-12,1.821875983409882e-13,0.0,5.787592627370941e-12,6.675771047071066e-13,1.2239098623467726e-12,4.853895063661184e-13
1099,5,3,2539.839707870097,13706224.505000599,0.7621523578223612,0.21914053029116112,ok,,0.7621523581742933,0.38107617908714664,0.38107617908714664,0.21914053025158875,0.7621523579853167,0.21914053034403216,0.41120461555262483,3,1.8897661213657102e-10,9.244341403480405e-11,0.0,3.5193203906658255e-10,3.9572373156104845e-11,1.6295542693001153e-10,5.2871040878699205e-11
1100,1,3,1.0,8626.423217974858,0.7175093941449175,0.22177911572593878,ok,,0.717509394144971,0.3587546970724855,0.3587546970724855,0.22177911572592013,0.7175093941448686,0.22177911572592113,0.5120339250764823,1,1.0236256287043943e-13,9.992007221626409e-16,0.0,5.340172748447003e-14,1.865174681370263e-14,4.8960835385969403e-14,1.765254609153999e-14
1101,1,5,1.0,1.5728247245733642,0.1465695551496709,0.038606801590340474,ok,,0.14656955514967085,0.07328477757483542,0.07328477757483542,0.038606801590341355,0.1465695551496708,0.038606801590340446,0.1363343421485557,1,5.551115123125783e-17,9.08995101411847e-16,0.0,5.551115123125783e-17,8.81239525796218e-16,1.1102230246251565e-16,2.7755575615628914e-17
1102,5,3,9218492.78502739,602.4695599698263,0.060362252101574795,0.015281546441039321,ok,,0.06036225210578694,0.03018112605289347,0.03018112605289347,0.01528154644239077,0.06036225210596896,0.015281546442169924,0.040498511850568644,3,1.8202106488729441e-13,2.2084591100313133e-13,0.0,4.2121445220644205e-12,1.3514484670240634e-12,4.394165586951715e-12,1.130602556020932e-12
1103,4,1,750565.6267176198,1.0,0.01478147675444293,0.003715802309788523,ok,,0.014781476754328615,0.007390738377164308,0.007390738377164308,0.003715802309740557,0.014781476754162732,0.0037158023097177,0.01467276701593475,1,1.6588293239028218e-13,2.285671651947041e-14,0.0,1.1431480761991963e-13,4.79664051533657e-14,2.801977400102018e-13,7.082312167283611e-14
1104,2,2,2.2194873681169756,8270.050940591864,21.053971207254264,10.115734479876071,ok,,21.0539708194709,10.52698540973545,10.52698540973545,10.115734304017327,21.05397071114963,10.115734231823781,0.9999999986572707,2,1.0832127017579296e-07,7.219354536402989e-08,0.0,3.8778336275413494e-07,1.7585874445558147e-07,4.961046329299279e-07,2.4805228981961136e-07
1105,2,3,2376.5001160366674,13058.510512073115,0.4681038770868984,0.12694017760737453,ok,,0.46810387708699874,0.23405193854349937,0.23405193854349937,0.12694017760731446,0.4681038770868819,0.12694017760736975,0.22206885196814166,2,1.1685097334179773e-13,5.5289106626332796e-14,0.0,1.0036416142611415e-13,6.006306563222097e-14,1.6486811915683575e-14,4.773959005888173e-15
1106,1,5,1.0,47131599.34497015,0.33514587624213255,0.09372017193492195,ok,,0.3351458759129775,0.16757293795648875,0.16757293795648875,0.09372017204272876,0.33514587624147485,0.09372017193471971,0.28476625686807755,1,3.284973404404923e-10,1.0800904615138052e-10,0.0,3.291550365602802e-10,1.0780680514965724e-10,6.576961197879427e-13,2.0224100172328008e-13
1107,2,1,132.80622222908238,1.0,1.0780389788547446,0.35877441516662956,ok,,1.0780389788547398,0.5390194894273699,0.5390194894273699,0.35877441516662767,1.0780389788547313,0.3587744151666243,0.6597378669464462,1,8.43769498715119e-15,3.3861802251067274e-15,0.0,4.884981308350689e-15,1.887379141862766e-15,1.3322676295501878e-14,5.2735593669694936e-15
1108,4,4,4541.307270988684,128379.05337012668,1.437694004773651,0.426504741682746,ok,,1.4376940047759286,0.7188470023879643,0.7188470023879643,0.4265047416825931,1.437694004773433,0.42650474168267993,0.4827085748016589,4,2.495559314752427e-12,8.681944052568724e-14,0.0,2.277511512716046e-12,1.5287771049088406e-13,2.1804780203638074e-13,6.605826996519681e-14
1109,4,5,18.701092336591074,34.30970395531305,0.34552032029305435,0.09095197544849012,ok,,0.3455203202930538,0.1727601601465269,0.1727601601465269,0.0909519754484922,0.3455203202930542,0.09095197544849005,0.17570333984078224,4,3.885780586188048e-16,2.1510571102112408e-15,0.0,5.551115123125783e-16,2.0816681711721685e-15,1.6653345369377348e-16,6.938893903907228e-17
1110,1,4,1.0,56149538.51778032,5.5836297501395046e-06,1.3959103603685173e-06,ok,,5.583547345366924e-06,2.791773672683462e-06,2.791773672683462e-06,1.3958933329227818e-06,5.583629750009922e-06,1.3959103603361217e-06,5.5836141615783425e-06,1,8.240464299829773e-11,1.7027413339834092e-11,0.0,8.240477258078614e-11,1.7027445735456193e-11,1.2958248840275188e-16,3.239562210068797e-17
1111,1,1,1.0,1.0,0.3736677851299779,0.10567955846073758,ok,,0.3736677851299781,0.18683389256498906,0.18683389256498906,0.10567955846073773,0.37366778512997806,0.10567955846073764,0.31179449404159715,1,5.551115123125783e-17,9.71445146547012e-17,0.0,2.220446049250313e-16,1.5265566588595902e-16,1.6653345369377348e-16,5.551115123125783e-17
1112,2,4,6.273687591258431,5.110702985058365,0.44267696050300814,0.12617432226351688,ok,,0.44267696050300714,0.22133848025150357,0.22133848025150357,0.1261743222635161,0.4426769605030077,0.12617432226351674,0.34389801017493754,2,5.551115123125783e-16,6.38378239159465e-16,0.0,9.992007221626409e-16,7.771561172376096e-16,4.440892098500626e-16,1.3877787807814457e-16
1113,2,5,5097.402669918563,32.70812706111583,0.6265463826113739,0.1895319831062542,ok,,0.6265463826113729,0.3132731913056864,0.3132731913056864,0.18953198310625385,0.6265463826113742,0.1895319831062543,0.46556500565041886,2,1.3322676295501878e-15,4.440892098500626e-16,0.0,9.992007221626409e-16,3.3306690738754696e-16,3.3306690738754696e-16,1.1102230246251565e-16
1114,1,1,1.0,1.0,3.499989450667239,1.4723282297867155,ok,,3.499989450667234,1.749994725333617,1.749994725333617,1.4723282297867135,3.499989450667239,1.4723282297867155,0.969802298013755,1,4.884981308350689e-15,1.9984014443252818e-15,0.0,4.884981308350689e-15,1.9984014443252818e-15,0.0,0.0
1115,5,2,55084618.53560592,1392852.527604363,0.7535863637357225,0.2348479885276553,ok,,0.7535863603928448,0.3767931801964224,0.3767931801964224,0.2348479885498982,0.7535863637251164,0.2348479885237842,0.5293241691432742,2,3.332271680811516e-09,2.6113999851418157e-11,0.0,3.3428777523880626e-09,2.2242901964730777e-11,1.0606071576546583e-11,3.87109788668738e-12
1116,1,2,1.0,4.027781820213355,18.90437498835478,9.164505423780614,ok,,18.904375014524202,9.452187507262101,9.452187507262101,9.164505430962139,18.90437502437165,9.16450544178905,0.9999999938349835,1,9.847447302036016e-09,1.0826910923356081e-08,0.0,2.6169423961164284e-08,7.181524708244069e-09,3.60168712632003e-08,1.800843563160015e-08
1117,3,3,1.7131231762084371,154834.26675161638,0.08265997007531463,0.02128080313722791,ok,,0.0826599700690469,0.04132998503452345,0.04132998503452345,0.021280803137552873,0.0826599700749984,0.02128080313714431,0.07836059594289276,3,5.95148930138123e-12,4.085620730620576e-13,0.0,6.267722452157898e-12,3.249622793077833e-13,3.1623315077666803e-13,8.359979375427429e-14
1118,4,4,11858266.992398731,8300.584060484862,0.4893273645335135,0.13116733493588417,ok,,0.4893273644851348,0.2446636822425674,0.2446636822425674,0.13116733492234456,0.489327364507193,0.13116733492853133,0.22469870670224795,4,2.2058188609008766e-11,6.186773315874916e-12,0.0,4.83786899430072e-11,1.3539613874513634e-11,2.6320501333998436e-11,7.352840558638718e-12
1119,1,1,1.0,1.0,0.0222219055012034,0.005601599658645862,ok,,0.0222219055012034,0.0111109527506017,0.0111109527506017,0.005601599658646039,0.0222219055012034,0.005601599658645862,0.02197681775494978,1,0.0,1.7694179454963432e-16,0.0,0.0,1.7694179454963432e-16,0.0,0.0
1120,5,5,53.579709180187194,125376.8569324751,1.9795316056176093,0.652124158555371,ok,,1.9795316056180483,0.9897658028090242,0.9897658028090242,0.6521241585542148,1.9795316056211993,0.6521241585568638,0.7565744792754096,5,3.1510349884911193e-12,2.6489921367556235e-12,0.0,4.389821839367869e-13,1.156186257844638e-12,3.590017172427906e-12,1.4928058789109855e-12
1121,2,4,1926217.1742489839,278.2214569007302,1.0381371673289321,0.3428338727733331,ok,,1.0381371672695134,0.5190685836347567,0.5190685836347567,0.3428338727640252,1.0381371673002981,0.3428338727620436,0.6455722213846248,2,3.078470811601619e-11,1.981637076653442e-12,0.0,5.941869218872853e-11,9.307887793852387e-12,2.8633984072712337e-11,1.128952487050583e-11
1122,5,4,10.599030443570776,62.68153878156858,0.09783686531684531,0.024877782507953757,ok,,0.09783686531684377,0.048918432658421884,0.048918432658421884,0.02487778250795536,0.09783686531684527,0.024877782507953746,0.06173092905958962,4,1.4988010832439613e-15,1.6132928326584306e-15,0.0,1.5404344466674047e-15,1.6028844918025698e-15,4.163336342344337e-17,1.0408340855860843e-17
1123,4,5,9999155.516192151,16512238.134613791,0.4280738131618921,0.11292385955232052,ok,,0.42807381163478553,0.21403690581739276,0.21403690581739276,0.11292385964064611,0.4280738131731419,0.11292385955543104,0.18119727472223593,4,1.5383563867210626e-09,8.521507111058924e-11,0.0,1.527106552323687e-09,8.832558295868154e-11,1.124983439737548e-11,3.110511848092301e-12
1124,4,3,29198848.923593536,445.6148765501389,0.6069041198202407,0.17230015290332035,ok,,0.606904120148922,0.303452060074461,0.303452060074461,0.17230015301560986,0.606904120335384,0.17230015307139881,0.37693923648699373,3,1.8646195698579504e-10,5.578895678759466e-11,0.0,3.2868130439567267e-10,1.1228951102282281e-10,5.151432613814677e-10,1.6807846781041746e-10
1125,2,4,73254.78987589238,27.791750645711506,0.21349287967710007,0.05749261998943417,ok,,0.21349287967685715,0.10674643983842858,0.10674643983842858,0.057492619989359284,0.2134928796763604,0.05749261998922125,0.1922420881555156,2,4.967415367929107e-13,1.380354164304265e-13,0.0,2.4291679778798425e-13,7.488454301096681e-14,7.396583345808949e-13,2.129199594413933e-13
1126,3,2,3544.7047082879562,5003.785596679812,0.06379980162548403,0.016325869678459667,ok,,0.06379980162545529,0.031899900812727644,0.031899900812727644,0.016325869678401883,0.06379980162548922,0.016325869678461023,0.06167864210543943,2,3.3931191190106347e-14,5.914019274300131e-14,0.0,2.874089854998374e-14,5.778363898478744e-14,5.190292640122607e-15,1.3565537582138631e-15
1127,4,1,3.962493877919857,1.0,0.3895243524353378,0.11066808296560242,ok,,0.38952435243533756,0.19476217621766878,0.19476217621766878,0.11066808296560282,0.3895243524353376,0.11066808296560236,0.32262100844731906,1,5.551115123125783e-17,4.579669976578771e-16,0.0,2.220446049250313e-16,4.0245584642661925e-16,1.6653345369377348e-16,5.551115123125783e-17
1128,1,4,1.0,14524.07493044974,13.00414574683533,6.21439155129162,ok,,13.004145747699065,6.502072873849532,6.502072873849532,6.2143915515820805,13.00414574604618,6.214391550897045,0.9999977490219472,1,1.6528840518503785e-09,6.850351397247323e-10,0.0,8.637339732331384e-10,2.9046010041611225e-10,7.891500786172401e-10,3.9457503930862003e-10
1129,3,2,2.317047529108202,110672.60972067642,0.23449826348439579,0.06131037329537852,ok,,0.23449826348260938,0.11724913174130469,0.11724913174130469,0.06131037329487743,0.23449826348508218,0.061310373295563506,0.13693213301049167,2,2.472799742747611e-12,6.860761958549233e-13,0.0,1.7864043577731081e-12,5.010922232706605e-13,6.86395384974503e-13,1.849839725842628e-13
1130,4,4,16243.869107749078,1831187.7906298987,1.180189275283282,0.354638958660324,ok,,1.1801892752693348,0.5900946376346674,0.5900946376346674,0.3546389586590015,1.1801892752834202,0.35463895866037554,0.49115618659076576,4,1.4085399513419361e-11,1.3740120152760937e-12,0.0,1.3947287769155992e-11,1.3224976669334865e-12,1.3811174426336947e-13,5.1514348342607263e-14
1131,3,1,13319.09009676807,1.0,0.0034001918370360697,0.0008511312171995332,ok,,0.003400191837036992,0.001700095918518496,0.001700095918518496,0.0008511312172001517,0.0034001918370366434,0.000851131217199677,0.003394417730982327,1,3.4867941867133823e-16,4.747721313314024e-16,0.0,9.224392083506672e-16,6.185373394029803e-16,5.737597896793289e-16,1.437652080715779e-16
1132,3,1,61171057.81782832,1.0,0.8805715258388809,0.28203591973255926,ok,,0.8805715254701584,0.4402857627350792,0.4402857627350792,0.28203591963289254,0.8805715255626406,0.28203591962797636,0.5854540796256451,1,9.248224408509031e-11,4.916178575342656e-12,0.0,3.687224969795011e-10,9.966671932204463e-11,2.762402528944108e-10,1.0458289789738728e-10
1133,1,3,1.0,28436721.46782118,1.106147066370931,0.3700010482729143,ok,,1.1061470664946516,0.5530735332473258,0.5530735332473258,0.37000104822721935,1.1061470663406165,0.3700010482607681,0.6691688207987627,1,1.5403500697175332e-10,3.354871935812298e-11,0.0,1.2372058932896834e-10,4.569494782558081e-11,3.0314417642784974e-11,1.2146228467457831e-11
1134,3,2,2689.893878899245,17.401231651220908,2.6629829364139037,0.9670118841507285,ok,,2.662982936413522,1.331491468206761,1.331491468206761,0.9670118841505624,2.6629829364136928,0.9670118841506351,0.8744610457270569,2,1.709743457922741e-13,7.271960811294775e-14,0.0,3.8191672047105385e-13,1.6608936448392342e-13,2.1094237467877974e-13,9.336975637097567e-14
1135,2,1,87429.33602549598,1.0,0.20597358620577208,0.055332808645652716,ok,,0.2059735862045693,0.10298679310228465,0.10298679310228465,0.05533280864526402,0.20597358620593517,0.05533280864569946,0.1861454270138957,1,1.3658796316207145e-12,4.354433480457942e-13,0.0,1.202787869303279e-12,3.886960198151712e-13,1.630917623174355e-13,4.6747328230623e-14
1136,2,4,61569.73836728137,460955.3761773138,0.4056764091655797,0.1093623719526822,ok,,0.40567640917776515,0.20283820458888258,0.20283820458888258,0.10936237194947918,0.4056764091670738,0.10936237195309945,0.2265913321952759,2,1.0691336704837795e-11,3.6202707498489417e-12,0.0,1.218547485137833e-11,3.2030211816191922e-12,1.4941381465405357e-12,4.1724956822974946e-13
1137,3,2,1861.7428277344218,26548964.75383145,0.48040005162724275,0.13890243185551301,ok,,0.48040005064523594,0.24020002532261797,0.24020002532261797,0.13890243187329165,0.4804000516469617,0.13890243186164195,0.3727598169799847,2,1.0017257578986971e-09,1.1649708975269846e-11,0.0,9.820068092025735e-10,1.777863967156179e-11,1.971894869612356e-11,6.1289306962919454e-12
1138,2,1,1062193.686494547,1.0,0.07726697884822062,0.019869209725032422,ok,,0.07726697884821146,0.03863348942410573,0.03863348942410573,0.01986920972502837,0.07726697884828077,0.019869209725048312,0.07435730640553957,1,6.93056723122254e-14,1.9942381079829374e-14,0.0,9.159339953157541e-15,4.052314039881821e-15,6.014633235906786e-14,1.5890067039947553e-14
1139,2,2,62248.51497746536,24202651.203850392,1.1575707596891767,0.3464214124534676,ok,,1.1575707602448535,0.5787853801224268,0.5787853801224268,0.34642141260636183,1.1575707585461956,0.34642141205892585,0.4685788120000403,2,1.6986578810218589e-09,5.474359854318323e-10,0.0,5.556768378767174e-10,1.5289425281395097e-10,1.1429810431451415e-09,3.945417326178813e-10
1140,1,4,1.0,15374209.350263998,22.465160940537867,10.944898397875548,ok,,22.474812212617927,11.237406106308963,11.237406106308963,10.950542330134718,22.470656528296864,10.947646191754727,0.999999999825772,1,0.004155684321062836,0.0028961383799916973,0.0,0.00965127208005967,0.00564393225917037,0.005495587758996834,0.0027477938791786727
1141,1,2,1.0,155.38320024373132,0.1460458202186723,0.038462031176109225,ok,,0.14604582021867252,0.07302291010933626,0.07302291010933626,0.03846203117610747,0.14604582021867218,0.03846203117610919,0.135881891803152,1,3.3306690738754696e-16,1.7208456881689926e-15,0.0,2.220446049250313e-16,1.7555401576885288e-15,1.1102230246251565e-16,3.469446951953614e-17
1142,4,3,880157.9842424076,37122435.212183505,1.2763012622105299,0.41208376276348824,ok,,1.2763012634283468,0.6381506317141734,0.6381506317141734,0.41208376271300473,1.276301262187562,0.41208376275453457,0.6606126732693433,3,1.240784808231865e-09,4.1529835126397074e-11,0.0,1.2178169583876297e-09,5.0483506264242806e-11,2.296784984423539e-11,8.953671137845731e-12
1143,1,4,1.0,1867418.2019554572,0.38314869540323876,0.10865771878911375,ok,,0.38314869538679996,0.19157434769339998,0.19157434769339998,0.108657718789404,0.38314869540527835,0.1086577187897559,0.31828847562221446,1,1.8478385488407412e-11,3.518990654427512e-13,0.0,1.6438794769868537e-11,2.9025393200043936e-13,2.039590718538875e-12,6.421529974431905e-13
1144,4,4,25.68179538626667,2984236.433532235,1.2708959812226155,0.3949333549362922,ok,,1.270895981223246,0.635447990611623,0.635447990611623,0.39493335493612225,1.27089598122197,0.39493335493604526,0.6041291912812431,4,1.276090344504155e-12,7.69939667577546e-14,0.0,6.306066779870889e-13,1.6997514507011147e-13,6.45483666517066e-13,2.4696911182786607e-13
1145,4,1,1549.028461020526,1.0,0.23936356437126602,0.06499554311034633,ok,,0.23936356437126527,0.11968178218563263,0.11968178218563263,0.06499554311034705,0.23936356437126574,0.06499554311034625,0.21287134159037688,1,4.718447854656915e-16,8.049116928532385e-16,0.0,7.494005416219807e-16,7.216449660063518e-16,2.7755575615628914e-16,8.326672684688674e-17
1146,5,3,104188.5166339229,1.6397595622440166,0.14819995857609608,0.038076420001160044,ok,,0.14819995857609394,0.07409997928804697,0.07409997928804697,0.038076420001160294,0.1481999585760845,0.038076420001156984,0.07822855451390623,3,9.43689570931383e-15,3.309852392163748e-15,0.0,2.1371793224034263e-15,2.498001805406602e-16,1.1574075031717257e-14,3.0600522116230877e-15
1147,1,5,1.0,1.5043140495031582,3.6438320971225445e-06,9.109592690466631e-07,ok,,3.6438320966808435e-06,1.8219160483404218e-06,1.8219160483404218e-06,9.109592697953417e-07,3.6438320971225445e-06,9.109592690466631e-07,3.643825458374432e-06,1,4.417010004552791e-16,7.486785519135648e-16,0.0,4.417010004552791e-16,7.486785519135648e-16,0.0,0.0
1148,1,5,1.0,408906.94072208373,0.14390029497848492,0.037869464008304966,ok,,0.14390029498370627,0.07195014749185313,0.07195014749185313,0.03786946400779989,0.1439002949780557,0.037869464008186506,0.13402591427979577,1,5.650563350556581e-12,3.8661435164399904e-13,0.0,5.2213511292364956e-12,5.050751483715032e-13,4.292122213200855e-13,1.184607967275042e-13
1149,5,5,6864467.238355186,164367.17888452916,1.8778367891945231,0.6218431939282114,ok,,1.877836789205943,0.9389183946029716,0.9389183946029716,0.6218431939317526,1.8778367891858765,0.6218431939251436,0.7512849481093851,5,2.006661503628493e-11,6.608935620988632e-12,0.0,1.1419976075899285e-11,3.5411673593443993e-12,8.646638960385644e-12,3.0677682616442326e-12
1150,4,1,1124543.020363002,1.0,0.0485739878018556,0.012362897819022053,ok,,0.0485739878018141,0.02428699390090705,0.02428699390090705,0.01236289781901112,0.048573987801860445,0.012362897819023307,0.047413143109174924,1,4.634487238419638e-14,1.218643241873707e-14,0.0,4.150152443926913e-14,1.0932227345605838e-14,4.8433479449272454e-15,1.2542050731312315e-15
1151,2,1,156424.34417121607,1.0,0.07427797429479126,0.019080301928617604,ok,,0.07427797429479499,0.037138987147397495,0.037138987147397495,0.019080301928618315,0.07427797429479312,0.019080301928618097,0.07158641714213136,1,1.8735013540549517e-15,2.185751579730777e-16,0.0,3.733124920302089e-15,7.112366251504909e-16,1.8596235662471372e-15,4.926614671774132e-16
1152,1,5,1.0,6.370368834207907,19.846454825800762,9.635545341249674,ok,,19.846454673259263,9.923227336629632,9.923227336629632,9.635545274253946,19.846454641011814,9.6355452488552,0.9999999975967759,1,3.224744915542033e-08,2.5398746217319967e-08,0.0,1.5254149943189077e-07,6.699572807633558e-08,1.847889485873111e-07,9.239447429365555e-08
1153,4,5,36.53448784511056,12375612.512483368,2.340854280893552,0.8232480386217222,ok,,2.340854281118948,1.170427140559474,1.170427140559474,0.8232480386108127,2.3408542808766213,0.823248038615005,0.8326992256989255,4,2.423266032280935e-10,4.192202140984591e-12,0.0,2.2539570210255988e-10,1.0909495529176638e-11,1.6930901125533637e-11,6.717293388192047e-12
1154,4,2,3492396.7741383826,1796849.385135583,0.16228956251086962,0.042214746931865735,ok,,0.1622895624691445,0.08114478123457225,0.08114478123457225,0.04221474694506888,0.1622895624955179,0.04221474692770323,0.12167073437460219,2,2.6373403461121825e-11,1.736565058418904e-11,0.0,4.172512335642864e-11,1.3203146909113173e-11,1.5351719895306815e-11,4.162503675075868e-12
1155,4,2,109354.82655292215,303.2768243637308,0.00038216822336194955,9.555174769750476e-05,ok,,0.0003821682233700052,0.0001910841116850026,0.0001910841116850026,9.555174768482999e-05,0.0003821682233619082,9.555174769749442e-05,0.00031423935274857233,2,8.097038664556244e-15,1.2664430051531617e-14,0.0,8.055676351675922e-15,1.2674770629751697e-14,4.1362312880321994e-17,1.0340578220080499e-17
1156,5,3,44.354873350248845,62722478.48643472,0.7338124134307865,0.20634704560699532,ok,,0.7338124124447685,0.36690620622238423,0.36690620622238423,0.20634704556378658,0.7338124128010951,0.20634704541681587,0.33804442905350873,3,3.563266348649563e-10,1.4697071337721468e-10,0.0,9.860180449905442e-10,4.320874213981085e-11,6.296914101255879e-10,1.9017945551702553e-10
1157,5,2,717036.8853093665,80202.63709743714,1.8203442634771965,0.5867032991855885,ok,,1.8203442634753504,0.9101721317376752,0.9101721317376752,0.5867032991842258,1.8203442634765268,0.5867032991853328,0.6112643375202655,2,1.1763923168928159e-12,1.1070033778537436e-12,0.0,1.8460788453467103e-12,1.3626877404249171e-12,6.696865284538944e-13,2.5568436257117355e-13
1158,4,1,363.3597268518745,1.0,0.3143728776280104,0.08736644448083118,ok,,0.3143728776280099,0.15718643881400496,0.15718643881400496,0.08736644448083108,0.3143728776280098,0.087366444480831,0.26975331526447077,1,1.1102230246251565e-16,8.326672684688674e-17,0.0,4.996003610813204e-16,9.71445146547012e-17,6.106226635438361e-16,1.8041124150158794e-16
1159,5,5,57.863744276037494,25579328.756752092,1.5509103596159322,0.47783224377979805,ok,,1.550910359589885,0.7754551797949425,0.7754551797949425,0.4778322437914593,1.550910359614851,0.4778322437796165,0.6322753037347009,5,2.4966029243955745e-11,1.1842804514827776e-11,0.0,2.6047164425335723e-11,1.1661227539150332e-11,1.0811351813799774e-12,1.8157697567744435e-13
1160,5,1,35440.05645010823,1.0,1.2207208784002916,0.4164775323836135,ok,,1.2207208784003658,0.6103604392001829,0.6103604392001829,0.4164775323836576,1.2207208784003798,0.4164775323836497,0.7049825814344005,1,1.3988810110276972e-14,7.882583474838611e-15,0.0,7.416289804496046e-14,4.4075854077618715e-14,8.815170815523743e-14,3.6193270602780103e-14
1161,2,3,1.0119553859669115,9568168.651485126,0.17419629158536604,0.04505075120592362,ok,,0.17419629155541116,0.08709814577770558,0.08709814577770558,0.04505075122402191,0.17419629160209757,0.045050751210335846,0.10481203510780035,2,4.668640474214669e-11,1.36860661692495e-11,0.0,2.995487191626012e-11,1.8098293697033085e-11,1.6731532825886575e-11,4.412227527783585e-12
1162,4,1,4.954149380004133,1.0,0.044327227090628155,0.011264651913379853,ok,,0.044327227090628085,0.022163613545314043,0.022163613545314043,0.011264651913379442,0.04432722709062812,0.011264651913379845,0.043359132557758605,1,3.469446951953614e-17,4.0245584642661925e-16,0.0,6.938893903907228e-17,4.111294638065033e-16,3.469446951953614e-17,8.673617379884035e-18
1163,1,1,1.0,1.0,0.015421403712141046,0.0038775891649221743,ok,,0.015421403712140958,0.007710701856070479,0.007710701856070479,0.0038775891649216465,0.015421403712141046,0.0038775891649221743,0.015303102768820458,1,8.847089727481716e-17,5.277896175659436e-16,0.0,8.847089727481716e-17,5.277896175659436e-16,0.0,0.0
1164,4,2,19507999.409623783,43075.66886083809,17.885033199225987,8.598320157377405,ok,,17.88482502861182,8.94241251430591,8.94241251430591,8.598442180216715,17.8833731219005,8.597490118726789,0.9999999780650152,2,0.0014519067113205608,0.0009520614899258817,0.0,0.0002081706141652262,0.00012202283931017632,0.001660077325485787,0.0008300386506157054
1165,1,3,1.0,1769869.9480699247,0.8504602431128548,0.27068469036757375,ok,,0.8504602431842843,0.42523012159214213,0.42523012159214213,0.27068469036888176,0.8504602431352746,0.27068469037598886,0.5727817375782451,1,4.900968519905291e-11,7.1070926921379396e-12,0.0,7.142941793603086e-11,1.3080092564621282e-12,2.241973273697795e-11,8.415101948600068e-12
1166,5,4,238.82155350488665,1.1870867848722813,0.4955035439428901,0.1421627237710021,ok,,0.4955035439428896,0.2477517719714448,0.2477517719714448,0.14216272377100214,0.4955035439428893,0.14216272377100186,0.3681647790883619,4,2.7755575615628914e-16,2.7755575615628914e-16,0.0,4.996003610813204e-16,5.551115123125783e-17,7.771561172376096e-16,2.220446049250313e-16
1167,4,2,5037.192935103316,13169.397852343027,0.015408070855926562,0.0038741115742619023,ok,,0.015408070855915668,0.007704035427957834,0.007704035427957834,0.0038741115744800325,0.015408070855928256,0.003874111574262331,0.01525361995016,2,1.2588888265163689e-14,2.1770172470292337e-13,0.0,1.0894063429134349e-14,2.1813020140148964e-13,1.6948248360293405e-15,4.2847669856627135e-16
1168,1,1,1.0,1.0,0.006016601923125442,0.0015075407794192801,ok,,0.0060166019231254544,0.0030083009615627272,0.0030083009615627272,0.0015075407794193918,0.0060166019231254406,0.0015075407794192797,0.005998538418902494,1,1.3877787807814457e-17,1.1210650463500116e-16,0.0,1.214306433183765e-17,1.1167282376600696e-16,1.734723475976807e-18,4.336808689942018e-19
1169,2,2,2706497.8676694846,14.83163218095567,0.11145963767868625,0.028554869416821213,ok,,0.11145963767893374,0.05572981883946687,0.05572981883946687,0.0285548694168547,0.11145963767921684,0.028554869416960213,0.07747049415280378,2,2.830929934916071e-13,1.0551282070281331e-13,0.0,2.47496467764563e-13,3.3487101980256284e-14,5.305894612561701e-13,1.389999226830696e-13
1170,3,5,1.1169488863792914,2.049765047506928,1.0078255221179644,0.3164630042802884,ok,,1.0078255221179655,0.5039127610589827,0.5039127610589827,0.31646300428028873,1.0078255221179653,0.31646300428028873,0.5916311752059916,3,2.220446049250313e-16,0.0,0.0,1.1102230246251565e-15,3.3306690738754696e-16,8.881784197001252e-16,3.3306690738754696e-16
1171,1,2,1.0,9490.442195486985,1.6326714943962033e-05,4.081703726074463e-06,ok,,1.6326715153169857e-05,8.163357576584929e-06,8.163357576584929e-06,4.081703957048433e-06,1.632671494396372e-05,4.081703726074885e-06,1.6326581663878632e-05,1,2.0920613670789324e-13,2.3097354768137094e-13,0.0,2.0920782399752418e-13,2.309739695037787e-13,1.6872896309305663e-18,4.2182240773264157e-19
1172,2,5,47.7496189142167,3151619.14111595,0.7494766582859765,0.21596951931247851,ok,,0.7494766582871413,0.37473832914357064,0.37473832914357064,0.21596951930639374,0.7494766582866059,0.21596951931265979,0.4148449114980167,2,5.353495424742505e-13,6.266043239833152e-12,0.0,1.1647349751342517e-12,6.08477157548748e-12,6.293854326600012e-13,1.8127166434567243e-13
1173,1,1,1.0,1.0,0.006364779085297836,0.0015949885921851424,ok,,0.006364779085298089,0.0031823895426490445,0.0031823895426490445,0.0015949885921850981,0.006364779085297838,0.001594988592185143,0.0063445667839082615,1,2.5066754227864863e-16,4.4885969940899884e-17,0.0,2.5326962749261384e-16,4.423544863740858e-17,2.6020852139652106e-18,6.505213034913027e-19
1174,5,1,15296217.007995607,1.0,0.20685254257247665,0.05558478743824541,ok,,0.20685254257250937,0.10342627128625469,0.10342627128625469,0.05558478743806816,0.20685254257138172,0.05558478743793143,0.1868604553859663,1,1.1276535261117715e-12,1.3673090437649194e-13,0.0,3.272382365082649e-14,1.7724710588140624e-13,1.094929702460945e-12,3.139780102578982e-13
1175,5,5,366.1694189880135,4021741.8968767244,1.677692250487334,0.49757299661751075,ok,,1.6776922504439682,0.8388461252219841,0.8388461252219841,0.4975729967080911,1.6776922504899952,0.49757299661828613,0.5610219938739212,5,4.6026960021094965e-11,8.980494126120675e-11,0.0,4.3365755431068465e-11,9.058032102160496e-11,2.6612045900265002e-12,7.753797603982093e-13
1176,4,5,16092.095876967427,91453.59485293372,18.39147132284005,8.883042306666498,ok,,18.391471453230988,9.195735726615494,9.195735726615494,8.883043310193187,18.391474478382392,8.883043884437644,0.9999999886006379,4,3.0251514040458005e-06,5.74244456430506e-07,0.0,1.3039093715860872e-07,1.0035266893027028e-06,3.1555423412044092e-06,1.5777711457332089e-06
1177,2,1,14.993049706347078,1.0,0.09961314940070963,0.025818016883823243,ok,,0.0996131494007102,0.0498065747003551,0.0498065747003551,0.025818016883823347,0.09961314940070959,0.025818016883823233,0.09481247735188951,1,6.106226635438361e-16,1.1449174941446927e-16,0.0,5.689893001203927e-16,1.0408340855860843e-16,4.163336342344337e-17,1.0408340855860843e-17
1178,1,2,1.0,2928.8256933449993,0.34934215908802957,0.09810095201050231,ok,,0.3493421590880228,0.1746710795440114,0.1746710795440114,0.09810095201050117,0.34934215908802496,0.0981009520105009,0.29484818511371774,1,2.1649348980190553e-15,2.7755575615628914e-16,0.0,6.772360450213455e-15,1.1379786002407855e-15,4.6074255521944e-15,1.4155343563970746e-15
1179,4,3,10.470576166510837,4913732.215810529,1.5688127605413187,0.48901917884501467,ok,,1.5688127605420537,0.7844063802710268,0.7844063802710268,0.48901917887287905,1.5688127605360223,0.4890191788430803,0.5395002283593116,3,6.0313976035786254e-12,2.979871904784659e-11,0.0,7.349676423018536e-13,2.786437747204218e-11,5.296429961276772e-12,1.9343415758044102e-12
1180,3,5,27160778.92419238,59847694.76141861,1.84711234797978,0.6446388362185178,ok,,1.8471123764958302,0.9235561882479151,0.9235561882479151,0.6446388380403798,1.8471123464862789,0.6446388355704653,0.7990524394812113,3,3.0009551288401326e-08,2.4699144951512153e-09,0.0,2.851605018783232e-08,1.8218619945997716e-09,1.4935011005690058e-09,6.480525005514437e-10
1181,5,3,336.3606740846759,5840.953402301547,1.270849102883684,0.43411556959690345,ok,,1.2708491028836484,0.6354245514418242,0.6354245514418242,0.4341155695968686,1.2708491028836117,0.4341155695968737,0.7141188305685413,3,3.6637359812630166e-14,5.10702591327572e-15,0.0,3.552713678800501e-14,3.4861002973229915e-14,7.216449660063518e-14,2.9753977059954195e-14
1182,1,3,1.0,208797.456484205,0.12422086695652326,0.03247170194275442,ok,,0.12422086695632872,0.06211043347816436,0.06211043347816436,0.032471701942689446,0.1242208669565108,0.03247170194275103,0.11681524698912256,1,1.8207657603852567e-13,6.158268339717665e-14,0.0,1.9453882948994305e-13,6.497580251618729e-14,1.2462253451417382e-14,3.3931191190106347e-15
1183,2,2,2.7914012220473423,4919.695553825636,1.0198086426260384,0.30379732430975354,ok,,1.0198086426260458,0.5099043213130229,0.5099043213130229,0.30379732430975315,1.0198086426260413,0.3037973243097546,0.4963665967546349,2,4.440892098500626e-15,1.4432899320127035e-15,0.0,7.327471962526033e-15,3.885780586188048e-16,2.886579864025407e-15,1.0547118733938987e-15
1184,2,5,4957032.160072958,6962115.470893867,0.3314375726360238,0.09251277021114829,ok,,0.3314375725829555,0.16571878629147774,0.16571878629147774,0.09251277017146453,0.3314375727330071,0.09251277024086248,0.2812448107245099,2,1.5005163778170072e-10,6.939794572335956e-11,0.0,5.3068327510175095e-11,3.9683756281050364e-11,9.698331027152562e-11,2.971418944230919e-11
1185,3,1,186.39061599074034,1.0,0.003495255843685556,0.0008749586198322151,ok,,0.0034952558436855963,0.0017476279218427981,0.0017476279218427981,0.0008749586198320003,0.003495255843685543,0.0008749586198322118,0.003489154547579452,1,5.334274688628682e-17,2.1152784385192192e-16,0.0,4.0332320816460765e-17,2.1478045036937843e-16,1.3010426069826053e-17,3.2526065174565133e-18
1186,1,3,1.0,17979.97132226708,0.46707176399718836,0.13560191684450143,ok,,0.46707176399685846,0.23353588199842923,0.23353588199842923,0.13560191684449263,0.467071763997099,0.1356019168444722,0.3731648953944128,1,2.4052981828504016e-13,2.042810365310288e-14,0.0,3.2990277176736527e-13,8.798517470154366e-15,8.93729534823251e-14,2.9226621123257246e-14
1187,2,5,19354860.016149912,854.8524386013536,0.5604101205856081,0.15907627355720647,ok,,0.5604101204972551,0.28020506024862757,0.28020506024862757,0.15907627351272602,0.5604101205709497,0.15907627355257825,0.3659755394384011,2,7.369460597317357e-11,3.985223262503723e-11,0.0,8.835299158960197e-11,4.448044710336774e-11,1.4658385616428404e-11,4.628214478330506e-12
1188,1,5,1.0,36122.323997664425,12.347549313569893,5.886094031124501,ok,,12.347549325501786,6.173774662750893,6.173774662750893,5.8860940354319515,12.34754932564316,5.886094037161117,0.9999956596229062,1,1.4137313542050833e-10,1.7291652554263237e-09,0.0,1.1931893695305007e-08,4.30745039636804e-09,1.2073266830725515e-08,6.036615651794364e-09
1189,2,4,313330.8975682719,26461950.5871918,0.5395411469335223,0.148010176327163,ok,,0.5395411479926162,0.2697705739963081,0.2697705739963081,0.14801017640453829,0.5395411468627291,0.14801017630636504,0.255247285806292,2,1.1298870727927124e-09,9.817324730931887e-11,0.0,1.0590939236720942e-09,7.737527285556212e-11,7.079314912061818e-11,2.079797445375675e-11
1190,3,2,2009191.7857468806,10493151.502969898,0.08498788730855247,0.021901215479092268,ok,,0.08498788696478954,0.04249394348239477,0.04249394348239477,0.021901215274260366,0.08498788725525958,0.02190121546494165,0.08068672724697583,2,2.9047003691218265e-10,1.9068128326305e-10,0.0,3.437629347846638e-10,2.048319014402722e-10,5.329289787248115e-11,1.4150618177222185e-11
1191,2,4,8561.617240389718,84.32692686928056,1.0290104158161155,0.30623167144140906,ok,,1.029010415816116,0.514505207908058,0.514505207908058,0.3062316714414104,1.0290104158161155,0.30623167144140906,0.49200151929898295,2,4.440892098500626e-16,1.3322676295501878e-15,0.0,4.440892098500626e-16,1.3322676295501878e-15,0.0,0.0
1192,5,5,740.3764750933389,6589.846125439784,1.6321980528325568,0.5228734052176764,ok,,1.6321980528324453,0.8160990264162227,0.8160990264162227,0.5228734052177044,1.632198052832533,0.5228734052176687,0.6621699192946354,5,8.770761894538737e-14,3.574918139293004e-14,0.0,1.1146639167236572e-13,2.7977620220553945e-14,2.375877272697835e-14,7.771561172376096e-15
1193,2,5,52242.44484148818,11589.3895664472,0.4090297427247521,0.11614848457703068,ok,,0.40902974272406967,0.20451487136203483,0.20451487136203483,0.11614848457680704,0.4090297427245406,0.11614848457696371,0.328643355058308,2,4.709566070459914e-13,1.566663465624174e-13,0.0,6.824540932370837e-13,2.2364055052292997e-13,2.1149748619109232e-13,6.697420396051257e-14
1194,4,4,3167665.234491716,3050548.570719228,1.409607213352734,0.43294440285594,ok,,1.4096072134907498,0.7048036067453749,0.7048036067453749,0.4329444027662275,1.4096072133643578,0.4329444028597754,0.5477607304786639,4,1.263920079708214e-10,9.3547947166428e-11,0.0,1.3801582099404186e-10,8.97125151944067e-11,1.1623813023220464e-11,3.835431972021297e-12
1195,4,3,18.683484064765747,802997.4778698529,1.637821997318535,0.5327786928153988,ok,,1.6378219973291994,0.8189109986645997,0.8189109986645997,0.5327786928218705,1.637821997322679,0.5327786928170328,0.6951530868371445,3,6.520339823623544e-12,4.837685807501657e-12,0.0,1.0664358285339404e-11,6.4717120551449625e-12,4.144018461715859e-12,1.6340262476433054e-12
1196,3,3,7274840.1375268875,385.9031006554836,1.0821476422822307,0.32358427705565057,ok,,1.0821476422575746,0.5410738211287873,0.5410738211287873,0.32358427705129245,1.082147642301734,0.32358427706182347,0.5006679958165664,3,4.4159342849070526e-11,1.0531020500081922e-11,0.0,2.46560549754804e-11,4.358124972014821e-12,1.9503287873590125e-11,6.172895528067102e-12
1197,5,4,2037.2357897828786,3163.7497429892433,0.324792882915055,0.08516841783962863,ok,,0.3247928829150224,0.1623964414575112,0.1623964414575112,0.08516841783959439,0.3247928829150557,0.08516841783962883,0.16870281047710714,4,3.3306690738754696e-14,3.444466933899548e-14,0.0,3.2585045772748344e-14,3.4236502521878265e-14,7.216449660063518e-16,2.0816681711721685e-16
1198,5,4,4036191.9418777796,21342282.430143572,0.8312369675289171,0.23926891557205618,ok,,0.8312369662961041,0.41561848314805205,0.41561848314805205,0.23926891570495368,0.8312369680526012,0.23926891573227488,0.4301134355819635,4,1.7564970589134532e-09,2.732120085724432e-11,0.0,1.2328129628258466e-09,1.3289749856149058e-10,5.236840960876066e-10,1.602186994187349e-10
1199,4,1,128231.60817915646,1.0,0.08313291688416503,0.02142212318180314,ok,,0.08313291688407676,0.04156645844203838,0.04156645844203838,0.021422123181782382,0.08313291688413481,0.021422123181795122,0.07977117485715891,1,5.805078640008787e-14,1.2739809207573671e-14,0.0,8.827660824550776e-14,2.0757701113538474e-14,3.0225821845419887e-14,8.017891905964802e-15
