split,edge_id,source,target,gc,gaussian_te,gaussian_cmi,canonical_cs,gc_canonical_error,scalar_mapped_cs,abs_scalar_map_error
full,000001.SS->399001.SZ,000001.SS,399001.SZ,0.00684768556192239,0.003423842780961195,0.003423842780961195,0.0017163123835339737,-3.157196726277789e-16,0.0017163123835338921,8.153200337090993e-17
full,000001.SS->IMOEX.ME,000001.SS,IMOEX.ME,0.0019714866460809333,0.0009857433230404666,0.0009857433230404666,0.0004932359254880406,-1.6046192152785466e-16,0.0004932359254879474,9.313296661650483e-17
full,000001.SS->^AXJO,000001.SS,^AXJO,0.0009791352348162974,0.0004895676174081487,0.0004895676174081487,0.00024487367270546327,-3.5128150388530344e-17,0.00024487367270543985,2.3418766925686896e-17
full,000001.SS->^DJI,000001.SS,^DJI,0.0002029686271924902,0.0001014843135962451,0.0001014843135962451,5.074601881707193e-05,4.581296279837499e-16,5.074601881724787e-05,1.7593890754008523e-16
full,000001.SS->^GSPC,000001.SS,^GSPC,0.0011488781649067192,0.0005744390824533596,0.0005744390824533596,0.00028734326012791445,6.594117613056838e-16,0.0002873432601280386,1.2414114874959026e-16
full,000001.SS->^HSI,000001.SS,^HSI,0.0172741881852172,0.0086370940926086,0.0086370940926086,0.0043464411934874166,2.7755575615628914e-16,0.004346441193487423,6.071532165918825e-18
full,000001.SS->^IXIC,000001.SS,^IXIC,0.001400596464593562,0.000700298232296781,0.000700298232296781,0.0003503329798198074,1.2633123713801098e-15,0.00035033297982019044,3.830486275391287e-16
full,000001.SS->^KS11,000001.SS,^KS11,0.0043605159822011075,0.0021802579911005537,0.0021802579911005537,0.001091910271549845,1.929879867024198e-15,0.0010919102715503273,4.822531263215524e-16
full,000001.SS->^N100,000001.SS,^N100,0.0038302859503218656,0.0019151429751609328,0.0019151429751609328,0.0009589460240634587,-1.049074022096974e-15,0.0009589460240632375,2.211772431870429e-16
full,000001.SS->^N225,000001.SS,^N225,0.0033888330366842467,0.0016944165183421234,0.0016944165183421234,0.0008482842937004865,2.92300905702092e-16,0.0008482842937006152,1.2869479787402938e-16
full,000001.SS->^NZ50,000001.SS,^NZ50,0.0005855161113803575,0.00029275805569017876,0.00029275805569017876,0.00014641116493820667,8.098990228466718e-17,0.00014641116493824212,3.5453411040275995e-17
full,000001.SS->^STI,000001.SS,^STI,0.003332960381863259,0.0016664801909316296,0.0016664801909316296,0.0008342809504210942,6.81312645189891e-16,0.0008342809504212976,2.0339632755828063e-16
full,000001.SS->^STOXX50E,000001.SS,^STOXX50E,0.0023551302131803453,0.0011775651065901727,0.0011775651065901727,0.000589302346497324,5.7462715141731735e-16,0.0005893023464974892,1.6523241108679088e-16
full,399001.SZ->000001.SS,399001.SZ,000001.SS,0.001604099507392931,0.0008020497536964655,0.0008020497536964655,0.00040126604377673924,-1.5488912236127916e-15,0.0004012660437763138,4.2544093248331194e-16
full,399001.SZ->IMOEX.ME,399001.SZ,IMOEX.ME,0.0025369092847533636,0.0012684546423766818,0.0012684546423766818,0.0006348304324760203,2.5543803183758484e-16,0.0006348304324760637,4.336808689942018e-17
full,399001.SZ->^AXJO,399001.SZ,^AXJO,0.000502432629675198,0.000251216314837599,0.000251216314837599,0.00012563182155080215,-8.380882793312949e-17,0.00012563182155073902,6.31276714929685e-17
full,399001.SZ->^DJI,399001.SZ,^DJI,0.0006984492566015632,0.0003492246283007816,0.0003492246283007816,0.0001746580430164025,1.2004286453759505e-15,0.00017465804301676843,3.6591823321385775e-16
full,399001.SZ->^GSPC,399001.SZ,^GSPC,0.001860180227485131,0.0009300901137425654,0.0009300901137425654,0.000465369356643041,3.8424124992886277e-16,0.0004653693566431037,6.272109567828643e-17
full,399001.SZ->^HSI,399001.SZ,^HSI,0.010862641348589719,0.005431320674294859,0.005431320674294859,0.0027267025128162132,2.6020852139652106e-17,0.002726702512816183,3.0357660829594124e-17
full,399001.SZ->^IXIC,399001.SZ,^IXIC,0.0026280453438687346,0.0013140226719343673,0.0013140226719343673,0.0006576585481556778,1.4216058885629934e-15,0.000657658548156025,3.471615356298585e-16
full,399001.SZ->^KS11,399001.SZ,^KS11,0.0022428132982419413,0.0011214066491209707,0.0011214066491209707,0.0005611747305843533,8.708311849403572e-16,0.0005611747305845499,1.9656585387162195e-16
full,399001.SZ->^N100,399001.SZ,^N100,0.002960943669648941,0.0014804718348244705,0.0014804718348244705,0.0007410574355458017,1.8214596497756474e-16,0.0007410574355458893,8.760353553682876e-17
full,399001.SZ->^N225,399001.SZ,^N225,0.0014279970303689993,0.0007139985151844996,0.0007139985151844996,0.0003571903847934658,2.40541093987634e-15,0.0003571903847940775,6.116526556076973e-16
full,399001.SZ->^NZ50,399001.SZ,^NZ50,0.0012672966265245833,0.0006336483132622917,0.0006336483132622917,0.0003169746911459114,9.90960785651751e-17,0.0003169746911459629,5.149960319306146e-17
full,399001.SZ->^STI,399001.SZ,^STI,0.0031879078275576234,0.0015939539137788117,0.0015939539137788117,0.0007979292089756888,9.332812300755222e-16,0.0007979292089758647,1.7585759237714882e-16
full,399001.SZ->^STOXX50E,399001.SZ,^STOXX50E,0.0018083060998712597,0.0009041530499356298,0.0009041530499356298,0.000452382992341548,6.596286017401809e-16,0.00045238299234166927,1.2126801299250367e-16
full,IMOEX.ME->000001.SS,IMOEX.ME,000001.SS,0.009509272371014177,0.0047546361855070884,0.0047546361855070884,0.0023857821110662264,-1.5612511283791264e-16,0.0023857821110662126,1.3877787807814457e-17
full,IMOEX.ME->399001.SZ,IMOEX.ME,399001.SZ,0.004560741712536398,0.002280370856268199,0.002280370856268199,0.0011421339796623196,-3.183217578417441e-16,0.0011421339796622372,8.239936510889834e-17
full,IMOEX.ME->^AXJO,IMOEX.ME,^AXJO,0.025042102295824265,0.012521051147912132,0.012521051147912132,0.006319071094025246,-2.706168622523819e-16,0.006319071094025216,2.949029909160572e-17
full,IMOEX.ME->^DJI,IMOEX.ME,^DJI,0.00012185715237578165,6.0928576187890826e-05,6.0928576187890826e-05,3.0465680175052404e-05,-4.266742124545142e-16,3.046568017493762e-05,1.1478312874832475e-16
full,IMOEX.ME->^GSPC,IMOEX.ME,^GSPC,9.95494483024828e-05,4.97747241512414e-05,4.97747241512414e-05,2.488829113111309e-05,1.1174600741264973e-15,2.4888291131374836e-05,2.6174673322873487e-16
full,IMOEX.ME->^HSI,IMOEX.ME,^HSI,0.015637828422052635,0.007818914211026318,0.007818914211026318,0.003932323078740675,-4.128641872824801e-16,0.003932323078740606,6.938893903907228e-17
full,IMOEX.ME->^IXIC,IMOEX.ME,^IXIC,3.409852130786817e-05,1.7049260653934084e-05,1.7049260653934084e-05,8.524739330532075e-06,-8.047626150545217e-16,8.524739330303071e-06,2.2900382761967264e-16
full,IMOEX.ME->^KS11,IMOEX.ME,^KS11,0.014740805950305358,0.007370402975152679,0.007370402975152679,0.0037055224594988085,2.149322386735264e-15,0.003705522459499375,5.663872149064275e-16
full,IMOEX.ME->^N100,IMOEX.ME,^N100,0.0012354180295890416,0.0006177090147945208,0.0006177090147945208,0.00030899756459320583,-3.2504381131115423e-16,0.00030899756459305724,1.4858990773913838e-16
full,IMOEX.ME->^N225,IMOEX.ME,^N225,0.03278966437841824,0.01639483218920912,0.01639483218920912,0.008297660601609564,8.396061623727746e-16,0.008297660601609773,2.0816681711721685e-16
full,IMOEX.ME->^NZ50,IMOEX.ME,^NZ50,0.018339711355441324,0.009169855677720662,0.009169855677720662,0.004616363692986427,1.0061396160665481e-16,0.004616363692986438,1.1275702593849246e-17
full,IMOEX.ME->^STI,IMOEX.ME,^STI,0.021187030020927367,0.010593515010463683,0.010593515010463683,0.005338692168792991,1.5092094240998222e-15,0.005338692168793401,4.102621020685149e-16
full,IMOEX.ME->^STOXX50E,IMOEX.ME,^STOXX50E,0.0009517352453922712,0.0004758676226961356,0.0004758676226961356,0.000238018716625058,2.2258670601127406e-16,0.00023801871662513678,7.87672878310719e-17
full,^AXJO->000001.SS,^AXJO,000001.SS,0.005042403468147327,0.0025212017340736637,0.0025212017340736637,0.0012629825349887314,-1.0070069778045365e-15,0.0012629825349884571,2.743031496388326e-16
full,^AXJO->399001.SZ,^AXJO,399001.SZ,0.003340863863209975,0.0016704319316049876,0.0016704319316049876,0.0008362617616107186,3.9898639947466563e-16,0.0008362617616108391,1.2045486136313954e-16
full,^AXJO->IMOEX.ME,^AXJO,IMOEX.ME,0.0003343901334762478,0.0001671950667381239,0.0001671950667381239,8.360801560644218e-05,-9.584889305858102e-16,8.360801560622973e-05,2.124494156985346e-16
full,^AXJO->^DJI,^AXJO,^DJI,0.0010650210405547256,0.0005325105202773628,0.0005325105202773628,0.0002663615790575254,-4.130810277169772e-16,0.00026636157905748236,4.3042826247674526e-17
full,^AXJO->^GSPC,^AXJO,^GSPC,0.0006104885042148567,0.00030524425210742834,0.00030524425210742834,0.00015265706276857083,-2.239961688355052e-16,0.00015265706276844585,1.2498140543326652e-16
full,^AXJO->^HSI,^AXJO,^HSI,0.00071688655729929,0.000358443278649645,0.000358443278649645,0.00017926981416184652,2.063236734239915e-16,0.00017926981416189285,4.632253781944318e-17
full,^AXJO->^IXIC,^AXJO,^IXIC,0.0002933796596096272,0.0001466898298048136,0.0001466898298048136,7.335298372288367e-05,-9.12952439341419e-16,7.335298372266126e-05,2.2241052315824517e-16
full,^AXJO->^KS11,^AXJO,^KS11,0.0022156126405619148,0.0011078063202809574,0.0011078063202809574,0.0005543632032407004,8.122842676261399e-16,0.000554363203240944,2.4362022815749285e-16
full,^AXJO->^N100,^AXJO,^N100,2.973769799297088e-07,1.486884899648544e-07,1.486884899648544e-07,7.434425343394485e-08,-6.436715598050939e-16,7.434425332112475e-08,1.128201034232833e-16
full,^AXJO->^N225,^AXJO,^N225,0.007182995181725715,0.0035914975908628577,0.0035914975908628577,0.0018005800726789048,4.81385764583564e-16,0.001800580072679053,1.48318857196017e-16
full,^AXJO->^NZ50,^AXJO,^NZ50,0.009274204305249611,0.004637102152624806,0.004637102152624806,0.002326602124008532,-8.153200337090993e-17,0.002326602124008478,5.377642775528102e-17
full,^AXJO->^STI,^AXJO,^STI,0.003630141188516234,0.001815070594258117,0.001815070594258117,0.0009087699799686288,1.0065732969355423e-15,0.0009087699799688649,2.360308129500943e-16
full,^AXJO->^STOXX50E,^AXJO,^STOXX50E,1.8874663235024514e-05,9.437331617512257e-06,9.437331617512257e-06,4.718699207515329e-06,-6.1496624849735615e-16,4.71869920729529e-06,2.2003967793888038e-16
full,^DJI->000001.SS,^DJI,000001.SS,0.048417442642941566,0.024208721321470783,0.024208721321470783,0.012322355395970272,-1.2212453270876722e-15,0.01232235539596997,3.0184188481996443e-16
full,^DJI->399001.SZ,^DJI,399001.SZ,0.03471409005172177,0.017357045025860884,0.017357045025860884,0.008790842635193535,9.645062526431047e-16,0.008790842635193807,2.723515857283587e-16
full,^DJI->IMOEX.ME,^DJI,IMOEX.ME,0.026377998110412193,0.013188999055206097,0.013188999055206097,0.00665944342548161,-7.73686670285656e-16,0.006659443425481446,1.6393136847980827e-16
full,^DJI->^AXJO,^DJI,^AXJO,0.20324251777778635,0.10162125888889317,0.10162125888889317,0.054550695012856615,-1.942890293094024e-16,0.05455069501285657,4.163336342344337e-17
full,^DJI->^GSPC,^DJI,^GSPC,0.0003575113172082922,0.0001787556586041461,0.0001787556586041461,8.938981118235559e-05,1.0881595104150765e-15,8.938981118264466e-05,2.890754042389476e-16
full,^DJI->^HSI,^DJI,^HSI,0.10766865096698375,0.053834325483491874,0.053834325483491874,0.027984343547506806,-1.5265566588595902e-16,0.027984343547506816,1.0408340855860843e-17
full,^DJI->^IXIC,^DJI,^IXIC,0.0012463427255475779,0.0006231713627737889,0.0006231713627737889,0.00031173127958939047,-3.0292608699244994e-16,0.0003117312795893807,9.75781955236954e-18
full,^DJI->^KS11,^DJI,^KS11,0.11015186238713959,0.055075931193569794,0.055075931193569794,0.028654463661505702,1.096345236817342e-15,0.028654463661506004,3.0184188481996443e-16
full,^DJI->^N100,^DJI,^N100,0.029719474876731766,0.014859737438365883,0.014859737438365883,0.007512262253020668,-1.2351231148954867e-15,0.007512262253020351,3.174543961037557e-16
full,^DJI->^N225,^DJI,^N225,0.24990660118604247,0.12495330059302123,0.12495330059302123,0.06808489557410996,-1.942890293094024e-16,0.06808489557410988,8.326672684688674e-17
full,^DJI->^NZ50,^DJI,^NZ50,0.1274219845416802,0.0637109922708401,0.0637109922708401,0.03334510388730917,3.3306690738754696e-16,0.0333451038873092,2.7755575615628914e-17
full,^DJI->^STI,^DJI,^STI,0.11992112905783792,0.05996056452891896,0.05996056452891896,0.03130138337646951,2.067790383364354e-15,0.03130138337647008,5.689893001203927e-16
full,^DJI->^STOXX50E,^DJI,^STOXX50E,0.019794726598725276,0.009897363299362638,0.009897363299362638,0.0049852944873222,-1.3530843112619095e-16,0.0049852944873221,1.0061396160665481e-16
full,^GSPC->000001.SS,^GSPC,000001.SS,0.049789353922392365,0.024894676961196183,0.024894676961196183,0.012677808585557842,1.249000902703301e-16,0.012677808585557877,3.469446951953614e-17
full,^GSPC->399001.SZ,^GSPC,399001.SZ,0.03688475866270835,0.018442379331354175,0.018442379331354175,0.009347949351931423,-4.163336342344337e-16,0.009347949351931282,1.4051260155412137e-16
full,^GSPC->IMOEX.ME,^GSPC,IMOEX.ME,0.030060113138091538,0.015030056569045769,0.015030056569045769,0.007599316570106287,-1.0894063429134349e-15,0.007599316570106073,2.1423834928313568e-16
full,^GSPC->^AXJO,^GSPC,^AXJO,0.2324784387505705,0.11623921937528525,0.11623921937528525,0.0629879140437035,3.608224830031759e-16,0.06298791404370366,1.5265566588595902e-16
full,^GSPC->^DJI,^GSPC,^DJI,1.5797362932445935e-05,7.898681466222968e-06,7.898681466222968e-06,3.949364129019888e-06,-1.2665514253704102e-16,3.949364128948447e-06,7.144129987026945e-17
full,^GSPC->^HSI,^GSPC,^HSI,0.1181235903431812,0.0590617951715906,0.0590617951715906,0.03081308735795073,5.551115123125783e-17,0.030813087357950728,3.469446951953614e-18
full,^GSPC->^IXIC,^GSPC,^IXIC,0.0007100458720294966,0.0003550229360147483,0.0003550229360147483,0.0001775587278954584,5.417758255910066e-16,0.00017755872789554784,8.944667923005412e-17
full,^GSPC->^KS11,^GSPC,^KS11,0.1209418784823324,0.0604709392411662,0.0604709392411662,0.0315789202726726,1.4016565685892601e-15,0.031578920272672936,3.3306690738754696e-16
full,^GSPC->^N100,^GSPC,^N100,0.03850304425523987,0.019251522127619936,0.019251522127619936,0.009763850036384988,-1.6792123247455493e-15,0.009763850036384551,4.371503159461554e-16
full,^GSPC->^N225,^GSPC,^N225,0.2597802619769176,0.1298901309884588,0.1298901309884588,0.07099460052705518,8.326672684688674e-16,0.07099460052705545,2.636779683484747e-16
full,^GSPC->^NZ50,^GSPC,^NZ50,0.15296229390686733,0.07648114695343367,0.07648114695343367,0.040377710616759196,9.992007221626409e-16,0.04037771061675943,2.3592239273284576e-16
full,^GSPC->^STI,^GSPC,^STI,0.13091790653223434,0.06545895326611717,0.06545895326611717,0.03430099428776043,7.771561172376096e-16,0.03430099428776061,1.8041124150158794e-16
full,^GSPC->^STOXX50E,^GSPC,^STOXX50E,0.025526451642749137,0.012763225821374569,0.012763225821374569,0.006442440090543934,2.1510571102112408e-16,0.00644244009054402,8.586881206085195e-17
full,^HSI->000001.SS,^HSI,000001.SS,0.0129183360541969,0.00645916802709845,0.00645916802709845,0.003245195620804961,-8.083811398051921e-16,0.0032451956208047954,1.6566609195578508e-16
full,^HSI->399001.SZ,^HSI,399001.SZ,0.005329169906922004,0.002664584953461002,0.002664584953461002,0.0013349526159887775,4.822531263215524e-16,0.0013349526159888959,1.1839487723541708e-16
full,^HSI->IMOEX.ME,^HSI,IMOEX.ME,0.00038972890726185483,0.00019486445363092741,0.00019486445363092741,9.744646544858815e-05,6.336619597091531e-16,9.744646544868585e-05,9.770016826810002e-17
full,^HSI->^AXJO,^HSI,^AXJO,0.0007003378722245657,0.00035016893611228284,0.00035016893611228284,0.0001751304445449684,9.226560487851643e-16,0.00017513044454525479,2.86392003862046e-16
full,^HSI->^DJI,^HSI,^DJI,0.002383277782662674,0.001191638891331337,0.001191638891331337,0.0005963517353357941,-7.741203511546502e-16,0.0005963517353355818,2.1228678537266177e-16
full,^HSI->^GSPC,^HSI,^GSPC,0.0017716102441287518,0.0008858051220643759,0.0008858051220643759,0.000443196718159339,5.856860135766695e-16,0.000443196718159536,1.9699953474061616e-16
full,^HSI->^IXIC,^HSI,^IXIC,0.002365086485836443,0.0011825432429182214,0.0011825432429182214,0.0005917958179143354,-4.8138576458356397e-17,0.0005917958179143259,9.540979117872439e-18
full,^HSI->^KS11,^HSI,^KS11,0.0033019457097971383,0.0016509728548985692,0.0016509728548985692,0.0008265080065864357,2.2577426039838144e-15,0.0008265080065870231,5.874207370526463e-16
full,^HSI->^N100,^HSI,^N100,0.0028327373349732454,0.0014163686674866227,0.0014163686674866227,0.0007089362660847331,-1.876537120137911e-15,0.0007089362660842274,5.056718932472393e-16
full,^HSI->^N225,^HSI,^N225,0.00324251528598829,0.001621257642994145,0.001621257642994145,0.0008116139673387406,1.6865848995184507e-15,0.0008116139673391452,4.0462425077159025e-16
full,^HSI->^NZ50,^HSI,^NZ50,0.00793936240007831,0.003969681200039155,0.003969681200039155,0.0019907421650185646,1.4432899320127035e-15,0.0019907421650189293,3.647256108241237e-16
full,^HSI->^STI,^HSI,^STI,0.0006889462001211655,0.00034447310006058274,0.00034447310006058274,0.00017228104306420732,5.698566618583811e-16,0.00017228104306438402,1.7669784906082509e-16
full,^HSI->^STOXX50E,^HSI,^STOXX50E,0.0015408157943923584,0.0007704078971961792,0.0007704078971961792,0.0003854264645583201,-2.673642557349254e-16,0.0003854264645582835,3.6591823321385775e-17
full,^IXIC->000001.SS,^IXIC,000001.SS,0.040308968529268796,0.020154484264634398,0.020154484264634398,0.010228542519035341,4.163336342344337e-17,0.010228542519035357,1.5612511283791264e-17
full,^IXIC->399001.SZ,^IXIC,399001.SZ,0.030702103718155627,0.015351051859077813,0.015351051859077813,0.0077634434422071495,4.510281037539698e-16,0.007763443442207296,1.465841337200402e-16
full,^IXIC->IMOEX.ME,^IXIC,IMOEX.ME,0.02630401193570364,0.01315200596785182,0.01315200596785182,0.006640583880089813,-3.712308238590367e-16,0.006640583880089733,7.979727989493313e-17
full,^IXIC->^AXJO,^IXIC,^AXJO,0.20782544622943178,0.10391272311471589,0.10391272311471589,0.05586385012890136,-3.3306690738754696e-16,0.05586385012890121,1.5265566588595902e-16
full,^IXIC->^DJI,^IXIC,^DJI,3.0605133305883214e-05,1.5302566652941607e-05,1.5302566652941607e-05,7.651371139205111e-06,9.032759349519859e-17,7.651371139159014e-06,4.609722705547353e-17
full,^IXIC->^GSPC,^IXIC,^GSPC,0.00023470536455150182,0.00011735268227575091,0.00011735268227575091,5.8681505305116566e-05,1.0093380124753804e-15,5.868150530537239e-05,2.558242788615328e-16
full,^IXIC->^HSI,^IXIC,^HSI,0.10644348257442005,0.05322174128721002,0.05322174128721002,0.027654121936608395,-1.1102230246251565e-16,0.027654121936608333,6.245004513516506e-17
full,^IXIC->^KS11,^IXIC,^KS11,0.09996424059344022,0.04998212029672011,0.04998212029672011,0.025912193657250886,1.609823385706477e-15,0.025912193657251288,4.0245584642661925e-16
full,^IXIC->^N100,^IXIC,^N100,0.039512415201478746,0.019756207600739373,0.019756207600739373,0.010023503040645193,-1.5126788710517758e-15,0.010023503040644779,4.145989107584569e-16
full,^IXIC->^N225,^IXIC,^N225,0.20253066971461386,0.10126533485730693,0.10126533485730693,0.05434704444176612,6.106226635438361e-16,0.054347044441766273,1.5265566588595902e-16
full,^IXIC->^NZ50,^IXIC,^NZ50,0.15497994897000744,0.07748997448500372,0.07748997448500372,0.04093810770304793,-4.163336342344337e-16,0.040938107703047795,1.3183898417423734e-16
full,^IXIC->^STI,^IXIC,^STI,0.11498831519408448,0.05749415759704224,0.05749415759704224,0.029962762822949855,1.4016565685892601e-15,0.02996276282295018,3.2612801348363973e-16
full,^IXIC->^STOXX50E,^IXIC,^STOXX50E,0.02592690205248438,0.01296345102624219,0.01296345102624219,0.006544471916487684,-6.002143226879753e-16,0.0065444719164874906,1.93421667571414e-16
full,^KS11->000001.SS,^KS11,000001.SS,0.003193365237772028,0.001596682618886014,0.001596682618886014,0.0007992968237895504,-5.603156827405087e-16,0.000799296823789369,1.813870234568249e-16
full,^KS11->399001.SZ,^KS11,399001.SZ,0.0007396345821231165,0.00036981729106155825,0.00036981729106155825,0.0001849599260190506,-1.0115606269289756e-16,0.00018495992601896062,8.998878031629687e-17
full,^KS11->IMOEX.ME,^KS11,IMOEX.ME,3.6492747810257242e-06,1.8246373905128621e-06,1.8246373905128621e-06,9.123199441051316e-07,-1.4454253020727316e-15,9.123199437633989e-07,3.417326897126689e-16
full,^KS11->^AXJO,^KS11,^AXJO,7.943274237476317e-06,3.971637118738158e-06,3.971637118738158e-06,1.9858244748451163e-06,-1.0833602217359337e-15,1.9858244745578e-06,2.8731611680750044e-16
full,^KS11->^DJI,^KS11,^DJI,0.002244929543216756,0.001122464771608378,0.001122464771608378,0.0005617046816875248,9.892260621757742e-16,0.0005617046816878095,2.8471149049469346e-16
full,^KS11->^GSPC,^KS11,^GSPC,0.0017310176544373945,0.0008655088272186973,0.0008655088272186973,0.0004330352471294757,7.448468924975415e-16,0.0004330352471297047,2.2898349882893854e-16
full,^KS11->^HSI,^KS11,^HSI,7.616082910999467e-05,3.808041455499733e-05,3.808041455499733e-05,1.9040751064773956e-05,2.4717099027238287e-16,1.904075106483922e-05,6.526219452004933e-17
full,^KS11->^IXIC,^KS11,^IXIC,0.0017813935847925677,0.0008906967923962839,0.0008906967923962839,0.0004456458106512893,-9.19837123136702e-16,0.00044564581065110055,1.8875959822972632e-16
full,^KS11->^N100,^KS11,^N100,4.047183296052026e-06,2.023591648026013e-06,2.023591648026013e-06,1.0117973596875217e-06,-3.1746625456501726e-16,1.0117973596226402e-06,6.488145321025852e-17
full,^KS11->^N225,^KS11,^N225,0.002507383146815201,0.0012536915734076004,0.0012536915734076004,0.0006274349438159917,-1.1275702593849246e-15,0.0006274349438157224,2.693158196453993e-16
full,^KS11->^NZ50,^KS11,^NZ50,0.002039012111339389,0.0010195060556696944,0.0010195060556696944,0.000510142667583845,-5.763618748932942e-16,0.0005101426675836933,1.5167988393072207e-16
full,^KS11->^STI,^KS11,^STI,0.001763512017728175,0.0008817560088640874,0.0008817560088640874,0.00044116947884926026,2.3154221595600433e-15,0.00044116947884977644,5.161886543203487e-16
full,^KS11->^STOXX50E,^KS11,^STOXX50E,0.0002472210668198471,0.00012361053340992356,0.00012361053340992356,6.181099630536139e-05,-1.5720931501039814e-17,6.181099630532704e-05,3.435565634063442e-17
full,^N100->000001.SS,^N100,000001.SS,0.028995355834982917,0.014497677917491458,0.014497677917491458,0.007327275892737094,-9.8879238130678e-16,0.007327275892736827,2.671474153004283e-16
full,^N100->399001.SZ,^N100,399001.SZ,0.019082305335244243,0.009541152667622121,0.009541152667622121,0.004804605233948147,3.8163916471489756e-17,0.004804605233948181,3.382710778154774e-17
full,^N100->IMOEX.ME,^N100,IMOEX.ME,0.009237484426947162,0.004618742213473581,0.004618742213473581,0.0023173585757280996,1.1362438767648086e-15,0.002317358575728453,3.5344990823027445e-16
full,^N100->^AXJO,^N100,^AXJO,0.14562488672365959,0.07281244336182979,0.07281244336182979,0.03834571157541063,4.718447854656915e-16,0.03834571157541078,1.457167719820518e-16
full,^N100->^DJI,^N100,^DJI,0.0010555600078543392,0.0005277800039271696,0.0005277800039271696,0.00026399444048529096,1.3162214373974024e-16,0.00026399444048527405,1.691355389077387e-17
full,^N100->^GSPC,^N100,^GSPC,0.0012919876401902286,0.0006459938200951143,0.0006459938200951143,0.0003231533668532074,7.303185833862358e-16,0.0003231533668534122,2.0480579038251179e-16
full,^N100->^HSI,^N100,^HSI,0.07921860947607229,0.039609304738036144,0.039609304738036144,0.02038518544695264,-1.3877787807814457e-17,0.02038518544695259,5.204170427930421e-17
full,^N100->^IXIC,^N100,^IXIC,0.0032047232819483185,0.0016023616409741592,0.0016023616409741592,0.0008021431421747085,-6.132247487578013e-16,0.0008021431421745401,1.6837659738699884e-16
full,^N100->^KS11,^N100,^KS11,0.08943429838344663,0.044717149191723315,0.044717149191723315,0.02309719925533253,9.575673587391975e-16,0.02309719925533275,2.185751579730777e-16
full,^N100->^N225,^N100,^N225,0.1809696975763817,0.09048484878819085,0.09048484878819085,0.04821927230799054,2.220446049250313e-16,0.04821927230799057,2.7755575615628914e-17
full,^N100->^NZ50,^N100,^NZ50,0.08381138441651892,0.04190569220825946,0.04190569220825946,0.021602135804050057,6.106226635438361e-16,0.021602135804050234,1.7694179454963432e-16
full,^N100->^STI,^N100,^STI,0.08135787326942356,0.04067893663471178,0.04067893663471178,0.020951555622647878,2.067790383364354e-15,0.020951555622648405,5.273559366969494e-16
full,^N100->^STOXX50E,^N100,^STOXX50E,0.0023758186768745304,0.0011879093384372652,0.0011879093384372652,0.0005944836328747362,-4.722784663346857e-16,0.0005944836328745763,1.5981140022436335e-16
full,^N225->000001.SS,^N225,000001.SS,0.0028102197172241716,0.0014051098586120858,0.0014051098586120858,0.0007032949576190339,-6.327403878625404e-16,0.0007032949576188828,1.5113778284447932e-16
full,^N225->399001.SZ,^N225,399001.SZ,0.001045678311717424,0.000522839155858712,0.000522839155858712,0.00026152207035646163,-5.99563801384484e-16,0.0002615220703563102,1.514088333876007e-16
full,^N225->IMOEX.ME,^N225,IMOEX.ME,5.532944027031306e-05,2.766472013515653e-05,2.766472013515653e-05,1.3832647066634695e-05,-1.7018653738869183e-15,1.3832647066243698e-05,3.9099718471616307e-16
full,^N225->^AXJO,^N225,^AXJO,6.904558052411858e-06,3.452279026205929e-06,3.452279026205929e-06,1.7261439820302257e-06,1.6160863473184753e-15,1.7261439824548116e-06,4.245858527230587e-16
full,^N225->^DJI,^N225,^DJI,0.0010782488191392048,0.0005391244095696024,0.0005391244095696024,0.0002696711808692002,9.8207032783737e-16,0.0002696711808694947,2.945235201556873e-16
full,^N225->^GSPC,^N225,^GSPC,0.0011679611922374988,0.0005839805961187494,0.0005839805961187494,0.00029211816066398056,8.545681523530746e-16,0.00029211816066420537,2.2480932046486934e-16
full,^N225->^HSI,^N225,^HSI,3.7294251656661004e-05,1.8647125828330502e-05,1.8647125828330502e-05,9.323693306599517e-06,-2.6529071908004687e-17,9.323693306588896e-06,1.0621793158568926e-17
full,^N225->^IXIC,^N225,^IXIC,0.002949706713717859,0.0014748533568589295,0.0014748533568589295,0.0007382419745036322,-8.153200337090993e-17,0.0007382419745036368,4.553649124439119e-18
full,^N225->^KS11,^N225,^KS11,6.583927520864563e-05,3.2919637604322816e-05,3.2919637604322816e-05,1.646022518600405e-05,6.017728633109232e-16,1.646022518612717e-05,1.2311793294930706e-16
full,^N225->^N100,^N225,^N100,0.0005235306165989329,0.0002617653082994664,0.0002617653082994664,0.00013090834731174883,-1.6318326898079327e-15,0.00013090834731135668,3.9215592578800695e-16
full,^N225->^NZ50,^N225,^NZ50,0.0004538519763457316,0.0002269259881728658,0.0002269259881728658,0.00011348230340224179,-6.158268339717665e-17,0.00011348230340225363,1.1844908734404136e-17
full,^N225->^STI,^N225,^STI,0.003161460618230194,0.001580730309115097,0.001580730309115097,0.0007913016763531046,2.035264318189789e-15,0.0007913016763536118,5.07189776288719e-16
full,^N225->^STOXX50E,^N225,^STOXX50E,0.0006583427571360545,0.00032917137856802725,0.00032917137856802725,0.00016462631749953783,-1.611016008096211e-15,0.00016462631749907666,4.611653940667093e-16
full,^NZ50->000001.SS,^NZ50,000001.SS,0.0009426459679175991,0.00047132298395879957,0.00047132298395879957,0.000235744783399276,-8.797216427547383e-16,0.0002357447833990437,2.3229031545501932e-16
full,^NZ50->399001.SZ,^NZ50,399001.SZ,9.897515501933185e-05,4.9487577509665925e-05,4.9487577509665925e-05,2.474470712248382e-05,-7.101388704508493e-16,2.4744707122287898e-05,1.9592210883170869e-16
full,^NZ50->IMOEX.ME,^NZ50,IMOEX.ME,2.3221986644728076e-07,1.1610993322364038e-07,1.1610993322364038e-07,5.8054971786667364e-08,-4.771144950679158e-16,5.8054971698991394e-08,8.76759700887088e-17
full,^NZ50->^AXJO,^NZ50,^AXJO,0.00015976968384556756,7.988484192278378e-05,7.988484192278378e-05,3.9944813993282516e-05,-5.075421419947768e-16,3.994481399319329e-05,8.922306253197898e-17
full,^NZ50->^DJI,^NZ50,^DJI,0.002160693759181598,0.001080346879590799,0.001080346879590799,0.0005406109631761586,-7.24247051220317e-16,0.0005406109631760253,1.332484469984685e-16
full,^NZ50->^GSPC,^NZ50,^GSPC,0.0014381331038073597,0.0007190665519036799,0.0007190665519036799,0.00035972712573734426,1.304512053934559e-15,0.0003597271257376456,3.0135399384234596e-16
full,^NZ50->^HSI,^NZ50,^HSI,4.994956910309156e-07,2.497478455154578e-07,2.497478455154578e-07,1.248739461259126e-07,8.823679854401975e-17,1.2487394615825085e-07,3.233823561851149e-17
full,^NZ50->^IXIC,^NZ50,^IXIC,0.0010650298803245306,0.0005325149401622653,0.0005325149401622653,0.0002663637907646323,1.8648277366750676e-17,0.00026636379076464575,1.3444106938820255e-17
full,^NZ50->^KS11,^NZ50,^KS11,6.0807057549183696e-05,3.0403528774591848e-05,3.0403528774591848e-05,1.5202111023850789e-05,1.571212235838837e-15,1.5202111024182121e-05,3.3133218391157016e-16
full,^NZ50->^N100,^NZ50,^N100,0.0009139111827174418,0.0004569555913587209,0.0004569555913587209,0.00022855608690672862,-1.569057384021022e-15,0.00022855608690627372,4.549041265206055e-16
full,^NZ50->^N225,^NZ50,^N225,0.00016747942525441317,8.373971262720659e-05,8.373971262720659e-05,4.187248586699086e-05,2.047082121869881e-15,4.187248586745175e-05,4.608875672600099e-16
full,^NZ50->^STI,^NZ50,^STI,0.00011485061346938608,5.742530673469304e-05,5.742530673469304e-05,2.871388996824289e-05,5.094123907423143e-16,2.8713889968352178e-05,1.0928757898653885e-16
full,^NZ50->^STOXX50E,^NZ50,^STOXX50E,0.0007074136276248311,0.00035370681381241553,0.00035370681381241553,0.00017690031706578662,4.672911363412524e-17,0.00017690031706582736,4.073889663114283e-17
full,^STI->000001.SS,^STI,000001.SS,0.01192903080414176,0.00596451540207088,0.00596451540207088,0.002995571949203429,1.8041124150158794e-16,0.0029955719492034557,2.688821387764051e-17
full,^STI->399001.SZ,^STI,399001.SZ,0.006163435193659694,0.003081717596829847,0.003081717596829847,0.00154441650739165,3.37403716077489e-16,0.001544416507391757,1.0690233420707074e-16
full,^STI->IMOEX.ME,^STI,IMOEX.ME,0.001711993456421368,0.000855996728210684,0.000855996728210684,0.00042827305959455906,2.8210940528072825e-16,0.00042827305959466754,1.0847442735717472e-16
full,^STI->^AXJO,^STI,^AXJO,0.002493861223042515,0.0012469306115212575,0.0012469306115212575,0.0006240481268572935,1.2728533504979822e-15,0.0006240481268576149,3.213575239247035e-16
full,^STI->^DJI,^STI,^DJI,0.0019336540316565731,0.0009668270158282866,0.0009668270158282866,0.00048376392786175874,-1.0473392986209973e-16,0.00048376392786173353,2.5207700510287978e-17
full,^STI->^GSPC,^STI,^GSPC,0.0006932034259357067,0.00034660171296785336,0.00034660171296785336,0.00017334590105917526,1.446325698095663e-16,0.0001733459010592488,7.353601234882934e-17
full,^STI->^HSI,^STI,^HSI,0.003098025224771206,0.001549012612385603,0.001549012612385603,0.0007754056315352337,7.979727989493313e-17,0.0007754056315353033,6.960577947356938e-17
full,^STI->^IXIC,^STI,^IXIC,0.0011896606011116972,0.0005948303005558486,0.0005948303005558486,0.00029754780762518483,4.848552115355176e-16,0.0002975478076252969,1.1205229452637688e-16
full,^STI->^KS11,^STI,^KS11,0.005069708987955224,0.002534854493977612,0.002534854493977612,0.0012698347681268272,1.3253287356462806e-15,0.0012698347681271672,3.400058012914542e-16
full,^STI->^N100,^STI,^N100,0.0013546088226483732,0.0006773044113241866,0.0006773044113241866,0.0003388241947953677,-1.5736110331454611e-15,0.00033882419479491007,4.576417370061314e-16
full,^STI->^N225,^STI,^N225,0.008819877107551832,0.004409938553775916,0.004409938553775916,0.0022122513849811465,1.6618650899857812e-15,0.0022122513849815876,4.410534437671032e-16
full,^STI->^NZ50,^STI,^NZ50,0.00880756654887449,0.004403783274437245,0.004403783274437245,0.002209153446076261,1.5334955527634975e-15,0.0022091534460766554,3.942159099157294e-16
full,^STI->^STOXX50E,^STI,^STOXX50E,0.00035118094350217177,0.00017559047175108589,0.00017559047175108589,8.780679720383683e-05,5.156465532341059e-16,8.780679720399506e-05,1.582257545471033e-16
full,^STOXX50E->000001.SS,^STOXX50E,000001.SS,0.023660231363205497,0.011830115681602749,0.011830115681602749,0.0059673324503682216,-2.463307335887066e-16,0.005967332450368142,7.979727989493313e-17
full,^STOXX50E->399001.SZ,^STOXX50E,399001.SZ,0.01454539978059799,0.007272699890298995,0.007272699890298995,0.0036561363798528522,1.9463597400459776e-15,0.00365613637985332,4.679416576447437e-16
full,^STOXX50E->IMOEX.ME,^STOXX50E,IMOEX.ME,0.007911862172164774,0.003955931086082387,0.003955931086082387,0.001983826322290357,-1.052977149917922e-15,0.0019838263222901123,2.445960101127298e-16
full,^STOXX50E->^AXJO,^STOXX50E,^AXJO,0.1368899715066476,0.0684449857533238,0.0684449857533238,0.03593888403103856,-2.220446049250313e-16,0.03593888403103846,9.71445146547012e-17
full,^STOXX50E->^DJI,^STOXX50E,^DJI,9.89837278737582e-05,4.94918639368791e-05,4.94918639368791e-05,2.474685049491963e-05,3.5939946765178865e-16,2.4746850495031145e-05,1.1151358157192315e-16
full,^STOXX50E->^GSPC,^STOXX50E,^GSPC,0.00010540086302945895,5.270043151472947e-05,5.270043151472947e-05,2.635125723973528e-05,5.566700529355262e-16,2.6351257239918747e-05,1.8346733637528145e-16
full,^STOXX50E->^HSI,^STOXX50E,^HSI,0.07295150318176802,0.03647575159088401,0.03647575159088401,0.01873071402372613,-1.304512053934559e-15,0.018730714023725756,3.7470027081099033e-16
full,^STOXX50E->^IXIC,^STOXX50E,^IXIC,0.0007774739870161085,0.00038873699350805424,0.00038873699350805424,0.00019442515807915482,9.677588591605613e-16,0.000194425158079386,2.311790082282217e-16
full,^STOXX50E->^KS11,^STOXX50E,^KS11,0.07693442594408495,0.038467212972042475,0.038467212972042475,0.019781357191657235,1.304512053934559e-15,0.019781357191657547,3.122502256758253e-16
full,^STOXX50E->^N100,^STOXX50E,^N100,0.0006362674224025255,0.00031813371120126277,0.00031813371120126277,0.00015910480497287482,-1.3154624958766625e-15,0.00015910480497255953,3.152859917587847e-16
full,^STOXX50E->^N225,^STOXX50E,^N225,0.1780963345549953,0.08904816727749765,0.08904816727749765,0.04740859928518627,4.718447854656915e-16,0.04740859928518637,9.71445146547012e-17
full,^STOXX50E->^NZ50,^STOXX50E,^NZ50,0.06867545317193624,0.03433772658596812,0.03433772658596812,0.017605936987655616,1.6375789613221059e-15,0.017605936987656064,4.475586568020162e-16
full,^STOXX50E->^STI,^STOXX50E,^STI,0.07789732789163395,0.038948663945816975,0.038948663945816975,0.02003578756790739,1.3183898417423734e-15,0.020035787567907713,3.226585665316861e-16
discovery,000001.SS->399001.SZ,000001.SS,399001.SZ,0.019416501483480175,0.009708250741740088,0.009708250741740088,0.004889354658945264,7.251144129583054e-16,0.0048893546589455165,2.5240226575462543e-16
discovery,000001.SS->IMOEX.ME,000001.SS,IMOEX.ME,0.011551361509724245,0.0057756807548621225,0.0057756807548621225,0.0029003257098153762,-1.5092094240998222e-16,0.0029003257098153433,3.2959746043559335e-17
discovery,000001.SS->^AXJO,000001.SS,^AXJO,0.00043186610112400103,0.00021593305056200052,0.00021593305056200052,0.00010798400917817249,4.985161589088349e-16,0.00010798400917833027,1.5777852115095303e-16
discovery,000001.SS->^DJI,000001.SS,^DJI,0.0012903577233878138,0.0006451788616939069,0.0006451788616939069,0.0003227454931850445,2.4732819958739327e-15,0.0003227454931856586,6.140921104957897e-16
discovery,000001.SS->^GSPC,000001.SS,^GSPC,0.0047156885516841385,0.0023578442758420692,0.0023578442758420692,0.0011810052850177385,-3.95516952522712e-16,0.0011810052850176644,7.41594285980085e-17
discovery,000001.SS->^HSI,000001.SS,^HSI,0.04786124839004202,0.02393062419502101,0.02393062419502101,0.012178347199436182,-9.159339953157541e-16,0.012178347199435889,2.931682674400804e-16
discovery,000001.SS->^IXIC,000001.SS,^IXIC,0.005318246699490103,0.0026591233497450517,0.0026591233497450517,0.0013322109251543647,1.2776238400569184e-15,0.0013322109251547164,3.5171518475429764e-16
discovery,000001.SS->^KS11,000001.SS,^KS11,0.013354674539099776,0.006677337269549888,0.006677337269549888,0.0033553514513407702,5.585809592645319e-16,0.0033553514513408747,1.0451708942760263e-16
discovery,000001.SS->^N100,000001.SS,^N100,0.007418341009145735,0.0037091705045728673,0.0037091705045728673,0.0018597381002165383,1.7416623698807143e-15,0.001859738100217012,4.737963493761654e-16
discovery,000001.SS->^N225,000001.SS,^N225,0.00537290544480129,0.002686452722400645,0.002686452722400645,0.001345930322450982,1.465841337200402e-15,0.0013459303224512963,3.142017895862992e-16
discovery,000001.SS->^NZ50,000001.SS,^NZ50,0.003993578012725152,0.001996789006362576,0.001996789006362576,0.0009998886951186996,-3.2959746043559335e-16,0.0009998886951186595,4.0115480381963664e-17
discovery,000001.SS->^STI,000001.SS,^STI,0.009405347732606373,0.004702673866303186,0.004702673866303186,0.00235961710360392,6.643990912991171e-16,0.002359617103604124,2.0383000842727483e-16
discovery,000001.SS->^STOXX50E,000001.SS,^STOXX50E,0.0078094705437870005,0.0039047352718935002,0.0039047352718935002,0.001958077799504899,3.157196726277789e-16,0.0019580777995049613,6.245004513516506e-17
discovery,399001.SZ->000001.SS,399001.SZ,000001.SS,0.00934411357878595,0.004672056789392975,0.004672056789392975,0.002344201182539047,-2.0469737016526324e-15,0.00234420118253851,5.368969158148218e-16
discovery,399001.SZ->IMOEX.ME,399001.SZ,IMOEX.ME,0.00979294853113899,0.004896474265569495,0.004896474265569495,0.00245721324707571,-7.546047120499111e-16,0.0024572132470755182,1.9168694409543718e-16
discovery,399001.SZ->^AXJO,399001.SZ,^AXJO,0.0007430593612358649,0.00037152968061793246,0.00037152968061793246,0.00018581659676215995,-5.148876117133661e-16,0.00018581659676201166,1.4829175214170487e-16
discovery,399001.SZ->^DJI,399001.SZ,^DJI,0.002533918897150045,0.0012669594485750224,0.0012669594485750224,0.0006340814148757365,2.8189256484623115e-17,0.0006340814148757568,2.0274580625478933e-17
discovery,399001.SZ->^GSPC,399001.SZ,^GSPC,0.007537581302274887,0.0037687906511374436,0.0037687906511374436,0.0018897150496690854,2.0729945537922845e-16,0.0018897150496691461,6.071532165918825e-17
discovery,399001.SZ->^HSI,399001.SZ,^HSI,0.0285389246091885,0.01426946230459425,0.01426946230459425,0.00721072391670931,-8.153200337090993e-16,0.00721072391670916,1.5005358067199381e-16
discovery,399001.SZ->^IXIC,399001.SZ,^IXIC,0.009334255700984784,0.004667127850492392,0.004667127850492392,0.002341719491321045,1.0373646386341306e-15,0.002341719491321306,2.6107588313450947e-16
discovery,399001.SZ->^KS11,399001.SZ,^KS11,0.009217319619132525,0.004608659809566262,0.004608659809566262,0.0023122825664192988,-1.2836953722228372e-16,0.0023122825664192706,2.8189256484623115e-17
discovery,399001.SZ->^N100,399001.SZ,^N100,0.004665603409499397,0.0023328017047496985,0.0023328017047496985,0.0011684400014590635,1.5525775109992423e-16,0.0011684400014591262,6.266688556966216e-17
discovery,399001.SZ->^N225,399001.SZ,^N225,0.003164030121979522,0.001582015060989761,0.001582015060989761,0.0007919455748394918,-1.2576745200831851e-16,0.0007919455748394463,4.5536491244391186e-17
discovery,399001.SZ->^NZ50,399001.SZ,^NZ50,0.007799330515105396,0.003899665257552698,0.003899665257552698,0.001955527983145663,-7.190428807923865e-16,0.0019555279831454967,1.6609977282477928e-16
discovery,399001.SZ->^STI,399001.SZ,^STI,0.007089799706788469,0.0035448998533942344,0.0035448998533942344,0.0017771567240702033,-9.8879238130678e-17,0.0017771567240702098,6.5052130349130266e-18
discovery,399001.SZ->^STOXX50E,399001.SZ,^STOXX50E,0.005075526924056106,0.002537763462028053,0.002537763462028053,0.0012712947786633925,1.734723475976807e-17,0.001271294778663359,3.361026734705064e-17
discovery,IMOEX.ME->000001.SS,IMOEX.ME,000001.SS,0.010420922750055794,0.005210461375027897,0.005210461375027897,0.002615393834228127,-2.411265631607762e-16,0.002615393834228058,6.895525817007808e-17
discovery,IMOEX.ME->399001.SZ,IMOEX.ME,399001.SZ,0.0029732084374369805,0.0014866042187184902,0.0014866042187184902,0.0007441304456486496,9.08995101411847e-16,0.0007441304456488985,2.489328188026718e-16
discovery,IMOEX.ME->^AXJO,IMOEX.ME,^AXJO,0.04220068260913834,0.02110034130456917,0.02110034130456917,0.010715952537951717,-6.314393452555578e-16,0.010715952537951535,1.8214596497756474e-16
discovery,IMOEX.ME->^DJI,IMOEX.ME,^DJI,2.445493302971613e-06,1.2227466514858065e-06,1.2227466514858065e-06,6.113738860580324e-07,1.4026272683468136e-15,6.113738863677748e-07,3.097424787563605e-16
discovery,IMOEX.ME->^GSPC,IMOEX.ME,^GSPC,0.0004050285229162398,0.0002025142614581199,0.0002025142614581199,0.00010127250920067552,-1.8653698377613104e-16,0.00010127250920068802,1.2495430037895439e-17
discovery,IMOEX.ME->^HSI,IMOEX.ME,^HSI,0.0240882206707127,0.01204411033535635,0.01204411033535635,0.006076234178726788,-2.0088097851811426e-15,0.006076234178726287,5.0133508455729725e-16
discovery,IMOEX.ME->^IXIC,IMOEX.ME,^IXIC,0.0002807234003139314,0.0001403617001569657,0.0001403617001569657,7.018823776005652e-05,1.3257624165152748e-15,7.018823776031914e-05,2.626208712303013e-16
discovery,IMOEX.ME->^KS11,IMOEX.ME,^KS11,0.018889286885544365,0.009444643442772183,0.009444643442772183,0.004755666773766819,4.85722573273506e-16,0.004755666773766977,1.5785983631388945e-16
discovery,IMOEX.ME->^N100,IMOEX.ME,^N100,0.003477296332713209,0.0017386481663566045,0.0017386481663566045,0.0008704570126089452,3.0487765090292385e-16,0.0008704570126090712,1.2598429244281562e-16
discovery,IMOEX.ME->^N225,IMOEX.ME,^N225,0.03902268828636579,0.019511344143182896,0.019511344143182896,0.009897501123528721,7.979727989493313e-16,0.009897501123528949,2.2724877535296173e-16
discovery,IMOEX.ME->^NZ50,IMOEX.ME,^NZ50,0.010590045128372694,0.005295022564186347,0.005295022564186347,0.0026580066866806872,-6.435824095873954e-16,0.0026580066866805536,1.3357370765021415e-16
discovery,IMOEX.ME->^STI,IMOEX.ME,^STI,0.02080164791555461,0.010400823957777305,0.010400823957777305,0.005240837585538114,-6.591949208711867e-17,0.005240837585538079,3.469446951953614e-17
discovery,IMOEX.ME->^STOXX50E,IMOEX.ME,^STOXX50E,0.0028453628364797368,0.0014226814182398684,0.0014226814182398684,0.000712099357520752,-1.416401718135063e-15,0.0007120993575204413,3.1073234263434557e-16
discovery,^AXJO->000001.SS,^AXJO,000001.SS,0.0061902398478714815,0.0030951199239357408,0.0030951199239357408,0.001551148666980855,-1.2663481374630692e-15,0.0015511486669805253,3.2959746043559335e-16
discovery,^AXJO->399001.SZ,^AXJO,399001.SZ,0.0027223315537980852,0.0013611657768990426,0.0013611657768990426,0.000681277362756811,7.41594285980085e-17,0.0006812773627567723,3.870601755773251e-17
discovery,^AXJO->IMOEX.ME,^AXJO,IMOEX.ME,0.0009102612572036151,0.00045513062860180753,0.00045513062860180753,0.00022764298147380675,5.812407846694789e-16,0.00022764298147391897,1.122149248522497e-16
discovery,^AXJO->^DJI,^AXJO,^DJI,0.009390456257952096,0.004695228128976048,0.004695228128976048,0.0023558680562731586,2.203098814490545e-16,0.002355868056273222,6.331740687315346e-17
discovery,^AXJO->^GSPC,^AXJO,^GSPC,0.006088841419961355,0.0030444207099806775,0.0030444207099806775,0.0015256825130529463,-5.915407053080912e-16,0.0015256825130528107,1.3552527156068805e-16
discovery,^AXJO->^HSI,^AXJO,^HSI,0.00015587359789037691,7.793679894518846e-05,7.793679894518846e-05,3.897067721785896e-05,-8.160789752298392e-16,3.8970677217631306e-05,2.276553511676438e-16
discovery,^AXJO->^IXIC,^AXJO,^IXIC,0.003576503891402183,0.0017882519457010915,0.0017882519457010915,0.0008953244497549684,1.1180292802670522e-15,0.0008953244497552378,2.6942423986264785e-16
discovery,^AXJO->^KS11,^AXJO,^KS11,6.66946793970169e-06,3.334733969850845e-06,3.334733969850845e-06,1.6673711549293223e-06,6.418298984195263e-16,1.667371155095769e-06,1.6644663281667992e-16
discovery,^AXJO->^N100,^AXJO,^N100,1.6143593372319742e-05,8.071796686159871e-06,8.071796686159871e-06,4.035922775599696e-06,5.106117893956263e-16,4.035922775781904e-06,1.822077983827143e-16
discovery,^AXJO->^N225,^AXJO,^N225,0.012156904611961394,0.006078452305980697,0.006078452305980697,0.0030530534023178175,1.025221574302293e-15,0.0030530534023181367,3.191891195797325e-16
discovery,^AXJO->^NZ50,^AXJO,^NZ50,0.0031797355023055474,0.0015898677511527737,0.0015898677511527737,0.0007958812529424826,-1.2342557531574982e-15,0.0007958812529421538,3.288385189148535e-16
discovery,^AXJO->^STI,^AXJO,^STI,0.004234247287172366,0.002117123643586183,0.002117123643586183,0.001060241465001396,7.485331798839923e-16,0.0010602414650015474,1.5135462327897642e-16
discovery,^AXJO->^STOXX50E,^AXJO,^STOXX50E,3.875745161607824e-05,1.937872580803912e-05,1.937872580803912e-05,9.689503728632858e-06,4.2901202338893607e-16,9.689503728795687e-06,1.6282853158248317e-16
discovery,^DJI->000001.SS,^DJI,000001.SS,0.027861755566451762,0.013930877783225881,0.013930877783225881,0.007037876383345845,-1.2281842209915794e-15,0.007037876383345585,2.6020852139652106e-16
discovery,^DJI->399001.SZ,^DJI,399001.SZ,0.017010964994394584,0.008505482497197292,0.008505482497197292,0.004279792966141919,5.863365348801608e-16,0.004279792966142047,1.2750217548429532e-16
discovery,^DJI->IMOEX.ME,^DJI,IMOEX.ME,0.023615887624595544,0.011807943812297772,0.011807943812297772,0.005956051141890453,3.0878077872387166e-16,0.005956051141890476,2.3418766925686896e-17
discovery,^DJI->^AXJO,^DJI,^AXJO,0.1780613818319683,0.08903069091598415,0.08903069091598415,0.047398746601552584,-6.106226635438361e-16,0.0473987466015524,1.8735013540549517e-16
discovery,^DJI->^GSPC,^DJI,^GSPC,2.770559006926021e-05,1.3852795034630105e-05,1.3852795034630105e-05,6.926469479484343e-06,-1.1093082290421219e-16,6.926469479404087e-06,8.025637175234496e-17
discovery,^DJI->^HSI,^DJI,^HSI,0.14306227437760377,0.07153113718880189,0.07153113718880189,0.037638230477293394,-4.718447854656915e-16,0.03763823047729323,1.6653345369377348e-16
discovery,^DJI->^IXIC,^DJI,^IXIC,0.003947983727917048,0.001973991863958524,0.001973991863958524,0.0009884562117043348,1.2654807757250808e-15,0.0009884562117046928,3.5800355735471356e-16
discovery,^DJI->^KS11,^DJI,^KS11,0.10449899704845222,0.05224949852422611,0.05224949852422611,0.02713056841391147,-2.0816681711721685e-16,0.027130568413911357,1.1102230246251565e-16
discovery,^DJI->^N100,^DJI,^N100,0.020832362840724983,0.010416181420362491,0.010416181420362491,0.005248635578001662,0.0,0.005248635578001667,5.204170427930421e-18
discovery,^DJI->^N225,^DJI,^N225,0.16171429551050664,0.08085714775525332,0.08085714775525332,0.04281363709917675,3.885780586188048e-16,0.042813637099176884,1.3183898417423734e-16
discovery,^DJI->^NZ50,^DJI,^NZ50,0.11300980066628519,0.056504900333142594,0.056504900333142594,0.029427058933540487,-1.5265566588595902e-15,0.02942705893354012,3.677613769070831e-16
discovery,^DJI->^STI,^DJI,^STI,0.09013947854916537,0.04506973927458269,0.04506973927458269,0.023285097778370904,1.9290125052862095e-15,0.023285097778371462,5.585809592645319e-16
discovery,^DJI->^STOXX50E,^DJI,^STOXX50E,0.018824351219830504,0.009412175609915252,0.009412175609915252,0.004739204351316167,3.122502256758253e-16,0.004739204351316311,1.43982048506075e-16
discovery,^GSPC->000001.SS,^GSPC,000001.SS,0.027033315865685026,0.013516657932842513,0.013516657932842513,0.0068265322878093004,-2.258609965721803e-15,0.006826532287808655,6.453171330633722e-16
discovery,^GSPC->399001.SZ,^GSPC,399001.SZ,0.01716857296012897,0.008584286480064485,0.008584286480064485,0.004319697825047235,2.0816681711721685e-17,0.0043196978250472735,3.8163916471489756e-17
discovery,^GSPC->IMOEX.ME,^GSPC,IMOEX.ME,0.021206146774805035,0.010603073387402517,0.010603073387402517,0.005343546930825813,4.683753385137379e-16,0.005343546930825964,1.5092094240998222e-16
discovery,^GSPC->^AXJO,^GSPC,^AXJO,0.1998922408297119,0.09994612041485595,0.09994612041485595,0.05359296750907875,3.885780586188048e-16,0.05359296750907888,1.3183898417423734e-16
discovery,^GSPC->^DJI,^GSPC,^DJI,0.004202622268786982,0.002101311134393491,0.002101311134393491,0.0010523102227801098,-1.6393136847980827e-16,0.0010523102227800944,1.5395670849294163e-17
discovery,^GSPC->^HSI,^GSPC,^HSI,0.15631623913144388,0.07815811956572194,0.07815811956572194,0.04130964510952759,-1.8041124150158794e-15,0.04130964510952713,4.579669976578771e-16
discovery,^GSPC->^IXIC,^GSPC,^IXIC,0.004077255316495609,0.0020386276582478047,0.0020386276582478047,0.001020871270810347,1.497933721505973e-15,0.001020871270810683,3.3588583303600927e-16
discovery,^GSPC->^KS11,^GSPC,^KS11,0.11321342567580395,0.056606712837901974,0.056606712837901974,0.029482160641265846,4.85722573273506e-16,0.029482160641266002,1.5612511283791264e-16
discovery,^GSPC->^N100,^GSPC,^N100,0.029755944305671633,0.014877972152835817,0.014877972152835817,0.0075215814418699975,1.1553258350005535e-15,0.007521581441870278,2.8015784137025435e-16
discovery,^GSPC->^N225,^GSPC,^N225,0.16083839465776784,0.08041919732888392,0.08041919732888392,0.04256925468861217,1.1379786002407855e-15,0.0425692546886125,3.3306690738754696e-16
discovery,^GSPC->^NZ50,^GSPC,^NZ50,0.13673833153054815,0.06836916576527408,0.06836916576527408,0.0358972183823582,-6.661338147750939e-16,0.035897218382357945,2.5673907444456745e-16
discovery,^GSPC->^STI,^GSPC,^STI,0.0979870550224593,0.04899352751122965,0.04899352751122965,0.02538211930595228,1.9984014443252818e-15,0.0253821193059528,5.204170427930421e-16
discovery,^GSPC->^STOXX50E,^GSPC,^STOXX50E,0.024673817723055436,0.012336908861527718,0.012336908861527718,0.0062252941141766795,2.255140518769849e-16,0.006225294114176756,7.632783294297951e-17
discovery,^HSI->000001.SS,^HSI,000001.SS,0.015385763540962216,0.007692881770481108,0.007692881770481108,0.003868576584076555,-3.903127820947816e-16,0.003868576584076456,9.8879238130678e-17
discovery,^HSI->399001.SZ,^HSI,399001.SZ,0.0034863328093486246,0.0017431664046743123,0.0017431664046743123,0.0008727220260067365,9.367506770274758e-17,0.0008727220260067683,3.176712365382528e-17
discovery,^HSI->IMOEX.ME,^HSI,IMOEX.ME,0.0004100505768711571,0.00020502528843557855,0.00020502528843557855,0.0001025284064037417,2.7012897127476343e-16,0.00010252840640383862,9.691412169304803e-17
discovery,^HSI->^AXJO,^HSI,^AXJO,0.003990340649171031,0.0019951703245855157,0.0019951703245855157,0.000999076933506824,1.596812959636651e-15,0.0009990769335071826,3.5865407865820487e-16
discovery,^HSI->^DJI,^HSI,^DJI,0.00045033047064002574,0.00022516523532001287,0.00022516523532001287,0.00011260162850178957,-3.671650657122161e-16,0.00011260162850163995,1.496198998029996e-16
discovery,^HSI->^GSPC,^HSI,^GSPC,0.00017838002222703153,8.919001111351577e-05,8.919001111351577e-05,4.459798853977104e-05,3.2008358637203305e-16,4.4597988539872545e-05,1.0150842839895535e-16
discovery,^HSI->^IXIC,^HSI,^IXIC,0.0012385310775009373,0.0006192655387504686,0.0006192655387504686,0.00030977654836498607,2.0257233390719165e-15,0.0003097765483655109,5.248080615916084e-16
discovery,^HSI->^KS11,^HSI,^KS11,0.0011167180752860162,0.0005583590376430081,0.0005583590376430081,0.00027929640886591005,3.3306690738754696e-16,0.0002792964088659575,4.743384504624082e-17
discovery,^HSI->^N100,^HSI,^N100,0.010581435612051493,0.0052907178060257465,0.0052907178060257465,0.0026558372644681855,5.707240235963695e-16,0.002655837264468282,9.6710833785707e-17
discovery,^HSI->^N225,^HSI,^N225,0.007572466328490179,0.0037862331642450897,0.0037862331642450897,0.0018984856298038001,-3.920475055707584e-16,0.0018984856298036783,1.218643241873707e-16
discovery,^HSI->^NZ50,^HSI,^NZ50,0.011442198955304406,0.005721099477652203,0.005721099477652203,0.0028728004323425147,-2.0712598303163077e-15,0.002872800432341958,5.568462357885551e-16
discovery,^HSI->^STI,^HSI,^STI,0.0001685115856098207,8.425579280491036e-05,8.425579280491036e-05,4.2130558466963495e-05,8.277070435297462e-16,4.2130558467178885e-05,2.1539031409140152e-16
discovery,^HSI->^STOXX50E,^HSI,^STOXX50E,0.012424514470026793,0.0062122572350133964,0.0062122572350133964,0.0031205706789692493,8.170547571850761e-16,0.003120570678969445,1.95590071916385e-16
discovery,^IXIC->000001.SS,^IXIC,000001.SS,0.019971649598296892,0.009985824799148446,0.009985824799148446,0.005030181539466375,-1.3010426069826053e-15,0.00503018153946604,3.3480163086352377e-16
discovery,^IXIC->399001.SZ,^IXIC,399001.SZ,0.01332927061475253,0.006664635307376265,0.006664635307376265,0.0033489371314978965,7.806255641895632e-16,0.0033489371314981017,2.0513105103425744e-16
discovery,^IXIC->IMOEX.ME,^IXIC,IMOEX.ME,0.016998944417814243,0.008499472208907122,0.008499472208907122,0.004276749658404088,1.0755285551056204e-16,0.00427674965840413,4.163336342344337e-17
discovery,^IXIC->^AXJO,^IXIC,^AXJO,0.1699048357443722,0.0849524178721861,0.0849524178721861,0.04510523638784805,7.216449660063518e-16,0.045105236387848226,1.734723475976807e-16
discovery,^IXIC->^DJI,^IXIC,^DJI,0.0007505898570467906,0.0003752949285233953,0.0003752949285233953,0.00018770027501025774,1.3574211199518516e-16,0.0001877002750103399,8.21554196200891e-17
discovery,^IXIC->^GSPC,^IXIC,^GSPC,0.0014938746807970915,0.0007469373403985458,0.0007469373403985458,0.0003736778363749492,-3.2677853478713104e-16,0.0003736778363748387,1.1053441148489718e-16
discovery,^IXIC->^HSI,^IXIC,^HSI,0.1360125923654696,0.0680062961827348,0.0680062961827348,0.03569786483510072,-1.3877787807814457e-16,0.03569786483510064,8.326672684688674e-17
discovery,^IXIC->^KS11,^IXIC,^KS11,0.08967495236116285,0.044837476180581426,0.044837476180581426,0.023161312617394163,-3.3306690738754696e-16,0.023161312617394014,1.491862189340054e-16
discovery,^IXIC->^N100,^IXIC,^N100,0.037527849477610786,0.018763924738805393,0.018763924738805393,0.009513166519954862,8.396061623727746e-16,0.009513166519955053,1.9081958235744878e-16
discovery,^IXIC->^N225,^IXIC,^N225,0.11669551115872956,0.05834775557936478,0.05834775557936478,0.030425559932756845,5.134781488891349e-16,0.03042555993275698,1.3530843112619095e-16
discovery,^IXIC->^NZ50,^IXIC,^NZ50,0.11075326194854895,0.05537663097427448,0.05537663097427448,0.028816921794994583,-1.3739009929736312e-15,0.028816921794994222,3.608224830031759e-16
discovery,^IXIC->^STI,^IXIC,^STI,0.08151337613504595,0.04075668806752297,0.04075668806752297,0.020992757104991593,6.245004513516506e-16,0.02099275710499174,1.457167719820518e-16
discovery,^IXIC->^STOXX50E,^IXIC,^STOXX50E,0.03009803693917945,0.015049018469589726,0.015049018469589726,0.007609009791802491,3.95516952522712e-16,0.0076090097918026026,1.1188966420050406e-16
discovery,^KS11->000001.SS,^KS11,000001.SS,0.0040520318365704355,0.0020260159182852178,0.0020260159182852178,0.001014546197034807,-6.617970060851519e-16,0.0010145461970346727,1.3422422895370545e-16
discovery,^KS11->399001.SZ,^KS11,399001.SZ,6.856343036254486e-05,3.428171518127243e-05,3.428171518127243e-05,1.714129829894912e-05,5.973682919852008e-16,1.7141298299161675e-05,2.1255444778399413e-16
discovery,^KS11->IMOEX.ME,^KS11,IMOEX.ME,4.746261023846898e-05,2.373130511923449e-05,2.373130511923449e-05,1.1865863748376184e-05,5.457670448384688e-16,1.186586374852536e-05,1.4917605453863836e-16
discovery,^KS11->^AXJO,^KS11,^AXJO,3.146258172748162e-05,1.573129086374081e-05,1.573129086374081e-05,7.865738234001556e-06,-2.0278646383625754e-16,7.865738233958739e-06,4.281751548370488e-17
discovery,^KS11->^DJI,^KS11,^DJI,0.00335279899005414,0.00167639949502707,0.00167639949502707,0.0008392530267141891,2.636779683484747e-16,0.0008392530267142279,3.881443777498106e-17
discovery,^KS11->^GSPC,^KS11,^GSPC,0.004167437735725699,0.0020837188678628493,0.0020837188678628493,0.0010434865093499968,-3.3566899260151217e-16,0.001043486509349925,7.177418381854039e-17
discovery,^KS11->^HSI,^KS11,^HSI,0.000627867148541128,0.000313933574270564,0.000313933574270564,0.00015700374112634125,-1.0118858875807213e-15,0.00015700374112605572,2.855246421240576e-16
discovery,^KS11->^IXIC,^KS11,^IXIC,0.007138531695934702,0.003569265847967351,0.003569265847967351,0.0017894046095720546,1.0061396160665481e-15,0.0017894046095723456,2.909998630951094e-16
discovery,^KS11->^N100,^KS11,^N100,1.4595866566935456e-05,7.297933283467728e-06,7.297933283467728e-06,3.648986613798458e-06,1.2925824419054294e-15,3.648986614145532e-06,3.4707429123629133e-16
discovery,^KS11->^N225,^KS11,^N225,0.006407479422758655,0.0032037397113793276,0.0032037397113793276,0.0016057147242285075,7.710845850716908e-16,0.0016057147242287074,1.9992688060632702e-16
discovery,^KS11->^NZ50,^KS11,^NZ50,0.0001352780087398031,6.763900436990156e-05,6.763900436990156e-05,3.382121778449936e-05,-5.527262675331102e-16,3.382121778430987e-05,1.8949143469615404e-16
discovery,^KS11->^STI,^KS11,^STI,0.0020882178545420516,0.0010441089272710258,0.0010441089272710258,0.0005224631326300861,8.968520370800093e-16,0.0005224631326303213,2.351634512121059e-16
discovery,^KS11->^STOXX50E,^KS11,^STOXX50E,7.954743912463869e-06,3.977371956231934e-06,3.977371956231934e-06,1.9886919103044285e-06,4.462084862840929e-16,1.9886919103660324e-06,6.160385922085801e-17
discovery,^N100->000001.SS,^N100,000001.SS,0.014295374558981777,0.0071476872794908886,0.0071476872794908886,0.0035929564906750106,-1.6531914726058972e-15,0.003592956490674571,4.397524011601206e-16
discovery,^N100->399001.SZ,^N100,399001.SZ,0.006047276383400302,0.003023638191700151,0.003023638191700151,0.0015152440346108307,-5.715913853343579e-16,0.0015152440346106926,1.3812735677465326e-16
discovery,^N100->IMOEX.ME,^N100,IMOEX.ME,0.019118262976544287,0.009559131488272143,0.009559131488272143,0.004813722803625422,3.8163916471489756e-17,0.004813722803625432,1.0408340855860843e-17
discovery,^N100->^AXJO,^N100,^AXJO,0.15392589776054955,0.07696294888027477,0.07696294888027477,0.04064526064649063,-1.0824674490095276e-15,0.04064526064649036,2.706168622523819e-16
discovery,^N100->^DJI,^N100,^DJI,0.0032442413948103876,0.0016221206974051938,0.0016221206974051938,0.0008120465433975808,8.946836327350383e-16,0.0008120465433977585,1.7770073607037418e-16
discovery,^N100->^GSPC,^N100,^GSPC,0.0044355049032756,0.0022177524516378,0.0022177524516378,0.0011107192716875898,-4.588343593958655e-16,0.0011107192716875293,6.049848122469115e-17
discovery,^N100->^HSI,^N100,^HSI,0.08771190326281264,0.04385595163140632,0.04385595163140632,0.02263863345694855,-2.0122792321330962e-15,0.022638633456947988,5.620504062164855e-16
discovery,^N100->^IXIC,^N100,^IXIC,0.004576318824947023,0.0022881594124735116,0.0022881594124735116,0.0011460415858644915,1.1631320906424492e-15,0.0011460415858647423,2.5088438271314573e-16
discovery,^N100->^KS11,^N100,^KS11,0.08610355038726958,0.04305177519363479,0.04305177519363479,0.0222109099347863,-3.469446951953614e-16,0.022210909934786145,1.5612511283791264e-16
discovery,^N100->^N225,^N100,^N225,0.16430135839972593,0.08215067919986296,0.08215067919986296,0.04353621630826207,-1.942890293094024e-16,0.04353621630826204,3.469446951953614e-17
discovery,^N100->^NZ50,^N100,^NZ50,0.05937503945524725,0.029687519727623624,0.029687519727623624,0.015170983620337078,-1.3530843112619095e-15,0.015170983620336722,3.5561831257524545e-16
discovery,^N100->^STI,^N100,^STI,0.05025825971097042,0.02512912985548521,0.02512912985548521,0.012799377899873832,1.6653345369377348e-15,0.0127993778998742,3.677613769070831e-16
discovery,^N100->^STOXX50E,^N100,^STOXX50E,0.001462035000693973,0.0007310175003469865,0.0007310175003469865,0.0003657090963078698,4.187188790139018e-16,0.00036570909630797226,1.0245710529988017e-16
discovery,^N225->000001.SS,^N225,000001.SS,0.00574439114854286,0.00287219557427143,0.00287219557427143,0.001439188389585092,-5.360295540768334e-16,0.0014391883895849278,1.6414820891430537e-16
discovery,^N225->399001.SZ,^N225,399001.SZ,0.0011631194108741028,0.0005815597054370514,0.0005815597054370514,0.0002909066575144953,3.168038748002644e-16,0.00029090665751454103,4.575333167888829e-17
discovery,^N225->IMOEX.ME,^N225,IMOEX.ME,0.0002494795705239028,0.0001247397852619514,0.0001247397852619514,6.237572739341012e-05,8.114169058881515e-16,6.237572739358837e-05,1.7824283715661693e-16
discovery,^N225->^AXJO,^N225,^AXJO,0.0018628719283668715,0.0009314359641834358,0.0009314359641834358,0.0004660432209271847,-8.695301423333746e-17,0.0004660432209271765,8.239936510889834e-18
discovery,^N225->^DJI,^N225,^DJI,0.015107344333861406,0.007553672166930703,0.007553672166930703,0.0037981788949217605,1.474514954580286e-15,0.003798178894922118,3.5735303605122226e-16
discovery,^N225->^GSPC,^N225,^GSPC,0.01643611425253866,0.00821805712626933,0.00821805712626933,0.004134285289320689,3.365363543395006e-16,0.004134285289320769,8.066464163292153e-17
discovery,^N225->^HSI,^N225,^HSI,0.00031450955771106237,0.00015725477885553119,0.00015725477885553119,7.863666234161646e-05,-1.613780723636049e-15,7.863666234117476e-05,4.417039650705945e-16
discovery,^N225->^IXIC,^N225,^IXIC,0.026685437121130917,0.013342718560565459,0.013342718560565459,0.006737822427791157,1.3253287356462806e-15,0.0067378224277915375,3.8077180297690916e-16
discovery,^N225->^KS11,^N225,^KS11,3.9492705113275406e-05,1.9746352556637703e-05,1.9746352556637703e-05,9.873322496747948e-06,9.280092970118115e-17,9.873322496835404e-06,8.745615180400651e-17
discovery,^N225->^N100,^N225,^N100,0.00033303366250869715,0.00016651683125434857,0.00016651683125434857,8.326881299529881e-05,1.5127330811604e-15,8.326881299562535e-05,3.265345892983218e-16
discovery,^N225->^NZ50,^N225,^NZ50,1.0010139904537141e-05,5.0050699522685704e-06,5.0050699522685704e-06,2.5025443701551417e-06,-5.827586677109586e-17,2.502544370133872e-06,2.1269844338502736e-17
discovery,^N225->^STI,^N225,^STI,0.0009115291774630663,0.00045576458873153314,0.00045576458873153314,0.0002279601780408204,1.5815257090046053e-15,0.0002279601780411624,3.4201157531055237e-16
discovery,^N225->^STOXX50E,^N225,^STOXX50E,7.591189901212658e-05,3.795594950606329e-05,3.795594950606329e-05,1.8978514991583175e-05,-3.92562501602689e-16,1.8978514991472956e-05,1.1021931522851858e-16
discovery,^NZ50->000001.SS,^NZ50,000001.SS,0.0004202483598021445,0.00021012417990107224,0.00021012417990107224,0.00010507864585530209,-1.435917357239802e-15,0.00010507864585493016,3.7192200274399623e-16
discovery,^NZ50->399001.SZ,^NZ50,399001.SZ,0.00019404501084707704,9.702250542353852e-05,9.702250542353852e-05,4.851478260990834e-05,6.218441560290611e-16,4.851478261004806e-05,1.3971977871549135e-16
discovery,^NZ50->IMOEX.ME,^NZ50,IMOEX.ME,7.547043174227497e-05,3.7735215871137484e-05,3.7735215871137484e-05,1.886814190903269e-05,-9.470777027204003e-16,1.8868141908831663e-05,2.010280234377576e-16
discovery,^NZ50->^AXJO,^NZ50,^AXJO,0.004796725032097271,0.0023983625160486355,0.0023983625160486355,0.0012013365865785907,6.643990912991171e-16,0.0012013365865787557,1.6501557065229377e-16
discovery,^NZ50->^DJI,^NZ50,^DJI,0.012511731129487558,0.006255865564743779,0.006255865564743779,0.00314257810039559,9.52363188311267e-16,0.0031425781003958154,2.255140518769849e-16
discovery,^NZ50->^GSPC,^NZ50,^GSPC,0.01660900721278402,0.00830450360639201,0.00830450360639201,0.004178041932886062,-6.591949208711867e-16,0.004178041932885882,1.8041124150158794e-16
discovery,^NZ50->^HSI,^NZ50,^HSI,3.724674277449935e-05,1.8623371387249676e-05,1.8623371387249676e-05,9.311815754407982e-06,-1.41937649784582e-15,9.311815754064887e-06,3.430957774830379e-16
discovery,^NZ50->^IXIC,^NZ50,^IXIC,0.02283776592223674,0.01141888296111837,0.01141888296111837,0.005758151689201061,2.518818487118324e-15,0.005758151689201743,6.817463260588852e-16
discovery,^NZ50->^KS11,^NZ50,^KS11,0.0005165711727670441,0.00025828558638352206,0.00025828558638352206,0.0001291678078295908,-6.988767203841562e-16,0.0001291678078293651,2.257037872571699e-16
discovery,^NZ50->^N100,^NZ50,^N100,0.0005056530386546854,0.0002528265193273427,0.0002528265193273427,0.00012643722811175106,2.4513811119897255e-16,0.00012643722811181174,6.068821660487611e-17
discovery,^NZ50->^N225,^NZ50,^N225,0.0034903534772467992,0.0017451767386233996,0.0017451767386233996,0.0008737298204628751,-5.295243410419204e-16,0.0008737298204627786,9.64939933512099e-17
discovery,^NZ50->^STI,^NZ50,^STI,0.0004452230849754102,0.0002226115424877051,0.0002226115424877051,0.00011132435332678068,5.494194509070294e-16,0.00011132435332695619,1.7550522667109103e-16
discovery,^NZ50->^STOXX50E,^NZ50,^STOXX50E,2.4522405530191804e-05,1.2261202765095902e-05,1.2261202765095902e-05,6.13065775851371e-06,8.551610754161526e-16,6.130657758667242e-06,1.5353149795341997e-16
discovery,^STI->000001.SS,^STI,000001.SS,0.018950339600374733,0.009475169800187366,0.009475169800187366,0.004771145508840492,-1.6375789613221059e-15,0.0047711455088400145,4.779163176316104e-16
discovery,^STI->399001.SZ,^STI,399001.SZ,0.004967991037178265,0.0024839955185891327,0.0024839955185891327,0.0012443096804995244,5.750608322863116e-16,0.0012443096804996593,1.3487475025719675e-16
discovery,^STI->IMOEX.ME,^STI,IMOEX.ME,0.0003284537203480653,0.00016422686017403265,0.00016422686017403265,8.212354345630063e-05,5.84005500209317e-16,8.212354345650622e-05,2.0559183695756378e-16
discovery,^STI->^AXJO,^STI,^AXJO,0.008173989953492722,0.004086994976746361,0.004086994976746361,0.0020497527736225204,-4.0419056990259605e-16,0.0020497527736224055,1.1492543028346347e-16
discovery,^STI->^DJI,^STI,^DJI,0.00872993066464467,0.004364965332322335,0.004364965332322335,0.002189617110752379,4.544975507059235e-16,0.0021896171107525036,1.244664094013359e-16
discovery,^STI->^GSPC,^STI,^GSPC,0.004743407107957509,0.0023717035539787545,0.0023717035539787545,0.0011879594755553897,-1.222980050563649e-16,0.0011879594755554196,2.992397996059992e-17
discovery,^STI->^HSI,^STI,^HSI,0.004628615364623556,0.002314307682311778,0.002314307682311778,0.0011591607987933648,-1.0998146837692957e-15,0.001159160798793077,2.877472565776529e-16
discovery,^STI->^IXIC,^STI,^IXIC,0.007028938432217302,0.003514469216108651,0.003514469216108651,0.0017618609897703265,1.964574336543734e-15,0.0017618609897708496,5.230191280070073e-16
discovery,^STI->^KS11,^STI,^KS11,0.0028373644932866426,0.0014186822466433213,0.0014186822466433213,0.0007100955135868213,2.909998630951094e-16,0.0007100955135868704,4.911435841359335e-17
discovery,^STI->^N100,^STI,^N100,0.0019351548741255442,0.0009675774370627721,0.0009675774370627721,0.0004841396825723554,5.694229809893869e-16,0.00048413968257249155,1.3617579286417936e-16
discovery,^STI->^N225,^STI,^N225,0.015146822025771556,0.007573411012885778,0.007573411012885778,0.003808159865611299,-4.371503159461554e-16,0.0038081598656111893,1.0972125985553305e-16
discovery,^STI->^NZ50,^STI,^NZ50,0.014647457148686982,0.007323728574343491,0.007323728574343491,0.003681929015109886,-6.505213034913027e-16,0.0036819290151097663,1.196959198423997e-16
discovery,^STI->^STOXX50E,^STI,^STOXX50E,0.002185731311870498,0.001092865655935249,0.001092865655935249,0.0005468805480399226,-2.3548871186385156e-16,0.0005468805480398405,8.207410445715269e-17
discovery,^STOXX50E->000001.SS,^STOXX50E,000001.SS,0.010592766159360778,0.005296383079680389,0.005296383079680389,0.0026586923337715194,-9.08995101411847e-16,0.002658692333771264,2.5543803183758484e-16
discovery,^STOXX50E->399001.SZ,^STOXX50E,399001.SZ,0.0038704645048088793,0.0019352322524044396,0.0019352322524044396,0.0009690196414750133,-5.35162192338845e-16,0.0009690196414748718,1.4148838350935833e-16
discovery,^STOXX50E->IMOEX.ME,^STOXX50E,IMOEX.ME,0.01327457150769007,0.006637285753845035,0.006637285753845035,0.0033351263833073285,7.511352650979575e-16,0.0033351263833075713,2.42861286636753e-16
discovery,^STOXX50E->^AXJO,^STOXX50E,^AXJO,0.13942123365960946,0.06971061682980473,0.06971061682980473,0.03663498338180463,8.604228440844963e-16,0.036634983381804855,2.220446049250313e-16
discovery,^STOXX50E->^DJI,^STOXX50E,^DJI,0.0012199356929389893,0.0006099678464694946,0.0006099678464694946,0.0003051234176543104,1.1407975258892478e-15,0.0003051234176546253,3.1490652099841476e-16
discovery,^STOXX50E->^GSPC,^STOXX50E,^GSPC,0.0017473825958465028,0.0008736912979232514,0.0008736912979232514,0.0004371318167691747,-6.70687463899533e-16,0.000437131816769024,1.5070410197548512e-16
discovery,^STOXX50E->^HSI,^STOXX50E,^HSI,0.07798341181787194,0.03899170590893597,0.03899170590893597,0.02005854190801253,-8.743006318923108e-16,0.020058541908012324,2.0469737016526324e-16
discovery,^STOXX50E->^IXIC,^STOXX50E,^IXIC,0.0015315847134509397,0.0007657923567254699,0.0007657923567254699,0.00038311603644584696,1.6735744734486246e-15,0.0003831160364463018,4.548228113576691e-16
discovery,^STOXX50E->^KS11,^STOXX50E,^KS11,0.07417024377802939,0.037085121889014694,0.037085121889014694,0.019051897988728327,9.71445146547012e-17,0.019051897988728327,0.0
discovery,^STOXX50E->^N100,^STOXX50E,^N100,0.00040199308944899315,0.00020099654472449657,0.00020099654472449657,0.00010051342120105027,1.0854490049838628e-15,0.00010051342120138581,3.3554701985710755e-16
discovery,^STOXX50E->^N225,^STOXX50E,^N225,0.1713947870100938,0.0856973935050469,0.0856973935050469,0.04552334114307056,1.3600232051658168e-15,0.04552334114307099,4.3021142204224816e-16
discovery,^STOXX50E->^NZ50,^STOXX50E,^NZ50,0.05142991062352387,0.025714955311761933,0.025714955311761933,0.013103317740061243,1.8041124150158794e-16,0.013103317740061324,8.153200337090993e-17
discovery,^STOXX50E->^STI,^STOXX50E,^STI,0.051598296739509664,0.025799148369754832,0.025799148369754832,0.01314701966265103,5.551115123125783e-17,0.013147019662651001,2.949029909160572e-17
confirmation,000001.SS->399001.SZ,000001.SS,399001.SZ,0.0015859678787872866,0.0007929839393936433,0.0007929839393936433,0.0003967277161830843,-9.987670412936467e-16,0.0003967277161828447,2.396086801192965e-16
confirmation,000001.SS->IMOEX.ME,000001.SS,IMOEX.ME,0.00010966742998519408,5.483371499259704e-05,5.483371499259704e-05,2.7417985001774964e-05,1.0821692934120941e-16,2.741798500185907e-05,8.410698353056301e-17
confirmation,000001.SS->^AXJO,000001.SS,^AXJO,0.007519074565122352,0.003759537282561176,0.003759537282561176,0.0018850622911804045,5.160802341031001e-16,0.0018850622911805628,1.5829351718288365e-16
confirmation,000001.SS->^DJI,000001.SS,^DJI,7.0413633945776155e-06,3.5206816972888078e-06,3.5206816972888078e-06,1.7603454968166365e-06,8.866910298447467e-17,1.760345496851534e-06,3.489754566864036e-17
confirmation,000001.SS->^GSPC,000001.SS,^GSPC,0.00019320922202581414,9.660461101290707e-05,9.660461101290707e-05,4.8305805062714e-05,4.771573761108705e-16,4.83058050628833e-05,1.6929816923361152e-16
confirmation,000001.SS->^HSI,000001.SS,^HSI,0.003771308643282012,0.001885654321641006,0.001885654321641006,0.0009441597071058081,-5.403663627667754e-16,0.000944159707105617,1.9114484300919443e-16
confirmation,000001.SS->^IXIC,000001.SS,^IXIC,0.0002695222915267692,0.0001347611457633846,0.0001347611457633846,6.738738278808797e-05,3.384879182499745e-16,6.738738278820465e-05,1.1668725881375241e-16
confirmation,000001.SS->^KS11,000001.SS,^KS11,0.0010598664211389774,0.0005299332105694887,0.0005299332105694887,0.0002650718976341915,-1.5762131183594263e-15,0.0002650718976337909,4.006127027333939e-16
confirmation,000001.SS->^N100,000001.SS,^N100,0.0012234523343845893,0.0006117261671922947,0.0006117261671922947,0.0003060033833186772,-1.0820337681405334e-16,0.00030600338331869103,1.3823577699190182e-17
confirmation,000001.SS->^N225,000001.SS,^N225,0.0034059597590410107,0.0017029798795205053,0.0017029798795205053,0.0008525768749453608,3.2395960913866872e-16,0.0008525768749454117,5.084908188957016e-17
confirmation,000001.SS->^NZ50,000001.SS,^NZ50,5.18929777175714e-05,2.59464888587857e-05,2.59464888587857e-05,1.297349688491452e-05,-3.9439886903233634e-16,1.2973496884796347e-05,1.1817295460323646e-16
confirmation,000001.SS->^STI,000001.SS,^STI,0.0003376880213643574,0.0001688440106821787,0.0001688440106821787,8.443269535188075e-05,-2.938187887435717e-17,8.443269535183974e-05,4.1009947174264205e-17
confirmation,000001.SS->^STOXX50E,000001.SS,^STOXX50E,4.285144770577176e-06,2.142572385288588e-06,2.142572385288588e-06,1.0712879142280556e-06,-4.153231239283593e-16,1.071287914094371e-06,1.3368466896630446e-16
confirmation,399001.SZ->000001.SS,399001.SZ,000001.SS,2.60896373553976e-05,1.30448186776988e-05,1.30448186776988e-05,6.522473151497511e-06,-7.608320982781247e-16,6.522473151340754e-06,1.5675699941656435e-16
confirmation,399001.SZ->IMOEX.ME,399001.SZ,IMOEX.ME,5.010478089317871e-05,2.5052390446589357e-05,2.5052390446589357e-05,1.252643057991508e-05,-9.42679907658256e-16,1.2526430579657114e-05,2.579655781521917e-16
confirmation,399001.SZ->^AXJO,399001.SZ,^AXJO,0.005783312004787433,0.0028916560023937166,0.0028916560023937166,0.0014489606056380196,1.9853910182554557e-15,0.0014489606056385228,5.032866484677712e-16
confirmation,399001.SZ->^DJI,399001.SZ,^DJI,0.00016665774351487528,8.332887175743764e-05,8.332887175743764e-05,4.166703969448615e-05,-1.0750135590736898e-15,4.1667039694273434e-05,2.1271368997807794e-16
confirmation,399001.SZ->^GSPC,399001.SZ,^GSPC,0.00028529483913963816,0.00014264741956981908,0.00014264741956981908,7.133134002902043e-05,1.6798086359404163e-15,7.133134002939525e-05,3.7482224355539495e-16
confirmation,399001.SZ->^HSI,399001.SZ,^HSI,0.0026889154946445615,0.0013444577473222807,0.0013444577473222807,0.0006729064073232782,8.096821824121747e-16,0.0006729064073234473,1.691355389077387e-16
confirmation,399001.SZ->^IXIC,399001.SZ,^IXIC,0.0005531381401926438,0.0002765690700963219,0.0002765690700963219,0.00013831321632236387,1.176901458233015e-15,0.00013831321632267382,3.099462960592936e-16
confirmation,399001.SZ->^KS11,399001.SZ,^KS11,0.000155334310210975,7.76671551054875e-05,7.76671551054875e-05,3.883583956455929e-05,-1.0424603888448125e-15,3.883583956424679e-05,3.1250094742821255e-16
confirmation,399001.SZ->^N100,399001.SZ,^N100,0.0014055761397635536,0.0007027880698817768,0.0007027880698817768,0.00035157920819939634,9.085614205428527e-17,0.00035157920819944524,4.889751797909625e-17
confirmation,399001.SZ->^N225,399001.SZ,^N225,0.0009454450022889915,0.00047272250114449577,0.00047272250114449577,0.0002364450373279879,-2.817841446289826e-16,0.0002364450373279525,3.539920093165172e-17
confirmation,399001.SZ->^NZ50,399001.SZ,^NZ50,5.781224273349039e-05,2.8906121366745197e-05,2.8906121366745197e-05,1.4453374016760334e-05,1.512529793253059e-16,1.445337401673831e-05,2.2024550694506317e-17
confirmation,399001.SZ->^STI,399001.SZ,^STI,0.0006712405468309868,0.0003356202734154934,0.0003356202734154934,0.00016785237234500522,-2.3136874360840665e-16,0.00016785237234497724,2.7972416050126014e-17
confirmation,399001.SZ->^STOXX50E,399001.SZ,^STOXX50E,1.3760753365232858e-05,6.880376682616429e-06,6.880376682616429e-06,3.4402060933567073e-06,1.0181048034794624e-15,3.440206093661e-06,3.0429277465284475e-16
confirmation,IMOEX.ME->000001.SS,IMOEX.ME,000001.SS,0.008786389727726274,0.004393194863863137,0.004393194863863137,0.002203824387908382,-4.2847669856627135e-16,0.0022038243879082455,1.3660947373317356e-16
confirmation,IMOEX.ME->399001.SZ,IMOEX.ME,399001.SZ,0.006226077977686373,0.0031130389888431864,0.0031130389888431864,0.001560149851305954,-2.697495005143935e-16,0.0015601498513058702,8.370040771588094e-17
confirmation,IMOEX.ME->^AXJO,IMOEX.ME,^AXJO,0.012396695205717734,0.006198347602858867,0.006198347602858867,0.003113551328841751,-2.3071822230491534e-16,0.0031135513288416783,7.28583859910259e-17
confirmation,IMOEX.ME->^DJI,IMOEX.ME,^DJI,0.00012464780263954367,6.232390131977184e-05,6.232390131977184e-05,3.116340723062052e-05,-9.670812328027578e-16,3.1163407230361635e-05,2.5888714999880436e-16
confirmation,IMOEX.ME->^GSPC,IMOEX.ME,^GSPC,1.2339045007081495e-05,6.1695225035407475e-06,6.1695225035407475e-06,3.084775525241165e-06,5.112978860829023e-16,3.0847755253863946e-06,1.4522972803738057e-16
confirmation,IMOEX.ME->^HSI,IMOEX.ME,^HSI,0.01144041618867142,0.00572020809433571,0.00572020809433571,0.0028723509271617108,1.8561541192951836e-16,0.002872350927161801,9.020562075079397e-17
confirmation,IMOEX.ME->^IXIC,IMOEX.ME,^IXIC,0.0006412458302431645,0.00032062291512158225,0.00032062291512158225,0.0001603500030856334,6.560507345709787e-16,0.00016035000308585164,2.1824989732133204e-16
confirmation,IMOEX.ME->^KS11,IMOEX.ME,^KS11,0.013366461458600654,0.006683230729300327,0.006683230729300327,0.0033583276099708754,-3.157196726277789e-16,0.003358327609970805,7.025630077706069e-17
confirmation,IMOEX.ME->^N100,IMOEX.ME,^N100,5.8115843120987165e-05,2.9057921560493583e-05,2.9057921560493583e-05,1.4529277412841396e-05,1.5618745446283056e-15,1.4529277413192831e-05,3.514356638817037e-16
confirmation,IMOEX.ME->^N225,IMOEX.ME,^N225,0.026389590961519716,0.013194795480759858,0.013194795480759858,0.006662398608568217,-3.226585665316861e-16,0.006662398608568182,3.469446951953614e-17
confirmation,IMOEX.ME->^NZ50,IMOEX.ME,^NZ50,0.026960152459073683,0.013480076229536841,0.013480076229536841,0.006807873596172768,2.949029909160572e-16,0.0068078735961727855,1.734723475976807e-17
confirmation,IMOEX.ME->^STI,IMOEX.ME,^STI,0.022368100245447664,0.011184050122723832,0.011184050122723832,0.00563875607199638,4.822531263215524e-16,0.005638756071996471,9.107298248878237e-17
confirmation,IMOEX.ME->^STOXX50E,IMOEX.ME,^STOXX50E,7.085194324574218e-06,3.542597162287109e-06,3.542597162287109e-06,1.7713032876204386e-06,-9.377798220583898e-16,1.7713032873840202e-06,2.3641833052346316e-16
confirmation,^AXJO->000001.SS,^AXJO,000001.SS,0.0036494521848293715,0.0018247260924146858,0.0018247260924146858,0.0009136108960706168,-2.0469737016526324e-15,0.0009136108960700941,5.226938673552617e-16
confirmation,^AXJO->399001.SZ,^AXJO,399001.SZ,0.0036868647458447867,0.0018434323729223934,0.0018434323729223934,0.0009229897443203547,-9.146329527087715e-16,0.0009229897443201014,2.533780477098624e-16
confirmation,^AXJO->IMOEX.ME,^AXJO,IMOEX.ME,0.00019537234192767983,9.768617096383991e-05,9.768617096383991e-05,4.884666383604736e-05,-6.082916288729923e-16,4.884666383588271e-05,1.6464965241907992e-16
confirmation,^AXJO->^DJI,^AXJO,^DJI,6.4204475673790284e-06,3.2102237836895142e-06,3.2102237836895142e-06,1.6051157563165933e-06,4.012242605213115e-16,1.6051157564266586e-06,1.1006536699035511e-16
confirmation,^AXJO->^GSPC,^AXJO,^GSPC,3.3283261975824985e-05,1.6641630987912492e-05,1.6641630987912492e-05,8.320919347195531e-06,5.61352451067948e-16,8.320919347277456e-06,8.192502665843593e-17
confirmation,^AXJO->^HSI,^AXJO,^HSI,0.0023069908014079488,0.0011534954007039744,0.0011534954007039744,0.0005772464653409651,2.645453300864631e-16,0.0005772464653409914,2.6346112791397758e-17
confirmation,^AXJO->^IXIC,^AXJO,^IXIC,0.00011316235522507156,5.658117761253578e-05,5.658117761253578e-05,2.829178931965012e-05,3.9010949418744056e-16,2.8291789319793995e-05,1.4387362828882644e-16
confirmation,^AXJO->^KS11,^AXJO,^KS11,0.00857239922997799,0.004286199614988995,0.004286199614988995,0.0021499792744501325,-5.082739784612045e-16,0.0021499792744500736,5.898059818321144e-17
confirmation,^AXJO->^N100,^AXJO,^N100,3.1964554505492515e-05,1.5982277252746258e-05,1.5982277252746258e-05,7.991234413329297e-06,-8.660064852727967e-17,7.991234413247116e-06,8.218083060850673e-17
confirmation,^AXJO->^N225,^AXJO,^N225,0.0023690903484023806,0.0011845451742011903,0.0011845451742011903,0.0005927985595346385,-1.1709383462843448e-17,0.000592798559534671,3.252606517456513e-17
confirmation,^AXJO->^NZ50,^AXJO,^NZ50,0.018469317380752415,0.009234658690376207,0.009234658690376207,0.0046492103888563265,7.112366251504909e-16,0.004649210388856452,1.2576745200831851e-16
confirmation,^AXJO->^STI,^AXJO,^STI,0.0031780661655531617,0.0015890330827765808,0.0015890330827765808,0.0007954629245468325,8.144526719711109e-16,0.0007954629245470068,1.7433970933566911e-16
confirmation,^AXJO->^STOXX50E,^AXJO,^STOXX50E,1.1973138200005451e-05,5.9865691000027255e-06,5.9865691000027255e-06,2.993297989600503e-06,1.0545560193316039e-17,2.993297989613569e-06,1.306590672787121e-17
confirmation,^DJI->000001.SS,^DJI,000001.SS,0.06296781780848626,0.03148390890424313,0.03148390890424313,0.016109752754639835,-1.0269562977782698e-15,0.016109752754639613,2.220446049250313e-16
confirmation,^DJI->399001.SZ,^DJI,399001.SZ,0.04892850756152001,0.024464253780760004,0.024464253780760004,0.012454728727127587,-8.604228440844963e-16,0.012454728727127391,1.960237527853792e-16
confirmation,^DJI->IMOEX.ME,^DJI,IMOEX.ME,0.033197236948501185,0.016598618474250593,0.016598618474250593,0.008402054246760871,0.0,0.00840205424676085,2.0816681711721685e-17
confirmation,^DJI->^AXJO,^DJI,^AXJO,0.251437779343485,0.1257188896717425,0.1257188896717425,0.0685350812685884,8.326672684688674e-16,0.0685350812685887,3.0531133177191805e-16
confirmation,^DJI->^GSPC,^DJI,^GSPC,0.001808604811563086,0.000904302405781543,0.000904302405781543,0.00045245777150713863,2.009460306484634e-15,0.0004524577715076786,5.399868920064055e-16
confirmation,^DJI->^HSI,^DJI,^HSI,0.09289530942984925,0.046447654714924624,0.046447654714924624,0.02402025487265078,-1.096345236817342e-15,0.024020254872650505,2.740863092043355e-16
confirmation,^DJI->^IXIC,^DJI,^IXIC,0.0006877945928565055,0.00034389729642825273,0.00034389729642825273,0.00017199299263644886,5.312590645178972e-18,0.00017199299263640676,4.209414934674971e-17
confirmation,^DJI->^KS11,^DJI,^KS11,0.11356348293160856,0.05678174146580428,0.05678174146580428,0.029576904605637517,-5.967448757360216e-16,0.02957690460563736,1.5612511283791264e-16
confirmation,^DJI->^N100,^DJI,^N100,0.04718758097248177,0.023593790486240884,0.023593790486240884,0.012003998999202523,1.3322676295501878e-15,0.012003998999202854,3.3133218391157016e-16
confirmation,^DJI->^N225,^DJI,^N225,0.4070680556665014,0.2035340278332507,0.2035340278332507,0.11623139688347281,-4.996003610813204e-16,0.11623139688347264,1.6653345369377348e-16
confirmation,^DJI->^NZ50,^DJI,^NZ50,0.14028353130099447,0.07014176565049723,0.07014176565049723,0.03687237103552817,-5.551115123125783e-17,0.03687237103552815,2.0816681711721685e-17
confirmation,^DJI->^STI,^DJI,^STI,0.15228601363856065,0.07614300681928032,0.07614300681928032,0.04019003349606808,3.3306690738754696e-16,0.0401900334960682,1.1796119636642288e-16
confirmation,^DJI->^STOXX50E,^DJI,^STOXX50E,0.029415719910312887,0.014707859955156444,0.014707859955156444,0.007434651994383032,-9.020562075079397e-16,0.007434651994382835,1.968911145233676e-16
confirmation,^GSPC->000001.SS,^GSPC,000001.SS,0.06695404019195905,0.033477020095979526,0.033477020095979526,0.017154068547654135,-1.3739009929736312e-15,0.017154068547653747,3.885780586188048e-16
confirmation,^GSPC->399001.SZ,^GSPC,399001.SZ,0.05336786275957728,0.02668393137978864,0.02668393137978864,0.013606595283874912,-7.632783294297951e-17,0.013606595283874909,3.469446951953614e-18
confirmation,^GSPC->IMOEX.ME,^GSPC,IMOEX.ME,0.04055676569309519,0.020278382846547593,0.020278382846547593,0.010292351350551815,6.245004513516506e-17,0.010292351350551798,1.734723475976807e-17
confirmation,^GSPC->^AXJO,^GSPC,^AXJO,0.28624029831423314,0.14312014915711657,0.14312014915711657,0.0788701491920217,1.6653345369377348e-16,0.07887014919202177,6.938893903907228e-17
confirmation,^GSPC->^DJI,^GSPC,^DJI,0.002183547587254253,0.0010917737936271266,0.0010917737936271266,0.0005463337228772203,6.279698983036042e-16,0.0005463337228773707,1.5037884132373946e-16
confirmation,^GSPC->^HSI,^GSPC,^HSI,0.10031509013002271,0.050157545065011355,0.050157545065011355,0.026006327531058367,9.43689570931383e-16,0.02600632753105858,2.1163626406917047e-16
confirmation,^GSPC->^IXIC,^GSPC,^IXIC,3.8814379735185867e-05,1.9407189867592933e-05,1.9407189867592933e-05,9.703736172560998e-06,-1.8504620578896347e-16,9.703736172581596e-06,2.0598147211330076e-17
confirmation,^GSPC->^KS11,^GSPC,^KS11,0.1257508362802593,0.06287541814012965,0.06287541814012965,0.032888918650242384,-1.2212453270876722e-15,0.03288891865024202,3.608224830031759e-16
confirmation,^GSPC->^N100,^GSPC,^N100,0.05600354327395607,0.028001771636978035,0.028001771636978035,0.014292169431371788,-4.718447854656915e-16,0.014292169431371664,1.231653667943533e-16
confirmation,^GSPC->^N225,^GSPC,^N225,0.43269516691441545,0.21634758345720773,0.21634758345720773,0.12444011961814969,-1.0547118733938987e-15,0.1244401196181494,2.914335439641036e-16
confirmation,^GSPC->^NZ50,^GSPC,^NZ50,0.16619826750375033,0.08309913375187516,0.08309913375187516,0.04406676322559873,-1.6653345369377348e-16,0.04406676322559863,9.71445146547012e-17
confirmation,^GSPC->^STI,^GSPC,^STI,0.16542422160317827,0.08271211080158913,0.08271211080158913,0.04385019551456586,-8.326672684688674e-17,0.04385019551456589,3.469446951953614e-17
confirmation,^GSPC->^STOXX50E,^GSPC,^STOXX50E,0.035692071952290405,0.017846035976145203,0.017846035976145203,0.009041736381670936,6.38378239159465e-16,0.009041736381671113,1.7694179454963432e-16
confirmation,^HSI->000001.SS,^HSI,000001.SS,0.007577861847099854,0.003788930923549927,0.003788930923549927,0.0018998421584228563,-1.3166551182663966e-15,0.0018998421584225014,3.5496779127175415e-16
confirmation,^HSI->399001.SZ,^HSI,399001.SZ,0.0053620138514283155,0.0026810069257141578,0.0026810069257141578,0.001343196477538201,-9.08995101411847e-16,0.001343196477537975,2.2616457318047622e-16
confirmation,^HSI->IMOEX.ME,^HSI,IMOEX.ME,0.0008140758336701026,0.0004070379168350513,0.0004070379168350513,0.00020358107993717278,-6.838063101866076e-16,0.00020358107993699947,1.7330971727180788e-16
confirmation,^HSI->^AXJO,^HSI,^AXJO,4.151476087344008e-05,2.075738043672004e-05,2.075738043672004e-05,1.0378851793122897e-05,-2.594699086665153e-16,1.0378851793068391e-05,5.4506570155814227e-17
confirmation,^HSI->^DJI,^HSI,^DJI,0.004308141704228774,0.002154070852114387,0.002154070852114387,0.001078774184319185,-1.1362438767648086e-15,0.0010787741843189037,2.8124204354273985e-16
confirmation,^HSI->^GSPC,^HSI,^GSPC,0.0035956517290305356,0.0017978258645152678,0.0017978258645152678,0.0009001242724231803,-5.520757462296189e-16,0.0009001242724230278,1.5254724566871047e-16
confirmation,^HSI->^IXIC,^HSI,^IXIC,0.003088365321650244,0.001544182660825122,0.001544182660825122,0.0007729850575944804,1.1939234323410375e-15,0.0007729850575947956,3.1517757154153614e-16
confirmation,^HSI->^KS11,^HSI,^KS11,0.005415140138602226,0.002707570069301113,0.002707570069301113,0.0013565316535679415,-1.0217521273503394e-15,0.0013565316535677045,2.3700659490533127e-16
confirmation,^HSI->^N100,^HSI,^N100,5.8102344326016464e-05,2.9051172163008232e-05,2.9051172163008232e-05,1.4525902567282374e-05,5.33793387096082e-16,1.452590256740638e-05,1.2400562347802957e-16
confirmation,^HSI->^N225,^HSI,^N225,0.00033852451915983295,0.00016926225957991647,0.00016926225957991647,8.464187282621704e-05,-9.666746569880758e-16,8.464187282594529e-05,2.717552745334917e-16
confirmation,^HSI->^NZ50,^HSI,^NZ50,0.005686214946639012,0.002843107473319506,0.002843107473319506,0.0014245820854866661,5.195496810550537e-16,0.0014245820854867964,1.3032110113275763e-16
confirmation,^HSI->^STI,^HSI,^STI,0.0012810467572919038,0.0006405233786459519,0.0006405233786459519,0.00032041550779606664,1.190670825823581e-15,0.00032041550779630533,2.386871082726838e-16
confirmation,^HSI->^STOXX50E,^HSI,^STOXX50E,0.0013938185744422071,0.0006969092872211036,0.0006969092872211036,0.0003486367322553417,-3.0075768264747893e-16,0.0003486367322553007,4.098284211995207e-17
confirmation,^IXIC->000001.SS,^IXIC,000001.SS,0.05612457548434513,0.028062287742172565,0.028062287742172565,0.014323681865923693,5.551115123125783e-16,0.014323681865923858,1.6479873021779667e-16
confirmation,^IXIC->399001.SZ,^IXIC,399001.SZ,0.045362260764054696,0.022681130382027348,0.022681130382027348,0.011532015378737262,-1.6653345369377348e-15,0.011532015378736825,4.371503159461554e-16
confirmation,^IXIC->IMOEX.ME,^IXIC,IMOEX.ME,0.03628178108622748,0.01814089054311374,0.01814089054311374,0.009193106854095244,-8.951173136040325e-16,0.009193106854095023,2.203098814490545e-16
confirmation,^IXIC->^AXJO,^IXIC,^AXJO,0.2629996847068483,0.13149984235342416,0.13149984235342416,0.07194677707038974,2.7755575615628914e-16,0.0719467770703898,5.551115123125783e-17
confirmation,^IXIC->^DJI,^IXIC,^DJI,0.0006260155425312774,0.0003130077712656387,0.0003130077712656387,0.00015654062199872007,-1.83772268236293e-16,0.0001565406219986291,9.096456227153382e-17
confirmation,^IXIC->^GSPC,^IXIC,^GSPC,8.310761835161884e-06,4.155380917580942e-06,4.155380917580942e-06,2.077696933796292e-06,7.266898942401984e-16,2.0776969339449265e-06,1.4863437696886923e-16
confirmation,^IXIC->^HSI,^IXIC,^HSI,0.09167896011869558,0.04583948005934779,0.04583948005934779,0.02369560895364926,-8.881784197001252e-16,0.023695608953649066,1.942890293094024e-16
confirmation,^IXIC->^KS11,^IXIC,^KS11,0.10614460365628275,0.05307230182814138,0.05307230182814138,0.02757360501942695,-1.7069679003611782e-15,0.027573605019426534,4.163336342344337e-16
confirmation,^IXIC->^N100,^IXIC,^N100,0.04904511937054323,0.024522559685271617,0.024522559685271617,0.012484939594530727,-4.0245584642661925e-16,0.012484939594530675,5.204170427930421e-17
confirmation,^IXIC->^N225,^IXIC,^N225,0.34732413665593853,0.17366206832796927,0.17366206832796927,0.09747631782082858,1.4432899320127035e-15,0.09747631782082902,4.440892098500626e-16
confirmation,^IXIC->^NZ50,^IXIC,^NZ50,0.18920401796232333,0.09460200898116167,0.09460200898116167,0.05055023156368332,1.2490009027033011e-15,0.050550231563683684,3.608224830031759e-16
confirmation,^IXIC->^STI,^IXIC,^STI,0.1493123014364155,0.07465615071820775,0.07465615071820775,0.03936572663606825,1.0824674490095276e-15,0.03936572663606856,3.122502256758253e-16
confirmation,^IXIC->^STOXX50E,^IXIC,^STOXX50E,0.030252721848954778,0.015126360924477389,0.015126360924477389,0.007648549590181468,1.249000902703301e-16,0.00764854959018144,2.7755575615628914e-17
confirmation,^KS11->000001.SS,^KS11,000001.SS,0.0010560277212920965,0.0005280138606460483,0.0005280138606460483,0.0002641114614098568,-1.4031744516307398e-15,0.0002641114614094368,4.200199216208844e-16
confirmation,^KS11->399001.SZ,^KS11,399001.SZ,0.0009747545313913974,0.0004873772656956987,0.0004873772656956987,0.0002437776946004641,-2.752789315940696e-16,0.0002437776946003593,1.04788139970724e-16
confirmation,^KS11->IMOEX.ME,^KS11,IMOEX.ME,7.229752820059332e-05,3.614876410029666e-05,3.614876410029666e-05,1.807487206937462e-05,-8.046406423101171e-16,1.807487206916366e-05,2.1095863771136703e-16
confirmation,^KS11->^AXJO,^KS11,^AXJO,6.494642383003679e-06,3.2473211915018396e-06,3.2473211915018396e-06,1.623664549885703e-06,1.0861215491439827e-15,1.623664550181355e-06,2.956519797996668e-16
confirmation,^KS11->^DJI,^KS11,^DJI,0.0015932706465324742,0.0007966353232662371,0.0007966353232662371,0.00039855558387022336,3.8510861166685117e-16,0.00039855558387028625,6.288372600415926e-17
confirmation,^KS11->^GSPC,^KS11,^GSPC,0.0007144058811405785,0.00035720294057028923,0.00035720294057028923,0.00017864931231556912,-5.204170427930421e-17,0.00017864931231552318,4.594306705907325e-17
confirmation,^KS11->^HSI,^KS11,^HSI,4.340435003591381e-05,2.1702175017956904e-05,2.1702175017956904e-05,1.0851264126848265e-05,1.0808140406964872e-17,1.0851264126797423e-05,5.0842305625992124e-17
confirmation,^KS11->^IXIC,^KS11,^IXIC,0.00024356047773999023,0.00012178023886999512,0.00012178023886999512,6.089568061919417e-05,4.220256956399826e-17,6.0895680619265414e-05,7.124563525945371e-17
confirmation,^KS11->^N100,^KS11,^N100,2.7380144196342826e-07,1.3690072098171413e-07,1.3690072098171413e-07,6.845036752231047e-08,-1.310381145226084e-17,6.845036747400508e-08,4.830538900940629e-17
confirmation,^KS11->^N225,^KS11,^N225,4.561101272670953e-05,2.2805506363354766e-05,2.2805506363354766e-05,1.1402948214457182e-05,-3.689404467696611e-16,1.1402948214302155e-05,1.5502735813827107e-16
confirmation,^KS11->^NZ50,^KS11,^NZ50,0.004573465144801503,0.0022867325724007515,0.0022867325724007515,0.0011453257207643724,2.654126918244515e-16,0.0011453257207644986,1.2620113287731272e-16
confirmation,^KS11->^STI,^KS11,^STI,0.001815895239468901,0.0009079476197344505,0.0009079476197344505,0.0004542828546261182,4.215378046623641e-16,0.00045428285462622826,1.100465205072787e-16
confirmation,^KS11->^STOXX50E,^KS11,^STOXX50E,0.0014433905077684273,0.0007216952538842136,0.0007216952538842136,0.00036104289646611277,9.274265383441005e-16,0.00036104289646632457,2.117988943950433e-16
confirmation,^N100->000001.SS,^N100,000001.SS,0.048507692850250805,0.024253846425125403,0.024253846425125403,0.012345728053692646,-1.2559397966072083e-15,0.012345728053692316,3.2959746043559335e-16
confirmation,^N100->399001.SZ,^N100,399001.SZ,0.04089359338621179,0.020446796693105895,0.020446796693105895,0.010379104009504555,-1.1102230246251565e-15,0.010379104009504318,2.3765711620882257e-16
confirmation,^N100->IMOEX.ME,^N100,IMOEX.ME,0.001773311096789243,0.0008866555483946215,0.0008866555483946215,0.0004436224963290211,1.1427490897997217e-15,0.0004436224963292706,2.4952912999753885e-16
confirmation,^N100->^AXJO,^N100,^AXJO,0.13780621888364664,0.06890310944182332,0.06890310944182332,0.03619072385344241,1.942890293094024e-16,0.03619072385344249,8.326672684688674e-17
confirmation,^N100->^DJI,^N100,^DJI,0.0016621080133507604,0.0008310540066753802,0.0008310540066753802,0.0004157859256201119,-4.742300302451596e-16,0.0004157859256200333,7.860465750519907e-17
confirmation,^N100->^GSPC,^N100,^GSPC,0.002002382517392931,0.0010011912586964655,0.0010011912586964655,0.0005009713978614548,1.5655879370690684e-16,0.0005009713978614742,1.940721888749053e-17
confirmation,^N100->^HSI,^N100,^HSI,0.0801766456884554,0.0400883228442277,0.0400883228442277,0.020638723773972606,4.85722573273506e-16,0.020638723773972766,1.5959455978986625e-16
confirmation,^N100->^IXIC,^N100,^IXIC,0.004417357100427566,0.002208678550213783,0.002208678550213783,0.0011061672757747285,-6.938893903907228e-18,0.0011061672757747823,5.377642775528102e-17
confirmation,^N100->^KS11,^N100,^KS11,0.1051706184823118,0.0525853092411559,0.0525853092411559,0.027311326882768886,-4.996003610813204e-16,0.027311326882768723,1.6306400674181987e-16
confirmation,^N100->^N225,^N100,^N225,0.20778501310728892,0.10389250655364446,0.10389250655364446,0.055852249338118005,1.3877787807814457e-15,0.055852249338118456,4.510281037539698e-16
confirmation,^N100->^NZ50,^N100,^NZ50,0.11952157388526707,0.05976078694263354,0.05976078694263354,0.03119279620030761,-4.996003610813204e-16,0.031192796200307474,1.3530843112619095e-16
confirmation,^N100->^STI,^N100,^STI,0.13341456161733412,0.06670728080866706,0.06670728080866706,0.03498496488237078,4.440892098500626e-16,0.03498496488237092,1.3877787807814457e-16
confirmation,^N100->^STOXX50E,^N100,^STOXX50E,0.004688755101204478,0.002344377550602239,0.002344377550602239,0.0011742482039999362,1.3999218451132833e-15,0.0011742482040003445,4.0831053815804097e-16
confirmation,^N225->000001.SS,^N225,000001.SS,0.0003398174314490632,0.0001699087157245316,0.0001699087157245316,8.496518311374437e-05,-9.92316038367358e-16,8.496518311346212e-05,2.8224493055228894e-16
confirmation,^N225->399001.SZ,^N225,399001.SZ,0.0005669867487814173,0.00028349337439070865,0.00028349337439070865,0.00014177682253213117,5.063224145507306e-16,0.00014177682253228036,1.491862189340054e-16
confirmation,^N225->IMOEX.ME,^N225,IMOEX.ME,2.151091644719827e-05,1.0755458223599135e-05,1.0755458223599135e-05,5.377772491736413e-06,-5.470714755772405e-16,5.37777249158453e-06,1.518831718380631e-16
confirmation,^N225->^AXJO,^N225,^AXJO,0.0027718486369465722,0.0013859243184732861,0.0013859243184732861,0.0006936821212518943,1.6813807290905203e-15,0.0006936821212522868,3.924811864397526e-16
confirmation,^N225->^DJI,^N225,^DJI,0.001072401532702827,0.0005362007663514134,0.0005362007663514134,0.00026820818062759673,-1.8450952571358314e-15,0.00026820818062707913,5.175981171445798e-16
confirmation,^N225->^GSPC,^N225,^GSPC,0.0016223890309454703,0.0008111945154727351,0.0008111945154727351,0.00040584395470821957,6.546412717467476e-16,0.00040584395470838404,1.6447346956605102e-16
confirmation,^N225->^HSI,^N225,^HSI,1.2746189383960882e-06,6.373094691980441e-07,6.373094691980441e-07,3.1865488718806255e-07,-1.1112511108648864e-15,3.1865488688844725e-07,2.996152998994289e-16
confirmation,^N225->^IXIC,^N225,^IXIC,0.0013023956552142835,0.0006511978276071417,0.0006511978276071417,0.00032575790126149087,9.280770596475918e-17,0.0003257579012615022,1.1329912702473521e-17
confirmation,^N225->^KS11,^N225,^KS11,0.000912087490361202,0.000456043745180601,0.000456043745180601,0.00022809985169571184,-1.1216071474362543e-15,0.00022809985169548034,2.3150426887996733e-16
confirmation,^N225->^N100,^N225,^N100,0.0008385699885256059,0.00041928499426280297,0.00041928499426280297,0.0002097084128819491,3.6895399929681716e-16,0.00020970841288207127,1.221624797848042e-16
confirmation,^N225->^NZ50,^N225,^NZ50,0.002297262655899246,0.001148631327949623,0.001148631327949623,0.0005748102322389153,7.337880303381894e-16,0.0005748102322391063,1.9103642279194588e-16
confirmation,^N225->^STI,^N225,^STI,0.008752823622359074,0.004376411811179537,0.004376411811179537,0.002195377789869588,7.7021722333370235e-16,0.002195377789869792,2.0426368929626904e-16
confirmation,^N225->^STOXX50E,^N225,^STOXX50E,0.002506589356539024,0.001253294678269512,0.001253294678269512,0.0006272361233514505,4.996003610813204e-16,0.0006272361233516153,1.6479873021779667e-16
confirmation,^NZ50->000001.SS,^NZ50,000001.SS,0.0010606740700556117,0.0005303370350278058,0.0005303370350278058,0.0002652739703814078,5.243201706139899e-16,0.0002652739703815215,1.1373280789372942e-16
confirmation,^NZ50->399001.SZ,^NZ50,399001.SZ,0.0005610762592898055,0.00028053812964490277,0.00028053812964490277,0.0001402985751786096,-1.1480616804449006e-15,0.00014029857517828967,3.199209560461602e-16
confirmation,^NZ50->IMOEX.ME,^NZ50,IMOEX.ME,5.979392363286706e-05,2.989696181643353e-05,2.989696181643353e-05,1.4948816090328407e-05,6.807637678400702e-16,1.494881609053368e-05,2.0527335256939616e-16
confirmation,^NZ50->^AXJO,^NZ50,^AXJO,0.0014448849737576097,0.0007224424868788049,0.0007224424868788049,0.00036141691748249805,1.1590121223870042e-15,0.00036141691748275967,2.616179842207522e-16
confirmation,^NZ50->^DJI,^NZ50,^DJI,0.0001372595890547501,6.862979452737505e-05,6.862979452737505e-05,3.43166634915792e-05,-1.475870207295893e-16,3.431666349153512e-05,4.407959457511379e-17
confirmation,^NZ50->^GSPC,^NZ50,^GSPC,0.00018584384009479038,9.292192004739519e-05,9.292192004739519e-05,4.6464197854373016e-05,9.650754587836596e-16,4.646419785454502e-05,1.7200189840124724e-16
confirmation,^NZ50->^HSI,^NZ50,^HSI,7.341933326898697e-05,3.670966663449349e-05,3.670966663449349e-05,1.8355338661043768e-05,-4.86522172375714e-16,1.8355338660962036e-05,8.173190314646195e-17
confirmation,^NZ50->^IXIC,^NZ50,^IXIC,0.0014049008811287678,0.0007024504405643839,0.0007024504405643839,0.00035141021568466324,-2.933851078745775e-16,0.0003514102156846129,5.036119091195168e-17
confirmation,^NZ50->^KS11,^NZ50,^KS11,0.0010359972024058806,0.0005179986012029403,0.0005179986012029403,0.0002590999041834523,-1.5031378919339033e-15,0.00025909990418303025,4.220256956399826e-16
confirmation,^NZ50->^N100,^NZ50,^N100,0.0015098740960670654,0.0007549370480335327,0.0007549370480335327,0.0003776821939587568,8.912141857830846e-16,0.0003776821939589894,2.32615576106765e-16
confirmation,^NZ50->^N225,^NZ50,^N225,0.0010463727401521794,0.0005231863700760897,0.0005231863700760897,0.0002616958136273431,5.516420653606247e-16,0.0002616958136275479,2.0480579038251179e-16
confirmation,^NZ50->^STI,^NZ50,^STI,2.0057424469754892e-05,1.0028712234877446e-05,1.0028712234877446e-05,5.014393832970103e-06,-2.6207199388048052e-17,5.014393832984052e-06,1.3948938575383818e-17
confirmation,^NZ50->^STOXX50E,^NZ50,^STOXX50E,0.002598352302932483,0.0012991761514662414,0.0012991761514662414,0.0006502207485876802,1.1058862159352145e-16,0.0006502207485877351,5.4860629927766524e-17
confirmation,^STI->000001.SS,^STI,000001.SS,0.005160687172622858,0.002580343586311429,0.002580343586311429,0.0012926664598036785,-1.700029006457271e-16,0.0012926664598036472,3.122502256758253e-17
confirmation,^STI->399001.SZ,^STI,399001.SZ,0.005879329154062418,0.002939664577031209,0.002939664577031209,0.0014730697223546004,-1.3374717999781183e-15,0.00147306972235433,2.704000218178848e-16
confirmation,^STI->IMOEX.ME,^STI,IMOEX.ME,0.005175570922867578,0.002587785461433789,0.002587785461433789,0.0012964018014360878,9.983333604246525e-16,0.0012964018014362938,2.0599841277224584e-16
confirmation,^STI->^AXJO,^STI,^AXJO,5.145988288290937e-05,2.5729941441454685e-05,2.5729941441454685e-05,1.2865218979862548e-05,-2.2796028302865534e-16,1.2865218979760221e-05,1.0232666222600301e-16
confirmation,^STI->^DJI,^STI,^DJI,0.00032819415228679816,0.00016409707614339908,0.00016409707614339908,8.20586354635223e-05,-1.1286544615574101e-15,8.20586354632221e-05,3.002020290340801e-16
confirmation,^STI->^GSPC,^STI,^GSPC,5.980562798768574e-06,2.990281399384287e-06,2.990281399384287e-06,1.4951440527402865e-06,4.683279046686917e-16,1.4951440528429782e-06,1.0269173342626961e-16
confirmation,^STI->^HSI,^STI,^HSI,0.002235274905048712,0.001117637452524356,0.001117637452524356,0.0005592869692843517,-1.065987575987748e-15,0.0005592869692840963,2.553296116203363e-16
confirmation,^STI->^IXIC,^STI,^IXIC,2.677608552659194e-07,1.338804276329597e-07,1.338804276329597e-07,6.694022043200439e-08,4.238539103775126e-16,6.694022056879074e-08,1.367863580353619e-16
confirmation,^STI->^KS11,^STI,^KS11,0.007631708155807715,0.0038158540779038574,0.0038158540779038574,0.0019133803688349694,-3.1051550219984847e-16,0.0019133803688349237,4.575333167888829e-17
confirmation,^STI->^N100,^STI,^N100,0.0009052444524133563,0.00045262222620667814,0.00045262222620667814,0.00022638792659140534,9.464000763625968e-16,0.0002263879265917039,2.985621732481958e-16
confirmation,^STI->^N225,^STI,^N225,0.0022410023807282187,0.0011205011903641093,0.0011205011903641093,0.0005607212403999478,-9.22005527481673e-16,0.0005607212403996667,2.811336233254913e-16
confirmation,^STI->^NZ50,^STI,^NZ50,0.005044555531652506,0.002522277765826253,0.002522277765826253,0.0012635225834018537,-4.839878497975292e-16,0.0012635225834017607,9.302454639925628e-17
confirmation,^STI->^STOXX50E,^STI,^STOXX50E,0.00029825827961360574,0.00014912913980680287,0.00014912913980680287,7.457290930117859e-05,1.0907615956290417e-15,7.457290930138995e-05,2.113652135260491e-16
confirmation,^STOXX50E->000001.SS,^STOXX50E,000001.SS,0.04456457214710419,0.022282286073552093,0.022282286073552093,0.01132594406293624,-1.9637069748057456e-15,0.011325944062935678,5.620504062164855e-16
confirmation,^STOXX50E->399001.SZ,^STOXX50E,399001.SZ,0.0357225489217079,0.01786127446085395,0.01786127446085395,0.009049557844343041,-8.465450562766819e-16,0.009049557844342792,2.498001805406602e-16
confirmation,^STOXX50E->IMOEX.ME,^STOXX50E,IMOEX.ME,0.002123901305505882,0.001061950652752941,0.001061950652752941,0.0005313980788521731,-4.887583393564654e-16,0.0005313980788520311,1.4203048459560108e-16
confirmation,^STOXX50E->^AXJO,^STOXX50E,^AXJO,0.13930984710936123,0.06965492355468061,0.06965492355468061,0.03660432848547727,3.3306690738754696e-16,0.036604328485477344,7.632783294297951e-17
confirmation,^STOXX50E->^DJI,^STOXX50E,^DJI,0.00032103074129530285,0.00016051537064765142,0.00016051537064765142,8.026734675098666e-05,-2.1797884677821067e-16,8.026734675093508e-05,5.1580918355997873e-17
confirmation,^STOXX50E->^GSPC,^STOXX50E,^GSPC,0.00036551165423936993,0.00018275582711968497,0.00018275582711968497,9.139043768127954e-05,7.069540265691732e-16,9.139043768144902e-05,1.694743520866404e-16
confirmation,^STOXX50E->^HSI,^STOXX50E,^HSI,0.08041154344469525,0.04020577172234763,0.04020577172234763,0.02070091321599482,7.494005416219807e-16,0.02070091321599495,1.2836953722228372e-16
confirmation,^STOXX50E->^IXIC,^STOXX50E,^IXIC,0.00143229973664738,0.00071614986832369,0.00071614986832369,0.00035826721473369817,9.016225266389455e-16,0.0003582672147338841,1.85940672581264e-16
confirmation,^STOXX50E->^KS11,^STOXX50E,^KS11,0.09527287291075481,0.04763643645537741,0.04763643645537741,0.024655594376641173,-6.38378239159465e-16,0.02465559437664099,1.8388068845354155e-16
confirmation,^STOXX50E->^N100,^STOXX50E,^N100,0.001650376396348463,0.0008251881981742315,0.0008251881981742315,0.0004128493796782947,-3.3176586478056436e-17,0.00041284937967822394,7.074419175467916e-17
confirmation,^STOXX50E->^N225,^STOXX50E,^N225,0.19562901390080611,0.09781450695040306,0.09781450695040306,0.05237699353211761,8.326672684688674e-17,0.052376993532117624,1.3877787807814457e-17
confirmation,^STOXX50E->^NZ50,^STOXX50E,^NZ50,0.09849415657929939,0.04924707828964969,0.04924707828964969,0.025518004499195248,7.494005416219807e-16,0.025518004499195446,1.97758476261356e-16
confirmation,^STOXX50E->^STI,^STOXX50E,^STI,0.12508146804069042,0.06254073402034521,0.06254073402034521,0.032706333936733584,-6.661338147750939e-16,0.032706333936733445,1.3877787807814457e-16
