experiment_kind,model,dimension,component_te_spec,sample_size,seed,source_scale,eta,bandwidth_orientation,median,sigma,kde_cs,theory_te,theory_gc,theory_cs,theory_rho2,sample_gc,sample_te,sample_canonical_cs,sample_rho2,gc_vs_canonical_error
main,scalar_te_0.05,1,0.05,256,11,1.0,0.02,official-featurewise,15.93978222812208,0.31879564456244164,0.05024324790105972,0.05,0.1,0.02592178699925464,[0.09516258196404048],0.07666088276587918,0.03833044138293959,0.01970910855832846,0.0737961079423,6.38378239159465e-16
main,scalar_te_0.05,1,0.05,256,11,1.0,0.02,samplewise,1.5512900644702334,0.03102580128940467,0.22159114431647353,0.05,0.1,0.02592178699925464,[0.09516258196404048],0.07666088276587918,0.03833044138293959,0.01970910855832846,0.0737961079423,6.38378239159465e-16
main,scalar_te_0.05,1,0.05,256,11,1.0,0.05,official-featurewise,15.93978222812208,0.7969891114061041,0.005570421023975314,0.05,0.1,0.02592178699925464,[0.09516258196404048],0.07666088276587918,0.03833044138293959,0.01970910855832846,0.0737961079423,6.38378239159465e-16
main,scalar_te_0.05,1,0.05,256,11,1.0,0.05,samplewise,1.5512900644702334,0.07756450322351167,0.22031014469113508,0.05,0.1,0.02592178699925464,[0.09516258196404048],0.07666088276587918,0.03833044138293959,0.01970910855832846,0.0737961079423,6.38378239159465e-16
main,scalar_te_0.05,1,0.05,256,11,1.0,0.2,official-featurewise,15.93978222812208,3.1879564456244163,4.229890485873966e-06,0.05,0.1,0.02592178699925464,[0.09516258196404048],0.07666088276587918,0.03833044138293959,0.01970910855832846,0.0737961079423,6.38378239159465e-16
main,scalar_te_0.05,1,0.05,256,11,1.0,0.2,samplewise,1.5512900644702334,0.3102580128940467,0.05338145036102304,0.05,0.1,0.02592178699925464,[0.09516258196404048],0.07666088276587918,0.03833044138293959,0.01970910855832846,0.0737961079423,6.38378239159465e-16
main,scalar_te_0.05,1,0.05,256,29,1.0,0.02,official-featurewise,17.072971252598123,0.3414594250519625,0.05416609798782446,0.05,0.1,0.02592178699925464,[0.09516258196404048],0.13948636346926685,0.06974318173463342,0.036652908877562944,0.130195115755,1.3877787807814457e-16
main,scalar_te_0.05,1,0.05,256,29,1.0,0.02,samplewise,1.5608091755993634,0.03121618351198727,0.1570633771743717,0.05,0.1,0.02592178699925464,[0.09516258196404048],0.13948636346926685,0.06974318173463342,0.036652908877562944,0.130195115755,1.3877787807814457e-16
main,scalar_te_0.05,1,0.05,256,29,1.0,0.05,official-featurewise,17.072971252598123,0.8536485626299062,0.008383002958620267,0.05,0.1,0.02592178699925464,[0.09516258196404048],0.13948636346926685,0.06974318173463342,0.036652908877562944,0.130195115755,1.3877787807814457e-16
main,scalar_te_0.05,1,0.05,256,29,1.0,0.05,samplewise,1.5608091755993634,0.07804045877996818,0.21235916928167597,0.05,0.1,0.02592178699925464,[0.09516258196404048],0.13948636346926685,0.06974318173463342,0.036652908877562944,0.130195115755,1.3877787807814457e-16
main,scalar_te_0.05,1,0.05,256,29,1.0,0.2,official-featurewise,17.072971252598123,3.4145942505196247,5.849001610158666e-06,0.05,0.1,0.02592178699925464,[0.09516258196404048],0.13948636346926685,0.06974318173463342,0.036652908877562944,0.130195115755,1.3877787807814457e-16
main,scalar_te_0.05,1,0.05,256,29,1.0,0.2,samplewise,1.5608091755993634,0.3121618351198727,0.06386391758702459,0.05,0.1,0.02592178699925464,[0.09516258196404048],0.13948636346926685,0.06974318173463342,0.036652908877562944,0.130195115755,1.3877787807814457e-16
main,scalar_te_0.05,1,0.05,256,47,1.0,0.02,official-featurewise,16.30773265952041,0.3261546531904082,0.04051288983418644,0.05,0.1,0.02592178699925464,[0.09516258196404048],0.12896245282624672,0.06448122641312336,0.03376605038605248,0.120993030847,-8.604228440844963e-16
main,scalar_te_0.05,1,0.05,256,47,1.0,0.02,samplewise,1.5154013907469206,0.030308027814938413,0.18915390052563463,0.05,0.1,0.02592178699925464,[0.09516258196404048],0.12896245282624672,0.06448122641312336,0.03376605038605248,0.120993030847,-8.604228440844963e-16
main,scalar_te_0.05,1,0.05,256,47,1.0,0.05,official-featurewise,16.30773265952041,0.8153866329760207,0.004270846881663459,0.05,0.1,0.02592178699925464,[0.09516258196404048],0.12896245282624672,0.06448122641312336,0.03376605038605248,0.120993030847,-8.604228440844963e-16
main,scalar_te_0.05,1,0.05,256,47,1.0,0.05,samplewise,1.5154013907469206,0.07577006953734604,0.25742134083649315,0.05,0.1,0.02592178699925464,[0.09516258196404048],0.12896245282624672,0.06448122641312336,0.03376605038605248,0.120993030847,-8.604228440844963e-16
main,scalar_te_0.05,1,0.05,256,47,1.0,0.2,official-featurewise,16.30773265952041,3.2615465319040826,5.432185254505839e-06,0.05,0.1,0.02592178699925464,[0.09516258196404048],0.12896245282624672,0.06448122641312336,0.03376605038605248,0.120993030847,-8.604228440844963e-16
main,scalar_te_0.05,1,0.05,256,47,1.0,0.2,samplewise,1.5154013907469206,0.30308027814938415,0.04848884139826204,0.05,0.1,0.02592178699925464,[0.09516258196404048],0.12896245282624672,0.06448122641312336,0.03376605038605248,0.120993030847,-8.604228440844963e-16
main,scalar_te_0.05,1,0.05,256,71,1.0,0.02,official-featurewise,15.801539559166843,0.3160307911833369,0.040869800638546394,0.05,0.1,0.02592178699925464,[0.09516258196404048],0.09324964995779399,0.04662482497889699,0.02411487876371541,0.08903395073,-1.1102230246251565e-16
main,scalar_te_0.05,1,0.05,256,71,1.0,0.02,samplewise,1.52957615916603,0.0305915231833206,0.1866993403992412,0.05,0.1,0.02592178699925464,[0.09516258196404048],0.09324964995779399,0.04662482497889699,0.02411487876371541,0.08903395073,-1.1102230246251565e-16
main,scalar_te_0.05,1,0.05,256,71,1.0,0.05,official-featurewise,15.801539559166843,0.7900769779583422,0.003198405393700199,0.05,0.1,0.02592178699925464,[0.09516258196404048],0.09324964995779399,0.04662482497889699,0.02411487876371541,0.08903395073,-1.1102230246251565e-16
main,scalar_te_0.05,1,0.05,256,71,1.0,0.05,samplewise,1.52957615916603,0.0764788079583015,0.2616606008848379,0.05,0.1,0.02592178699925464,[0.09516258196404048],0.09324964995779399,0.04662482497889699,0.02411487876371541,0.08903395073,-1.1102230246251565e-16
main,scalar_te_0.05,1,0.05,256,71,1.0,0.2,official-featurewise,15.801539559166843,3.160307911833369,4.696963483041827e-06,0.05,0.1,0.02592178699925464,[0.09516258196404048],0.09324964995779399,0.04662482497889699,0.02411487876371541,0.08903395073,-1.1102230246251565e-16
main,scalar_te_0.05,1,0.05,256,71,1.0,0.2,samplewise,1.52957615916603,0.305915231833206,0.044935961380526024,0.05,0.1,0.02592178699925464,[0.09516258196404048],0.09324964995779399,0.04662482497889699,0.02411487876371541,0.08903395073,-1.1102230246251565e-16
main,scalar_te_0.05,1,0.05,256,101,1.0,0.02,official-featurewise,15.414978697221043,0.30829957394442087,0.05084421084792723,0.05,0.1,0.02592178699925464,[0.09516258196404048],0.05954416356600674,0.02977208178300337,0.015215122001248357,0.0578060779711,-6.938893903907228e-16
main,scalar_te_0.05,1,0.05,256,101,1.0,0.02,samplewise,1.5517062467143703,0.031034124934287408,0.18880683118511765,0.05,0.1,0.02592178699925464,[0.09516258196404048],0.05954416356600674,0.02977208178300337,0.015215122001248357,0.0578060779711,-6.938893903907228e-16
main,scalar_te_0.05,1,0.05,256,101,1.0,0.05,official-featurewise,15.414978697221043,0.7707489348610522,0.0030962845021562657,0.05,0.1,0.02592178699925464,[0.09516258196404048],0.05954416356600674,0.02977208178300337,0.015215122001248357,0.0578060779711,-6.938893903907228e-16
main,scalar_te_0.05,1,0.05,256,101,1.0,0.05,samplewise,1.5517062467143703,0.07758531233571853,0.22763817984109558,0.05,0.1,0.02592178699925464,[0.09516258196404048],0.05954416356600674,0.02977208178300337,0.015215122001248357,0.0578060779711,-6.938893903907228e-16
main,scalar_te_0.05,1,0.05,256,101,1.0,0.2,official-featurewise,15.414978697221043,3.082995739444209,4.616954239367033e-06,0.05,0.1,0.02592178699925464,[0.09516258196404048],0.05954416356600674,0.02977208178300337,0.015215122001248357,0.0578060779711,-6.938893903907228e-16
main,scalar_te_0.05,1,0.05,256,101,1.0,0.2,samplewise,1.5517062467143703,0.3103412493428741,0.04996563245703278,0.05,0.1,0.02592178699925464,[0.09516258196404048],0.05954416356600674,0.02977208178300337,0.015215122001248357,0.0578060779711,-6.938893903907228e-16
main,scalar_te_0.05,1,0.05,512,11,1.0,0.02,official-featurewise,22.82811007145232,0.45656220142904635,0.016093302933153808,0.05,0.1,0.02592178699925464,[0.09516258196404048],0.06470364637117898,0.03235182318558949,0.016564153158705557,0.0626547921261,-9.853229343548264e-16
main,scalar_te_0.05,1,0.05,512,11,1.0,0.02,samplewise,1.585158269443249,0.03170316538886498,0.2096910625479076,0.05,0.1,0.02592178699925464,[0.09516258196404048],0.06470364637117898,0.03235182318558949,0.016564153158705557,0.0626547921261,-9.853229343548264e-16
main,scalar_te_0.05,1,0.05,512,11,1.0,0.05,official-featurewise,22.82811007145232,1.141405503572616,0.0012947283826072464,0.05,0.1,0.02592178699925464,[0.09516258196404048],0.06470364637117898,0.03235182318558949,0.016564153158705557,0.0626547921261,-9.853229343548264e-16
main,scalar_te_0.05,1,0.05,512,11,1.0,0.05,samplewise,1.585158269443249,0.07925791347216245,0.23579465024176294,0.05,0.1,0.02592178699925464,[0.09516258196404048],0.06470364637117898,0.03235182318558949,0.016564153158705557,0.0626547921261,-9.853229343548264e-16
main,scalar_te_0.05,1,0.05,512,11,1.0,0.2,official-featurewise,22.82811007145232,4.565622014290464,2.799803588970917e-07,0.05,0.1,0.02592178699925464,[0.09516258196404048],0.06470364637117898,0.03235182318558949,0.016564153158705557,0.0626547921261,-9.853229343548264e-16
main,scalar_te_0.05,1,0.05,512,11,1.0,0.2,samplewise,1.585158269443249,0.3170316538886498,0.0383360985263792,0.05,0.1,0.02592178699925464,[0.09516258196404048],0.06470364637117898,0.03235182318558949,0.016564153158705557,0.0626547921261,-9.853229343548264e-16
main,scalar_te_0.05,1,0.05,512,29,1.0,0.02,official-featurewise,22.948805956479095,0.4589761191295819,0.02324597282515839,0.05,0.1,0.02592178699925464,[0.09516258196404048],0.1242362447741398,0.0621181223870699,0.03247589336837757,0.116828828339,5.828670879282072e-16
main,scalar_te_0.05,1,0.05,512,29,1.0,0.02,samplewise,1.5755132316429221,0.03151026463285844,0.271646106149694,0.05,0.1,0.02592178699925464,[0.09516258196404048],0.1242362447741398,0.0621181223870699,0.03247589336837757,0.116828828339,5.828670879282072e-16
main,scalar_te_0.05,1,0.05,512,29,1.0,0.05,official-featurewise,22.948805956479095,1.1474402978239548,0.0022934511400691804,0.05,0.1,0.02592178699925464,[0.09516258196404048],0.1242362447741398,0.0621181223870699,0.03247589336837757,0.116828828339,5.828670879282072e-16
main,scalar_te_0.05,1,0.05,512,29,1.0,0.05,samplewise,1.5755132316429221,0.0787756615821461,0.29766421888673555,0.05,0.1,0.02592178699925464,[0.09516258196404048],0.1242362447741398,0.0621181223870699,0.03247589336837757,0.116828828339,5.828670879282072e-16
main,scalar_te_0.05,1,0.05,512,29,1.0,0.2,official-featurewise,22.948805956479095,4.589761191295819,6.031281678531286e-07,0.05,0.1,0.02592178699925464,[0.09516258196404048],0.1242362447741398,0.0621181223870699,0.03247589336837757,0.116828828339,5.828670879282072e-16
main,scalar_te_0.05,1,0.05,512,29,1.0,0.2,samplewise,1.5755132316429221,0.3151026463285844,0.043672186995657114,0.05,0.1,0.02592178699925464,[0.09516258196404048],0.1242362447741398,0.0621181223870699,0.03247589336837757,0.116828828339,5.828670879282072e-16
main,scalar_te_0.05,1,0.05,512,47,1.0,0.02,official-featurewise,22.427388589135646,0.44854777178271293,0.01271986244605472,0.05,0.1,0.02592178699925464,[0.09516258196404048],0.051785940052621264,0.025892970026310632,0.01319572558323786,0.0504678981184,-1.3877787807814457e-17
main,scalar_te_0.05,1,0.05,512,47,1.0,0.02,samplewise,1.4999099757533862,0.029998199515067724,0.2097190715139705,0.05,0.1,0.02592178699925464,[0.09516258196404048],0.051785940052621264,0.025892970026310632,0.01319572558323786,0.0504678981184,-1.3877787807814457e-17
main,scalar_te_0.05,1,0.05,512,47,1.0,0.05,official-featurewise,22.427388589135646,1.1213694294567824,0.0008671263443105204,0.05,0.1,0.02592178699925464,[0.09516258196404048],0.051785940052621264,0.025892970026310632,0.01319572558323786,0.0504678981184,-1.3877787807814457e-17
main,scalar_te_0.05,1,0.05,512,47,1.0,0.05,samplewise,1.4999099757533862,0.07499549878766931,0.23791650414340104,0.05,0.1,0.02592178699925464,[0.09516258196404048],0.051785940052621264,0.025892970026310632,0.01319572558323786,0.0504678981184,-1.3877787807814457e-17
main,scalar_te_0.05,1,0.05,512,47,1.0,0.2,official-featurewise,22.427388589135646,4.48547771782713,1.9760967617798997e-07,0.05,0.1,0.02592178699925464,[0.09516258196404048],0.051785940052621264,0.025892970026310632,0.01319572558323786,0.0504678981184,-1.3877787807814457e-17
main,scalar_te_0.05,1,0.05,512,47,1.0,0.2,samplewise,1.4999099757533862,0.29998199515067725,0.03552006986172884,0.05,0.1,0.02592178699925464,[0.09516258196404048],0.051785940052621264,0.025892970026310632,0.01319572558323786,0.0504678981184,-1.3877787807814457e-17
main,scalar_te_0.05,1,0.05,512,71,1.0,0.02,official-featurewise,22.057443266957254,0.4411488653391451,0.018724990973840505,0.05,0.1,0.02592178699925464,[0.09516258196404048],0.13105277425722459,0.06552638712861229,0.034337914076907776,0.122828518904,-1.6653345369377348e-16
main,scalar_te_0.05,1,0.05,512,71,1.0,0.02,samplewise,1.5285597610479649,0.0305711952209593,0.22300510279726016,0.05,0.1,0.02592178699925464,[0.09516258196404048],0.13105277425722459,0.06552638712861229,0.034337914076907776,0.122828518904,-1.6653345369377348e-16
main,scalar_te_0.05,1,0.05,512,71,1.0,0.05,official-featurewise,22.057443266957254,1.1028721633478626,0.001855894484272369,0.05,0.1,0.02592178699925464,[0.09516258196404048],0.13105277425722459,0.06552638712861229,0.034337914076907776,0.122828518904,-1.6653345369377348e-16
main,scalar_te_0.05,1,0.05,512,71,1.0,0.05,samplewise,1.5285597610479649,0.07642798805239825,0.23789115929895566,0.05,0.1,0.02592178699925464,[0.09516258196404048],0.13105277425722459,0.06552638712861229,0.034337914076907776,0.122828518904,-1.6653345369377348e-16
main,scalar_te_0.05,1,0.05,512,71,1.0,0.2,official-featurewise,22.057443266957254,4.411488653391451,6.006101642697104e-07,0.05,0.1,0.02592178699925464,[0.09516258196404048],0.13105277425722459,0.06552638712861229,0.034337914076907776,0.122828518904,-1.6653345369377348e-16
main,scalar_te_0.05,1,0.05,512,71,1.0,0.2,samplewise,1.5285597610479649,0.305711952209593,0.04099711078260171,0.05,0.1,0.02592178699925464,[0.09516258196404048],0.13105277425722459,0.06552638712861229,0.034337914076907776,0.122828518904,-1.6653345369377348e-16
main,scalar_te_0.05,1,0.05,512,101,1.0,0.02,official-featurewise,23.797118957389436,0.47594237914778875,0.014801456037119465,0.05,0.1,0.02592178699925464,[0.09516258196404048],0.07777855652621521,0.038889278263107604,0.020004395233546902,0.0748307234402,4.718447854656915e-16
main,scalar_te_0.05,1,0.05,512,101,1.0,0.02,samplewise,1.6285583934235992,0.03257116786847199,0.16203370598084632,0.05,0.1,0.02592178699925464,[0.09516258196404048],0.07777855652621521,0.038889278263107604,0.020004395233546902,0.0748307234402,4.718447854656915e-16
main,scalar_te_0.05,1,0.05,512,101,1.0,0.05,official-featurewise,23.797118957389436,1.189855947869472,0.0015813300825229248,0.05,0.1,0.02592178699925464,[0.09516258196404048],0.07777855652621521,0.038889278263107604,0.020004395233546902,0.0748307234402,4.718447854656915e-16
main,scalar_te_0.05,1,0.05,512,101,1.0,0.05,samplewise,1.6285583934235992,0.08142791967117996,0.2033901283851769,0.05,0.1,0.02592178699925464,[0.09516258196404048],0.07777855652621521,0.038889278263107604,0.020004395233546902,0.0748307234402,4.718447854656915e-16
main,scalar_te_0.05,1,0.05,512,101,1.0,0.2,official-featurewise,23.797118957389436,4.759423791477888,3.1311550685586553e-07,0.05,0.1,0.02592178699925464,[0.09516258196404048],0.07777855652621521,0.038889278263107604,0.020004395233546902,0.0748307234402,4.718447854656915e-16
main,scalar_te_0.05,1,0.05,512,101,1.0,0.2,samplewise,1.6285583934235992,0.32571167868471984,0.034091901322227613,0.05,0.1,0.02592178699925464,[0.09516258196404048],0.07777855652621521,0.038889278263107604,0.020004395233546902,0.0748307234402,4.718447854656915e-16
main,scalar_te_0.05,1,0.05,1024,11,1.0,0.02,official-featurewise,32.76324055698044,0.6552648111396089,0.010516435290490733,0.05,0.1,0.02592178699925464,[0.09516258196404048],0.11576238425554501,0.057881192127772506,0.030172538443465922,0.109313160629,-8.187894806610529e-16
main,scalar_te_0.05,1,0.05,1024,11,1.0,0.02,samplewise,1.577398081179926,0.03154796162359852,0.2535757445878115,0.05,0.1,0.02592178699925464,[0.09516258196404048],0.11576238425554501,0.057881192127772506,0.030172538443465922,0.109313160629,-8.187894806610529e-16
main,scalar_te_0.05,1,0.05,1024,11,1.0,0.05,official-featurewise,32.76324055698044,1.638162027849022,0.00041480851923836326,0.05,0.1,0.02592178699925464,[0.09516258196404048],0.11576238425554501,0.057881192127772506,0.030172538443465922,0.109313160629,-8.187894806610529e-16
main,scalar_te_0.05,1,0.05,1024,11,1.0,0.05,samplewise,1.577398081179926,0.0788699040589963,0.24843491943705232,0.05,0.1,0.02592178699925464,[0.09516258196404048],0.11576238425554501,0.057881192127772506,0.030172538443465922,0.109313160629,-8.187894806610529e-16
main,scalar_te_0.05,1,0.05,1024,11,1.0,0.2,official-featurewise,32.76324055698044,6.552648111396088,3.805216053365257e-08,0.05,0.1,0.02592178699925464,[0.09516258196404048],0.11576238425554501,0.057881192127772506,0.030172538443465922,0.109313160629,-8.187894806610529e-16
main,scalar_te_0.05,1,0.05,1024,11,1.0,0.2,samplewise,1.577398081179926,0.3154796162359852,0.03478372320030587,0.05,0.1,0.02592178699925464,[0.09516258196404048],0.11576238425554501,0.057881192127772506,0.030172538443465922,0.109313160629,-8.187894806610529e-16
main,scalar_te_0.05,1,0.05,1024,29,1.0,0.02,official-featurewise,32.9650168888399,0.659300337776798,0.0121255812700376,0.05,0.1,0.02592178699925464,[0.09516258196404048],0.11744065409552067,0.05872032704776033,0.03062771905913764,0.11080671984,3.885780586188048e-16
main,scalar_te_0.05,1,0.05,1024,29,1.0,0.02,samplewise,1.6144312407660908,0.03228862481532182,0.2596863230889159,0.05,0.1,0.02592178699925464,[0.09516258196404048],0.11744065409552067,0.05872032704776033,0.03062771905913764,0.11080671984,3.885780586188048e-16
main,scalar_te_0.05,1,0.05,1024,29,1.0,0.05,official-featurewise,32.9650168888399,1.648250844441995,0.0004389969230764734,0.05,0.1,0.02592178699925464,[0.09516258196404048],0.11744065409552067,0.05872032704776033,0.03062771905913764,0.11080671984,3.885780586188048e-16
main,scalar_te_0.05,1,0.05,1024,29,1.0,0.05,samplewise,1.6144312407660908,0.08072156203830455,0.2668435238153357,0.05,0.1,0.02592178699925464,[0.09516258196404048],0.11744065409552067,0.05872032704776033,0.03062771905913764,0.11080671984,3.885780586188048e-16
main,scalar_te_0.05,1,0.05,1024,29,1.0,0.2,official-featurewise,32.9650168888399,6.59300337776798,4.046774293442468e-08,0.05,0.1,0.02592178699925464,[0.09516258196404048],0.11744065409552067,0.05872032704776033,0.03062771905913764,0.11080671984,3.885780586188048e-16
main,scalar_te_0.05,1,0.05,1024,29,1.0,0.2,samplewise,1.6144312407660908,0.3228862481532182,0.03729898501106277,0.05,0.1,0.02592178699925464,[0.09516258196404048],0.11744065409552067,0.05872032704776033,0.03062771905913764,0.11080671984,3.885780586188048e-16
main,scalar_te_0.05,1,0.05,1024,47,1.0,0.02,official-featurewise,31.87271343917681,0.6374542687835362,0.007876177802213391,0.05,0.1,0.02592178699925464,[0.09516258196404048],0.07354830256774551,0.03677415128387276,0.018887959590843093,0.0709087327862,-4.579669976578771e-16
main,scalar_te_0.05,1,0.05,1024,47,1.0,0.02,samplewise,1.5374014834133465,0.03074802966826693,0.2270112329177696,0.05,0.1,0.02592178699925464,[0.09516258196404048],0.07354830256774551,0.03677415128387276,0.018887959590843093,0.0709087327862,-4.579669976578771e-16
main,scalar_te_0.05,1,0.05,1024,47,1.0,0.05,official-featurewise,31.87271343917681,1.5936356719588405,0.00027345923603050437,0.05,0.1,0.02592178699925464,[0.09516258196404048],0.07354830256774551,0.03677415128387276,0.018887959590843093,0.0709087327862,-4.579669976578771e-16
main,scalar_te_0.05,1,0.05,1024,47,1.0,0.05,samplewise,1.5374014834133465,0.07687007417066732,0.23080000495057007,0.05,0.1,0.02592178699925464,[0.09516258196404048],0.07354830256774551,0.03677415128387276,0.018887959590843093,0.0709087327862,-4.579669976578771e-16
main,scalar_te_0.05,1,0.05,1024,47,1.0,0.2,official-featurewise,31.87271343917681,6.374542687835362,2.2674168320691024e-08,0.05,0.1,0.02592178699925464,[0.09516258196404048],0.07354830256774551,0.03677415128387276,0.018887959590843093,0.0709087327862,-4.579669976578771e-16
main,scalar_te_0.05,1,0.05,1024,47,1.0,0.2,samplewise,1.5374014834133465,0.3074802966826693,0.028782589834705163,0.05,0.1,0.02592178699925464,[0.09516258196404048],0.07354830256774551,0.03677415128387276,0.018887959590843093,0.0709087327862,-4.579669976578771e-16
main,scalar_te_0.05,1,0.05,1024,71,1.0,0.02,official-featurewise,32.113401128938534,0.6422680225787707,0.0094360919155001,0.05,0.1,0.02592178699925464,[0.09516258196404048],0.10753405944213976,0.05376702972106988,0.027948053861944454,0.101954065014,1.4016565685892601e-15
main,scalar_te_0.05,1,0.05,1024,71,1.0,0.02,samplewise,1.547743908281827,0.03095487816563654,0.257456025306082,0.05,0.1,0.02592178699925464,[0.09516258196404048],0.10753405944213976,0.05376702972106988,0.027948053861944454,0.101954065014,1.4016565685892601e-15
main,scalar_te_0.05,1,0.05,1024,71,1.0,0.05,official-featurewise,32.113401128938534,1.6056700564469268,0.0003986120581309649,0.05,0.1,0.02592178699925464,[0.09516258196404048],0.10753405944213976,0.05376702972106988,0.027948053861944454,0.101954065014,1.4016565685892601e-15
main,scalar_te_0.05,1,0.05,1024,71,1.0,0.05,samplewise,1.547743908281827,0.07738719541409135,0.25082692563186626,0.05,0.1,0.02592178699925464,[0.09516258196404048],0.10753405944213976,0.05376702972106988,0.027948053861944454,0.101954065014,1.4016565685892601e-15
main,scalar_te_0.05,1,0.05,1024,71,1.0,0.2,official-featurewise,32.113401128938534,6.422680225787707,3.138513449130187e-08,0.05,0.1,0.02592178699925464,[0.09516258196404048],0.10753405944213976,0.05376702972106988,0.027948053861944454,0.101954065014,1.4016565685892601e-15
main,scalar_te_0.05,1,0.05,1024,71,1.0,0.2,samplewise,1.547743908281827,0.3095487816563654,0.028514047212215843,0.05,0.1,0.02592178699925464,[0.09516258196404048],0.10753405944213976,0.05376702972106988,0.027948053861944454,0.101954065014,1.4016565685892601e-15
main,scalar_te_0.05,1,0.05,1024,101,1.0,0.02,official-featurewise,33.33769907591797,0.6667539815183594,0.006574437708462,0.05,0.1,0.02592178699925464,[0.09516258196404048],0.08784449959733273,0.043922249798666366,0.022673916663299046,0.0840967110193,4.718447854656915e-16
main,scalar_te_0.05,1,0.05,1024,101,1.0,0.02,samplewise,1.6029217864086547,0.032058435728173094,0.2084032917204297,0.05,0.1,0.02592178699925464,[0.09516258196404048],0.08784449959733273,0.043922249798666366,0.022673916663299046,0.0840967110193,4.718447854656915e-16
main,scalar_te_0.05,1,0.05,1024,101,1.0,0.05,official-featurewise,33.33769907591797,1.6668849537958985,0.00030527743219366243,0.05,0.1,0.02592178699925464,[0.09516258196404048],0.08784449959733273,0.043922249798666366,0.022673916663299046,0.0840967110193,4.718447854656915e-16
main,scalar_te_0.05,1,0.05,1024,101,1.0,0.05,samplewise,1.6029217864086547,0.08014608932043274,0.2333502172910933,0.05,0.1,0.02592178699925464,[0.09516258196404048],0.08784449959733273,0.043922249798666366,0.022673916663299046,0.0840967110193,4.718447854656915e-16
main,scalar_te_0.05,1,0.05,1024,101,1.0,0.2,official-featurewise,33.33769907591797,6.667539815183594,2.806198295957074e-08,0.05,0.1,0.02592178699925464,[0.09516258196404048],0.08784449959733273,0.043922249798666366,0.022673916663299046,0.0840967110193,4.718447854656915e-16
main,scalar_te_0.05,1,0.05,1024,101,1.0,0.2,samplewise,1.6029217864086547,0.32058435728173096,0.021816246206942225,0.05,0.1,0.02592178699925464,[0.09516258196404048],0.08784449959733273,0.043922249798666366,0.022673916663299046,0.0840967110193,4.718447854656915e-16
main,scalar_te_0.25,1,0.25,256,11,1.0,0.02,official-featurewise,17.765269225971004,0.35530538451942006,0.07098885809187117,0.25,0.5,0.14645191304295052,[0.3934693402873666],0.4515044104045833,0.22575220520229164,0.1305261669154083,0.363330381609,0.0
main,scalar_te_0.25,1,0.25,256,11,1.0,0.02,samplewise,1.728076773098657,0.034561535461973145,0.22655739498113725,0.25,0.5,0.14645191304295052,[0.3934693402873666],0.4515044104045833,0.22575220520229164,0.1305261669154083,0.363330381609,0.0
main,scalar_te_0.25,1,0.25,256,11,1.0,0.05,official-featurewise,17.765269225971004,0.8882634612985503,0.014444468889362128,0.25,0.5,0.14645191304295052,[0.3934693402873666],0.4515044104045833,0.22575220520229164,0.1305261669154083,0.363330381609,0.0
main,scalar_te_0.25,1,0.25,256,11,1.0,0.05,samplewise,1.728076773098657,0.08640383865493285,0.22505681092151697,0.25,0.5,0.14645191304295052,[0.3934693402873666],0.4515044104045833,0.22575220520229164,0.1305261669154083,0.363330381609,0.0
main,scalar_te_0.25,1,0.25,256,11,1.0,0.2,official-featurewise,17.765269225971004,3.553053845194201,1.9288441752252083e-05,0.25,0.5,0.14645191304295052,[0.3934693402873666],0.4515044104045833,0.22575220520229164,0.1305261669154083,0.363330381609,0.0
main,scalar_te_0.25,1,0.25,256,11,1.0,0.2,samplewise,1.728076773098657,0.3456153546197314,0.07333163150335764,0.25,0.5,0.14645191304295052,[0.3934693402873666],0.4515044104045833,0.22575220520229164,0.1305261669154083,0.363330381609,0.0
main,scalar_te_0.25,1,0.25,256,29,1.0,0.02,official-featurewise,19.60556334118622,0.3921112668237244,0.072896198634119,0.25,0.5,0.14645191304295052,[0.3934693402873666],0.5770156381355767,0.28850781906778833,0.17241542271009153,0.438428198275,-2.220446049250313e-16
main,scalar_te_0.25,1,0.25,256,29,1.0,0.02,samplewise,1.792481761442419,0.03584963522884838,0.19801727481892062,0.25,0.5,0.14645191304295052,[0.3934693402873666],0.5770156381355767,0.28850781906778833,0.17241542271009153,0.438428198275,-2.220446049250313e-16
main,scalar_te_0.25,1,0.25,256,29,1.0,0.05,official-featurewise,19.60556334118622,0.980278167059311,0.016263512746316877,0.25,0.5,0.14645191304295052,[0.3934693402873666],0.5770156381355767,0.28850781906778833,0.17241542271009153,0.438428198275,-2.220446049250313e-16
main,scalar_te_0.25,1,0.25,256,29,1.0,0.05,samplewise,1.792481761442419,0.08962408807212097,0.23135445042481884,0.25,0.5,0.14645191304295052,[0.3934693402873666],0.5770156381355767,0.28850781906778833,0.17241542271009153,0.438428198275,-2.220446049250313e-16
main,scalar_te_0.25,1,0.25,256,29,1.0,0.2,official-featurewise,19.60556334118622,3.921112668237244,1.6994325648056474e-05,0.25,0.5,0.14645191304295052,[0.3934693402873666],0.5770156381355767,0.28850781906778833,0.17241542271009153,0.438428198275,-2.220446049250313e-16
main,scalar_te_0.25,1,0.25,256,29,1.0,0.2,samplewise,1.792481761442419,0.35849635228848387,0.07893377312719885,0.25,0.5,0.14645191304295052,[0.3934693402873666],0.5770156381355767,0.28850781906778833,0.17241542271009153,0.438428198275,-2.220446049250313e-16
main,scalar_te_0.25,1,0.25,256,47,1.0,0.02,official-featurewise,18.400302685845297,0.3680060537169059,0.07828972454480798,0.25,0.5,0.14645191304295052,[0.3934693402873666],0.5485083022121627,0.27425415110608137,0.16271097528842024,0.422188912641,2.220446049250313e-16
main,scalar_te_0.25,1,0.25,256,47,1.0,0.02,samplewise,1.705626542015382,0.03411253084030764,0.19696220974986112,0.25,0.5,0.14645191304295052,[0.3934693402873666],0.5485083022121627,0.27425415110608137,0.16271097528842024,0.422188912641,2.220446049250313e-16
main,scalar_te_0.25,1,0.25,256,47,1.0,0.05,official-featurewise,18.400302685845297,0.9200151342922649,0.012341632007967007,0.25,0.5,0.14645191304295052,[0.3934693402873666],0.5485083022121627,0.27425415110608137,0.16271097528842024,0.422188912641,2.220446049250313e-16
main,scalar_te_0.25,1,0.25,256,47,1.0,0.05,samplewise,1.705626542015382,0.0852813271007691,0.23301078985911516,0.25,0.5,0.14645191304295052,[0.3934693402873666],0.5485083022121627,0.27425415110608137,0.16271097528842024,0.422188912641,2.220446049250313e-16
main,scalar_te_0.25,1,0.25,256,47,1.0,0.2,official-featurewise,18.400302685845297,3.6800605371690596,1.798415490128491e-05,0.25,0.5,0.14645191304295052,[0.3934693402873666],0.5485083022121627,0.27425415110608137,0.16271097528842024,0.422188912641,2.220446049250313e-16
main,scalar_te_0.25,1,0.25,256,47,1.0,0.2,samplewise,1.705626542015382,0.3411253084030764,0.08671421057429818,0.25,0.5,0.14645191304295052,[0.3934693402873666],0.5485083022121627,0.27425415110608137,0.16271097528842024,0.422188912641,2.220446049250313e-16
main,scalar_te_0.25,1,0.25,256,71,1.0,0.02,official-featurewise,17.54861448410249,0.3509722896820498,0.0484763742787333,0.25,0.5,0.14645191304295052,[0.3934693402873666],0.45275624212933896,0.22637812106466948,0.1309330384599629,0.364126886187,-8.881784197001252e-16
main,scalar_te_0.25,1,0.25,256,71,1.0,0.02,samplewise,1.6845057960667695,0.03369011592133539,0.18105964014109333,0.25,0.5,0.14645191304295052,[0.3934693402873666],0.45275624212933896,0.22637812106466948,0.1309330384599629,0.364126886187,-8.881784197001252e-16
main,scalar_te_0.25,1,0.25,256,71,1.0,0.05,official-featurewise,17.54861448410249,0.8774307242051246,0.009280578269585504,0.25,0.5,0.14645191304295052,[0.3934693402873666],0.45275624212933896,0.22637812106466948,0.1309330384599629,0.364126886187,-8.881784197001252e-16
main,scalar_te_0.25,1,0.25,256,71,1.0,0.05,samplewise,1.6845057960667695,0.08422528980333849,0.24108983046992627,0.25,0.5,0.14645191304295052,[0.3934693402873666],0.45275624212933896,0.22637812106466948,0.1309330384599629,0.364126886187,-8.881784197001252e-16
main,scalar_te_0.25,1,0.25,256,71,1.0,0.2,official-featurewise,17.54861448410249,3.5097228968204983,1.9162424273133638e-05,0.25,0.5,0.14645191304295052,[0.3934693402873666],0.45275624212933896,0.22637812106466948,0.1309330384599629,0.364126886187,-8.881784197001252e-16
main,scalar_te_0.25,1,0.25,256,71,1.0,0.2,samplewise,1.6845057960667695,0.33690115921335395,0.05234785190144109,0.25,0.5,0.14645191304295052,[0.3934693402873666],0.45275624212933896,0.22637812106466948,0.1309330384599629,0.364126886187,-8.881784197001252e-16
main,scalar_te_0.25,1,0.25,256,101,1.0,0.02,official-featurewise,18.011436570393823,0.3602287314078765,0.06717188047560185,0.25,0.5,0.14645191304295052,[0.3934693402873666],0.43897464954441073,0.21948732477220537,0.12646623177524285,0.355302877212,-5.551115123125783e-17
main,scalar_te_0.25,1,0.25,256,101,1.0,0.02,samplewise,1.7003288422577025,0.034006576845154055,0.21203680827036475,0.25,0.5,0.14645191304295052,[0.3934693402873666],0.43897464954441073,0.21948732477220537,0.12646623177524285,0.355302877212,-5.551115123125783e-17
main,scalar_te_0.25,1,0.25,256,101,1.0,0.05,official-featurewise,18.011436570393823,0.9005718285196912,0.013989043411672952,0.25,0.5,0.14645191304295052,[0.3934693402873666],0.43897464954441073,0.21948732477220537,0.12646623177524285,0.355302877212,-5.551115123125783e-17
main,scalar_te_0.25,1,0.25,256,101,1.0,0.05,samplewise,1.7003288422577025,0.08501644211288513,0.2210268958579018,0.25,0.5,0.14645191304295052,[0.3934693402873666],0.43897464954441073,0.21948732477220537,0.12646623177524285,0.355302877212,-5.551115123125783e-17
main,scalar_te_0.25,1,0.25,256,101,1.0,0.2,official-featurewise,18.011436570393823,3.602287314078765,2.0352835583992146e-05,0.25,0.5,0.14645191304295052,[0.3934693402873666],0.43897464954441073,0.21948732477220537,0.12646623177524285,0.355302877212,-5.551115123125783e-17
main,scalar_te_0.25,1,0.25,256,101,1.0,0.2,samplewise,1.7003288422577025,0.3400657684515405,0.07211230197417784,0.25,0.5,0.14645191304295052,[0.3934693402873666],0.43897464954441073,0.21948732477220537,0.12646623177524285,0.355302877212,-5.551115123125783e-17
main,scalar_te_0.25,1,0.25,512,11,1.0,0.02,official-featurewise,25.344042084892,0.50688084169784,0.052018587918372106,0.25,0.5,0.14645191304295052,[0.3934693402873666],0.4034265744529739,0.20171328722648696,0.1150728619489512,0.331972924748,-2.220446049250313e-16
main,scalar_te_0.25,1,0.25,512,11,1.0,0.02,samplewise,1.7578847507290478,0.03515769501458096,0.20909162362819878,0.25,0.5,0.14645191304295052,[0.3934693402873666],0.4034265744529739,0.20171328722648696,0.1150728619489512,0.331972924748,-2.220446049250313e-16
main,scalar_te_0.25,1,0.25,512,11,1.0,0.05,official-featurewise,25.344042084892,1.2672021042446,0.004821605395758155,0.25,0.5,0.14645191304295052,[0.3934693402873666],0.4034265744529739,0.20171328722648696,0.1150728619489512,0.331972924748,-2.220446049250313e-16
main,scalar_te_0.25,1,0.25,512,11,1.0,0.05,samplewise,1.7578847507290478,0.0878942375364524,0.25431871491554325,0.25,0.5,0.14645191304295052,[0.3934693402873666],0.4034265744529739,0.20171328722648696,0.1150728619489512,0.331972924748,-2.220446049250313e-16
main,scalar_te_0.25,1,0.25,512,11,1.0,0.2,official-featurewise,25.344042084892,5.0688084169784,1.4699047419242106e-06,0.25,0.5,0.14645191304295052,[0.3934693402873666],0.4034265744529739,0.20171328722648696,0.1150728619489512,0.331972924748,-2.220446049250313e-16
main,scalar_te_0.25,1,0.25,512,11,1.0,0.2,samplewise,1.7578847507290478,0.3515769501458096,0.08502934064904011,0.25,0.5,0.14645191304295052,[0.3934693402873666],0.4034265744529739,0.20171328722648696,0.1150728619489512,0.331972924748,-2.220446049250313e-16
main,scalar_te_0.25,1,0.25,512,29,1.0,0.02,official-featurewise,26.409736623050637,0.5281947324610128,0.050393761529278436,0.25,0.5,0.14645191304295052,[0.3934693402873666],0.5471987723849581,0.27359938619247903,0.16226781360949316,0.421431756136,-1.4432899320127035e-15
main,scalar_te_0.25,1,0.25,512,29,1.0,0.02,samplewise,1.7808492928461601,0.0356169858569232,0.1927857613358004,0.25,0.5,0.14645191304295052,[0.3934693402873666],0.5471987723849581,0.27359938619247903,0.16226781360949316,0.421431756136,-1.4432899320127035e-15
main,scalar_te_0.25,1,0.25,512,29,1.0,0.05,official-featurewise,26.409736623050637,1.320486831152532,0.004901773707487678,0.25,0.5,0.14645191304295052,[0.3934693402873666],0.5471987723849581,0.27359938619247903,0.16226781360949316,0.421431756136,-1.4432899320127035e-15
main,scalar_te_0.25,1,0.25,512,29,1.0,0.05,samplewise,1.7808492928461601,0.08904246464230801,0.2468902454848827,0.25,0.5,0.14645191304295052,[0.3934693402873666],0.5471987723849581,0.27359938619247903,0.16226781360949316,0.421431756136,-1.4432899320127035e-15
main,scalar_te_0.25,1,0.25,512,29,1.0,0.2,official-featurewise,26.409736623050637,5.281947324610128,1.9036909613134867e-06,0.25,0.5,0.14645191304295052,[0.3934693402873666],0.5471987723849581,0.27359938619247903,0.16226781360949316,0.421431756136,-1.4432899320127035e-15
main,scalar_te_0.25,1,0.25,512,29,1.0,0.2,samplewise,1.7808492928461601,0.35616985856923206,0.07671749951957096,0.25,0.5,0.14645191304295052,[0.3934693402873666],0.5471987723849581,0.27359938619247903,0.16226781360949316,0.421431756136,-1.4432899320127035e-15
main,scalar_te_0.25,1,0.25,512,47,1.0,0.02,official-featurewise,24.854273559152222,0.49708547118304447,0.053202028908259535,0.25,0.5,0.14645191304295052,[0.3934693402873666],0.4032870256957009,0.20164351284785045,0.11502850386805068,0.331879695895,3.3306690738754696e-16
main,scalar_te_0.25,1,0.25,512,47,1.0,0.02,samplewise,1.6578234749259988,0.033156469498519976,0.2329022153912801,0.25,0.5,0.14645191304295052,[0.3934693402873666],0.4032870256957009,0.20164351284785045,0.11502850386805068,0.331879695895,3.3306690738754696e-16
main,scalar_te_0.25,1,0.25,512,47,1.0,0.05,official-featurewise,24.854273559152222,1.2427136779576111,0.004698652215488153,0.25,0.5,0.14645191304295052,[0.3934693402873666],0.4032870256957009,0.20164351284785045,0.11502850386805068,0.331879695895,3.3306690738754696e-16
main,scalar_te_0.25,1,0.25,512,47,1.0,0.05,samplewise,1.6578234749259988,0.08289117374629995,0.2696457558157235,0.25,0.5,0.14645191304295052,[0.3934693402873666],0.4032870256957009,0.20164351284785045,0.11502850386805068,0.331879695895,3.3306690738754696e-16
main,scalar_te_0.25,1,0.25,512,47,1.0,0.2,official-featurewise,24.854273559152222,4.9708547118304445,1.3169607413487938e-06,0.25,0.5,0.14645191304295052,[0.3934693402873666],0.4032870256957009,0.20164351284785045,0.11502850386805068,0.331879695895,3.3306690738754696e-16
main,scalar_te_0.25,1,0.25,512,47,1.0,0.2,samplewise,1.6578234749259988,0.3315646949851998,0.08150993923153749,0.25,0.5,0.14645191304295052,[0.3934693402873666],0.4032870256957009,0.20164351284785045,0.11502850386805068,0.331879695895,3.3306690738754696e-16
main,scalar_te_0.25,1,0.25,512,71,1.0,0.02,official-featurewise,24.773175112229577,0.49546350224459157,0.046685156647800596,0.25,0.5,0.14645191304295052,[0.3934693402873666],0.5273986721353755,0.26369933606768775,0.15559564953039484,0.409861882567,-7.771561172376096e-16
main,scalar_te_0.25,1,0.25,512,71,1.0,0.02,samplewise,1.7263766697036125,0.03452753339407225,0.21173321368180353,0.25,0.5,0.14645191304295052,[0.3934693402873666],0.5273986721353755,0.26369933606768775,0.15559564953039484,0.409861882567,-7.771561172376096e-16
main,scalar_te_0.25,1,0.25,512,71,1.0,0.05,official-featurewise,24.773175112229577,1.238658755611479,0.005058357869337726,0.25,0.5,0.14645191304295052,[0.3934693402873666],0.5273986721353755,0.26369933606768775,0.15559564953039484,0.409861882567,-7.771561172376096e-16
main,scalar_te_0.25,1,0.25,512,71,1.0,0.05,samplewise,1.7263766697036125,0.08631883348518063,0.23606263832940932,0.25,0.5,0.14645191304295052,[0.3934693402873666],0.5273986721353755,0.26369933606768775,0.15559564953039484,0.409861882567,-7.771561172376096e-16
main,scalar_te_0.25,1,0.25,512,71,1.0,0.2,official-featurewise,24.773175112229577,4.954635022445916,2.23595500870033e-06,0.25,0.5,0.14645191304295052,[0.3934693402873666],0.5273986721353755,0.26369933606768775,0.15559564953039484,0.409861882567,-7.771561172376096e-16
main,scalar_te_0.25,1,0.25,512,71,1.0,0.2,samplewise,1.7263766697036125,0.3452753339407225,0.06671551160832223,0.25,0.5,0.14645191304295052,[0.3934693402873666],0.5273986721353755,0.26369933606768775,0.15559564953039484,0.409861882567,-7.771561172376096e-16
main,scalar_te_0.25,1,0.25,512,101,1.0,0.02,official-featurewise,26.50797780585954,0.5301595561171908,0.045276032904695285,0.25,0.5,0.14645191304295052,[0.3934693402873666],0.4363082600885376,0.2181541300442688,0.12560520278053772,0.353581569783,9.43689570931383e-16
main,scalar_te_0.25,1,0.25,512,101,1.0,0.02,samplewise,1.8147178842170155,0.03629435768434031,0.17943775541831553,0.25,0.5,0.14645191304295052,[0.3934693402873666],0.4363082600885376,0.2181541300442688,0.12560520278053772,0.353581569783,9.43689570931383e-16
main,scalar_te_0.25,1,0.25,512,101,1.0,0.05,official-featurewise,26.50797780585954,1.325398890292977,0.00468712877443167,0.25,0.5,0.14645191304295052,[0.3934693402873666],0.4363082600885376,0.2181541300442688,0.12560520278053772,0.353581569783,9.43689570931383e-16
main,scalar_te_0.25,1,0.25,512,101,1.0,0.05,samplewise,1.8147178842170155,0.09073589421085078,0.2323439306813153,0.25,0.5,0.14645191304295052,[0.3934693402873666],0.4363082600885376,0.2181541300442688,0.12560520278053772,0.353581569783,9.43689570931383e-16
main,scalar_te_0.25,1,0.25,512,101,1.0,0.2,official-featurewise,26.50797780585954,5.301595561171908,1.3872842998807755e-06,0.25,0.5,0.14645191304295052,[0.3934693402873666],0.4363082600885376,0.2181541300442688,0.12560520278053772,0.353581569783,9.43689570931383e-16
main,scalar_te_0.25,1,0.25,512,101,1.0,0.2,samplewise,1.8147178842170155,0.3629435768434031,0.07037200816120048,0.25,0.5,0.14645191304295052,[0.3934693402873666],0.4363082600885376,0.2181541300442688,0.12560520278053772,0.353581569783,9.43689570931383e-16
main,scalar_te_0.25,1,0.25,1024,11,1.0,0.02,official-featurewise,37.04086330238333,0.7408172660476666,0.026686147897276413,0.25,0.5,0.14645191304295052,[0.3934693402873666],0.5386978117614282,0.2693489058807141,0.15939664053237118,0.41649240541,-1.3322676295501878e-15
main,scalar_te_0.25,1,0.25,1024,11,1.0,0.02,samplewise,1.7875253713076447,0.03575050742615289,0.2392352686771364,0.25,0.5,0.14645191304295052,[0.3934693402873666],0.5386978117614282,0.2693489058807141,0.15939664053237118,0.41649240541,-1.3322676295501878e-15
main,scalar_te_0.25,1,0.25,1024,11,1.0,0.05,official-featurewise,37.04086330238333,1.8520431651191664,0.001256029612676457,0.25,0.5,0.14645191304295052,[0.3934693402873666],0.5386978117614282,0.2693489058807141,0.15939664053237118,0.41649240541,-1.3322676295501878e-15
main,scalar_te_0.25,1,0.25,1024,11,1.0,0.05,samplewise,1.7875253713076447,0.08937626856538224,0.24259800613052818,0.25,0.5,0.14645191304295052,[0.3934693402873666],0.5386978117614282,0.2693489058807141,0.15939664053237118,0.41649240541,-1.3322676295501878e-15
main,scalar_te_0.25,1,0.25,1024,11,1.0,0.2,official-featurewise,37.04086330238333,7.408172660476666,1.568254823780535e-07,0.25,0.5,0.14645191304295052,[0.3934693402873666],0.5386978117614282,0.2693489058807141,0.15939664053237118,0.41649240541,-1.3322676295501878e-15
main,scalar_te_0.25,1,0.25,1024,11,1.0,0.2,samplewise,1.7875253713076447,0.35750507426152894,0.08204628308982365,0.25,0.5,0.14645191304295052,[0.3934693402873666],0.5386978117614282,0.2693489058807141,0.15939664053237118,0.41649240541,-1.3322676295501878e-15
main,scalar_te_0.25,1,0.25,1024,29,1.0,0.02,official-featurewise,37.44207850680718,0.7488415701361436,0.029904106104609696,0.25,0.5,0.14645191304295052,[0.3934693402873666],0.5107063363623878,0.2553531681811939,0.15001253474548693,0.399928423289,-1.9984014443252818e-15
main,scalar_te_0.25,1,0.25,1024,29,1.0,0.02,samplewise,1.8184367951408116,0.03636873590281623,0.21355492029199574,0.25,0.5,0.14645191304295052,[0.3934693402873666],0.5107063363623878,0.2553531681811939,0.15001253474548693,0.399928423289,-1.9984014443252818e-15
main,scalar_te_0.25,1,0.25,1024,29,1.0,0.05,official-featurewise,37.44207850680718,1.872103925340359,0.0011803598092257062,0.25,0.5,0.14645191304295052,[0.3934693402873666],0.5107063363623878,0.2553531681811939,0.15001253474548693,0.399928423289,-1.9984014443252818e-15
main,scalar_te_0.25,1,0.25,1024,29,1.0,0.05,samplewise,1.8184367951408116,0.09092183975704059,0.2332221044557432,0.25,0.5,0.14645191304295052,[0.3934693402873666],0.5107063363623878,0.2553531681811939,0.15001253474548693,0.399928423289,-1.9984014443252818e-15
main,scalar_te_0.25,1,0.25,1024,29,1.0,0.2,official-featurewise,37.44207850680718,7.488415701361436,1.4019050453839554e-07,0.25,0.5,0.14645191304295052,[0.3934693402873666],0.5107063363623878,0.2553531681811939,0.15001253474548693,0.399928423289,-1.9984014443252818e-15
main,scalar_te_0.25,1,0.25,1024,29,1.0,0.2,samplewise,1.8184367951408116,0.36368735902816235,0.08856240264096726,0.25,0.5,0.14645191304295052,[0.3934693402873666],0.5107063363623878,0.2553531681811939,0.15001253474548693,0.399928423289,-1.9984014443252818e-15
main,scalar_te_0.25,1,0.25,1024,47,1.0,0.02,official-featurewise,35.46677996681001,0.7093355993362002,0.024798982355747512,0.25,0.5,0.14645191304295052,[0.3934693402873666],0.43337591532215886,0.21668795766107943,0.1246594889420266,0.351683266202,-2.7755575615628914e-16
main,scalar_te_0.25,1,0.25,1024,47,1.0,0.02,samplewise,1.7099876077043863,0.03419975215408773,0.2471880292625901,0.25,0.5,0.14645191304295052,[0.3934693402873666],0.43337591532215886,0.21668795766107943,0.1246594889420266,0.351683266202,-2.7755575615628914e-16
main,scalar_te_0.25,1,0.25,1024,47,1.0,0.05,official-featurewise,35.46677996681001,1.7733389983405006,0.0010356694923885357,0.25,0.5,0.14645191304295052,[0.3934693402873666],0.43337591532215886,0.21668795766107943,0.1246594889420266,0.351683266202,-2.7755575615628914e-16
main,scalar_te_0.25,1,0.25,1024,47,1.0,0.05,samplewise,1.7099876077043863,0.08549938038521931,0.2528659554931121,0.25,0.5,0.14645191304295052,[0.3934693402873666],0.43337591532215886,0.21668795766107943,0.1246594889420266,0.351683266202,-2.7755575615628914e-16
main,scalar_te_0.25,1,0.25,1024,47,1.0,0.2,official-featurewise,35.46677996681001,7.093355993362002,1.1796972643196568e-07,0.25,0.5,0.14645191304295052,[0.3934693402873666],0.43337591532215886,0.21668795766107943,0.1246594889420266,0.351683266202,-2.7755575615628914e-16
main,scalar_te_0.25,1,0.25,1024,47,1.0,0.2,samplewise,1.7099876077043863,0.34199752154087726,0.07313694140112759,0.25,0.5,0.14645191304295052,[0.3934693402873666],0.43337591532215886,0.21668795766107943,0.1246594889420266,0.351683266202,-2.7755575615628914e-16
main,scalar_te_0.25,1,0.25,1024,71,1.0,0.02,official-featurewise,35.97431322019848,0.7194862644039697,0.02692034201580995,0.25,0.5,0.14645191304295052,[0.3934693402873666],0.5017167526145875,0.25085837630729374,0.14702177942326017,0.394509710099,2.220446049250313e-16
main,scalar_te_0.25,1,0.25,1024,71,1.0,0.02,samplewise,1.7425517920610538,0.034851035841221074,0.25022960338979594,0.25,0.5,0.14645191304295052,[0.3934693402873666],0.5017167526145875,0.25085837630729374,0.14702177942326017,0.394509710099,2.220446049250313e-16
main,scalar_te_0.25,1,0.25,1024,71,1.0,0.05,official-featurewise,35.97431322019848,1.7987156610099242,0.0012155407465215262,0.25,0.5,0.14645191304295052,[0.3934693402873666],0.5017167526145875,0.25085837630729374,0.14702177942326017,0.394509710099,2.220446049250313e-16
main,scalar_te_0.25,1,0.25,1024,71,1.0,0.05,samplewise,1.7425517920610538,0.0871275896030527,0.23054926935388487,0.25,0.5,0.14645191304295052,[0.3934693402873666],0.5017167526145875,0.25085837630729374,0.14702177942326017,0.394509710099,2.220446049250313e-16
main,scalar_te_0.25,1,0.25,1024,71,1.0,0.2,official-featurewise,35.97431322019848,7.194862644039697,1.3438107160368418e-07,0.25,0.5,0.14645191304295052,[0.3934693402873666],0.5017167526145875,0.25085837630729374,0.14702177942326017,0.394509710099,2.220446049250313e-16
main,scalar_te_0.25,1,0.25,1024,71,1.0,0.2,samplewise,1.7425517920610538,0.3485103584122108,0.0806853868230597,0.25,0.5,0.14645191304295052,[0.3934693402873666],0.5017167526145875,0.25085837630729374,0.14702177942326017,0.394509710099,2.220446049250313e-16
main,scalar_te_0.25,1,0.25,1024,101,1.0,0.02,official-featurewise,37.675543308885715,0.7535108661777143,0.026704087852390757,0.25,0.5,0.14645191304295052,[0.3934693402873666],0.4912013420726598,0.2456006710363299,0.14353772968341982,0.388109137777,3.3306690738754696e-16
main,scalar_te_0.25,1,0.25,1024,101,1.0,0.02,samplewise,1.792792562759158,0.03585585125518316,0.23852511026746193,0.25,0.5,0.14645191304295052,[0.3934693402873666],0.4912013420726598,0.2456006710363299,0.14353772968341982,0.388109137777,3.3306690738754696e-16
main,scalar_te_0.25,1,0.25,1024,101,1.0,0.05,official-featurewise,37.675543308885715,1.8837771654442859,0.0011354921525139616,0.25,0.5,0.14645191304295052,[0.3934693402873666],0.4912013420726598,0.2456006710363299,0.14353772968341982,0.388109137777,3.3306690738754696e-16
main,scalar_te_0.25,1,0.25,1024,101,1.0,0.05,samplewise,1.792792562759158,0.08963962813795791,0.23732032376089585,0.25,0.5,0.14645191304295052,[0.3934693402873666],0.4912013420726598,0.2456006710363299,0.14353772968341982,0.388109137777,3.3306690738754696e-16
main,scalar_te_0.25,1,0.25,1024,101,1.0,0.2,official-featurewise,37.675543308885715,7.5351086617771434,1.2879729638370918e-07,0.25,0.5,0.14645191304295052,[0.3934693402873666],0.4912013420726598,0.2456006710363299,0.14353772968341982,0.388109137777,3.3306690738754696e-16
main,scalar_te_0.25,1,0.25,1024,101,1.0,0.2,samplewise,1.792792562759158,0.35855851255183163,0.08143320770606977,0.25,0.5,0.14645191304295052,[0.3934693402873666],0.4912013420726598,0.2456006710363299,0.14353772968341982,0.388109137777,3.3306690738754696e-16
main,scalar_te_0.75,1,0.75,256,11,1.0,0.02,official-featurewise,25.415398830007046,0.5083079766001409,0.08039397387560854,0.75,1.5,0.5340586256787394,[0.7768698398515702],1.4417636068931399,0.7208818034465699,0.5090831174401642,0.763489720503,1.3322676295501878e-15
main,scalar_te_0.75,1,0.75,256,11,1.0,0.02,samplewise,2.5220845108501027,0.05044169021700205,0.1722097067330477,0.75,1.5,0.5340586256787394,[0.7768698398515702],1.4417636068931399,0.7208818034465699,0.5090831174401642,0.763489720503,1.3322676295501878e-15
main,scalar_te_0.75,1,0.75,256,11,1.0,0.05,official-featurewise,25.415398830007046,1.2707699415003524,0.011419188488847709,0.75,1.5,0.5340586256787394,[0.7768698398515702],1.4417636068931399,0.7208818034465699,0.5090831174401642,0.763489720503,1.3322676295501878e-15
main,scalar_te_0.75,1,0.75,256,11,1.0,0.05,samplewise,2.5220845108501027,0.12610422554250514,0.2621323104126052,0.75,1.5,0.5340586256787394,[0.7768698398515702],1.4417636068931399,0.7208818034465699,0.5090831174401642,0.763489720503,1.3322676295501878e-15
main,scalar_te_0.75,1,0.75,256,11,1.0,0.2,official-featurewise,25.415398830007046,5.0830797660014095,2.0572560639919857e-05,0.75,1.5,0.5340586256787394,[0.7768698398515702],1.4417636068931399,0.7208818034465699,0.5090831174401642,0.763489720503,1.3322676295501878e-15
main,scalar_te_0.75,1,0.75,256,11,1.0,0.2,samplewise,2.5220845108501027,0.5044169021700206,0.08125867299824385,0.75,1.5,0.5340586256787394,[0.7768698398515702],1.4417636068931399,0.7208818034465699,0.5090831174401642,0.763489720503,1.3322676295501878e-15
main,scalar_te_0.75,1,0.75,256,29,1.0,0.02,official-featurewise,28.309894867654524,0.5661978973530905,0.06632560490609052,0.75,1.5,0.5340586256787394,[0.7768698398515702],1.5938302943524065,0.7969151471762033,0.574754241226384,0.796853989381,6.661338147750939e-15
main,scalar_te_0.75,1,0.75,256,29,1.0,0.02,samplewise,2.705641126950464,0.05411282253900928,0.18239132131795532,0.75,1.5,0.5340586256787394,[0.7768698398515702],1.5938302943524065,0.7969151471762033,0.574754241226384,0.796853989381,6.661338147750939e-15
main,scalar_te_0.75,1,0.75,256,29,1.0,0.05,official-featurewise,28.309894867654524,1.4154947433827263,0.010585648072069631,0.75,1.5,0.5340586256787394,[0.7768698398515702],1.5938302943524065,0.7969151471762033,0.574754241226384,0.796853989381,6.661338147750939e-15
main,scalar_te_0.75,1,0.75,256,29,1.0,0.05,samplewise,2.705641126950464,0.1352820563475232,0.23045321730419843,0.75,1.5,0.5340586256787394,[0.7768698398515702],1.5938302943524065,0.7969151471762033,0.574754241226384,0.796853989381,6.661338147750939e-15
main,scalar_te_0.75,1,0.75,256,29,1.0,0.2,official-featurewise,28.309894867654524,5.661978973530905,1.4277725291833576e-05,0.75,1.5,0.5340586256787394,[0.7768698398515702],1.5938302943524065,0.7969151471762033,0.574754241226384,0.796853989381,6.661338147750939e-15
main,scalar_te_0.75,1,0.75,256,29,1.0,0.2,samplewise,2.705641126950464,0.5411282253900928,0.07122473979435817,0.75,1.5,0.5340586256787394,[0.7768698398515702],1.5938302943524065,0.7969151471762033,0.574754241226384,0.796853989381,6.661338147750939e-15
main,scalar_te_0.75,1,0.75,256,47,1.0,0.02,official-featurewise,26.27791247709243,0.5255582495418486,0.06490326452059314,0.75,1.5,0.5340586256787394,[0.7768698398515702],1.5491304790300386,0.7745652395150193,0.5552993503889211,0.787567391849,2.220446049250313e-16
main,scalar_te_0.75,1,0.75,256,47,1.0,0.02,samplewise,2.531284739368419,0.05062569478736838,0.15245257695261305,0.75,1.5,0.5340586256787394,[0.7768698398515702],1.5491304790300386,0.7745652395150193,0.5552993503889211,0.787567391849,2.220446049250313e-16
main,scalar_te_0.75,1,0.75,256,47,1.0,0.05,official-featurewise,26.27791247709243,1.3138956238546216,0.009234673444961317,0.75,1.5,0.5340586256787394,[0.7768698398515702],1.5491304790300386,0.7745652395150193,0.5552993503889211,0.787567391849,2.220446049250313e-16
main,scalar_te_0.75,1,0.75,256,47,1.0,0.05,samplewise,2.531284739368419,0.12656423696842095,0.1824394510650702,0.75,1.5,0.5340586256787394,[0.7768698398515702],1.5491304790300386,0.7745652395150193,0.5552993503889211,0.787567391849,2.220446049250313e-16
main,scalar_te_0.75,1,0.75,256,47,1.0,0.2,official-featurewise,26.27791247709243,5.255582495418486,1.5776976731274317e-05,0.75,1.5,0.5340586256787394,[0.7768698398515702],1.5491304790300386,0.7745652395150193,0.5552993503889211,0.787567391849,2.220446049250313e-16
main,scalar_te_0.75,1,0.75,256,47,1.0,0.2,samplewise,2.531284739368419,0.5062569478736838,0.06893572006273274,0.75,1.5,0.5340586256787394,[0.7768698398515702],1.5491304790300386,0.7745652395150193,0.5552993503889211,0.787567391849,2.220446049250313e-16
main,scalar_te_0.75,1,0.75,256,71,1.0,0.02,official-featurewise,24.798495809504285,0.49596991619008574,0.0707325751080834,0.75,1.5,0.5340586256787394,[0.7768698398515702],1.3904081032742424,0.6952040516371212,0.48724884527018036,0.751026323077,1.1102230246251565e-15
main,scalar_te_0.75,1,0.75,256,71,1.0,0.02,samplewise,2.424689728078332,0.04849379456156665,0.3165885933365873,0.75,1.5,0.5340586256787394,[0.7768698398515702],1.3904081032742424,0.6952040516371212,0.48724884527018036,0.751026323077,1.1102230246251565e-15
main,scalar_te_0.75,1,0.75,256,71,1.0,0.05,official-featurewise,24.798495809504285,1.2399247904752144,0.009032353254763592,0.75,1.5,0.5340586256787394,[0.7768698398515702],1.3904081032742424,0.6952040516371212,0.48724884527018036,0.751026323077,1.1102230246251565e-15
main,scalar_te_0.75,1,0.75,256,71,1.0,0.05,samplewise,2.424689728078332,0.12123448640391661,0.30130743875045773,0.75,1.5,0.5340586256787394,[0.7768698398515702],1.3904081032742424,0.6952040516371212,0.48724884527018036,0.751026323077,1.1102230246251565e-15
main,scalar_te_0.75,1,0.75,256,71,1.0,0.2,official-featurewise,24.798495809504285,4.959699161900858,1.825960806911553e-05,0.75,1.5,0.5340586256787394,[0.7768698398515702],1.3904081032742424,0.6952040516371212,0.48724884527018036,0.751026323077,1.1102230246251565e-15
main,scalar_te_0.75,1,0.75,256,71,1.0,0.2,samplewise,2.424689728078332,0.48493794561566644,0.07361061086134058,0.75,1.5,0.5340586256787394,[0.7768698398515702],1.3904081032742424,0.6952040516371212,0.48724884527018036,0.751026323077,1.1102230246251565e-15
main,scalar_te_0.75,1,0.75,256,101,1.0,0.02,official-featurewise,25.948970811871405,0.5189794162374282,0.07911360728303585,0.75,1.5,0.5340586256787394,[0.7768698398515702],1.4687280146644868,0.7343640073322434,0.520619314638655,0.769781866885,-8.881784197001252e-16
main,scalar_te_0.75,1,0.75,256,101,1.0,0.02,samplewise,2.537518084374891,0.05075036168749782,0.21917378631677753,0.75,1.5,0.5340586256787394,[0.7768698398515702],1.4687280146644868,0.7343640073322434,0.520619314638655,0.769781866885,-8.881784197001252e-16
main,scalar_te_0.75,1,0.75,256,101,1.0,0.05,official-featurewise,25.948970811871405,1.2974485405935703,0.012854600989520293,0.75,1.5,0.5340586256787394,[0.7768698398515702],1.4687280146644868,0.7343640073322434,0.520619314638655,0.769781866885,-8.881784197001252e-16
main,scalar_te_0.75,1,0.75,256,101,1.0,0.05,samplewise,2.537518084374891,0.12687590421874456,0.23025445924937138,0.75,1.5,0.5340586256787394,[0.7768698398515702],1.4687280146644868,0.7343640073322434,0.520619314638655,0.769781866885,-8.881784197001252e-16
main,scalar_te_0.75,1,0.75,256,101,1.0,0.2,official-featurewise,25.948970811871405,5.189794162374281,2.0269129581862444e-05,0.75,1.5,0.5340586256787394,[0.7768698398515702],1.4687280146644868,0.7343640073322434,0.520619314638655,0.769781866885,-8.881784197001252e-16
main,scalar_te_0.75,1,0.75,256,101,1.0,0.2,samplewise,2.537518084374891,0.5075036168749782,0.08195522972041225,0.75,1.5,0.5340586256787394,[0.7768698398515702],1.4687280146644868,0.7343640073322434,0.520619314638655,0.769781866885,-8.881784197001252e-16
main,scalar_te_0.75,1,0.75,512,11,1.0,0.02,official-featurewise,36.032456663625155,0.7206491332725031,0.04480832739436025,0.75,1.5,0.5340586256787394,[0.7768698398515702],1.3478819839516982,0.6739409919758491,0.46930938169301273,0.740210082436,-8.881784197001252e-16
main,scalar_te_0.75,1,0.75,512,11,1.0,0.02,samplewise,2.559786239995464,0.051195724799909276,0.21141164545938285,0.75,1.5,0.5340586256787394,[0.7768698398515702],1.3478819839516982,0.6739409919758491,0.46930938169301273,0.740210082436,-8.881784197001252e-16
main,scalar_te_0.75,1,0.75,512,11,1.0,0.05,official-featurewise,36.032456663625155,1.8016228331812578,0.004125287997336358,0.75,1.5,0.5340586256787394,[0.7768698398515702],1.3478819839516982,0.6739409919758491,0.46930938169301273,0.740210082436,-8.881784197001252e-16
main,scalar_te_0.75,1,0.75,512,11,1.0,0.05,samplewise,2.559786239995464,0.1279893119997732,0.25477222389069354,0.75,1.5,0.5340586256787394,[0.7768698398515702],1.3478819839516982,0.6739409919758491,0.46930938169301273,0.740210082436,-8.881784197001252e-16
main,scalar_te_0.75,1,0.75,512,11,1.0,0.2,official-featurewise,36.032456663625155,7.206491332725031,1.7375622860527073e-06,0.75,1.5,0.5340586256787394,[0.7768698398515702],1.3478819839516982,0.6739409919758491,0.46930938169301273,0.740210082436,-8.881784197001252e-16
main,scalar_te_0.75,1,0.75,512,11,1.0,0.2,samplewise,2.559786239995464,0.5119572479990928,0.08211770138239416,0.75,1.5,0.5340586256787394,[0.7768698398515702],1.3478819839516982,0.6739409919758491,0.46930938169301273,0.740210082436,-8.881784197001252e-16
main,scalar_te_0.75,1,0.75,512,29,1.0,0.02,official-featurewise,38.571837329466526,0.7714367465893305,0.03539111501415704,0.75,1.5,0.5340586256787394,[0.7768698398515702],1.555340508349823,0.7776702541749115,0.5579948952024185,0.788882516865,2.220446049250313e-16
main,scalar_te_0.75,1,0.75,512,29,1.0,0.02,samplewise,2.642707562410035,0.052854151248200705,0.204384813046107,0.75,1.5,0.5340586256787394,[0.7768698398515702],1.555340508349823,0.7776702541749115,0.5579948952024185,0.788882516865,2.220446049250313e-16
main,scalar_te_0.75,1,0.75,512,29,1.0,0.05,official-featurewise,38.571837329466526,1.9285918664733264,0.003363830962499037,0.75,1.5,0.5340586256787394,[0.7768698398515702],1.555340508349823,0.7776702541749115,0.5579948952024185,0.788882516865,2.220446049250313e-16
main,scalar_te_0.75,1,0.75,512,29,1.0,0.05,samplewise,2.642707562410035,0.13213537812050177,0.23049045710338767,0.75,1.5,0.5340586256787394,[0.7768698398515702],1.555340508349823,0.7776702541749115,0.5579948952024185,0.788882516865,2.220446049250313e-16
main,scalar_te_0.75,1,0.75,512,29,1.0,0.2,official-featurewise,38.571837329466526,7.7143674658933055,1.4891149149320881e-06,0.75,1.5,0.5340586256787394,[0.7768698398515702],1.555340508349823,0.7776702541749115,0.5579948952024185,0.788882516865,2.220446049250313e-16
main,scalar_te_0.75,1,0.75,512,29,1.0,0.2,samplewise,2.642707562410035,0.5285415124820071,0.07001399198299652,0.75,1.5,0.5340586256787394,[0.7768698398515702],1.555340508349823,0.7776702541749115,0.5579948952024185,0.788882516865,2.220446049250313e-16
main,scalar_te_0.75,1,0.75,512,47,1.0,0.02,official-featurewise,35.38147734967809,0.7076295469935618,0.0497451075793407,0.75,1.5,0.5340586256787394,[0.7768698398515702],1.4030031703867727,0.7015015851933863,0.49258679268369254,0.754142497837,1.1102230246251565e-15
main,scalar_te_0.75,1,0.75,512,47,1.0,0.02,samplewise,2.4554557800148773,0.04910911560029755,0.19605817399514613,0.75,1.5,0.5340586256787394,[0.7768698398515702],1.4030031703867727,0.7015015851933863,0.49258679268369254,0.754142497837,1.1102230246251565e-15
main,scalar_te_0.75,1,0.75,512,47,1.0,0.05,official-featurewise,35.38147734967809,1.7690738674839048,0.0045277167801245355,0.75,1.5,0.5340586256787394,[0.7768698398515702],1.4030031703867727,0.7015015851933863,0.49258679268369254,0.754142497837,1.1102230246251565e-15
main,scalar_te_0.75,1,0.75,512,47,1.0,0.05,samplewise,2.4554557800148773,0.12277278900074387,0.22419224933666193,0.75,1.5,0.5340586256787394,[0.7768698398515702],1.4030031703867727,0.7015015851933863,0.49258679268369254,0.754142497837,1.1102230246251565e-15
main,scalar_te_0.75,1,0.75,512,47,1.0,0.2,official-featurewise,35.38147734967809,7.076295469935619,1.6147573944635951e-06,0.75,1.5,0.5340586256787394,[0.7768698398515702],1.4030031703867727,0.7015015851933863,0.49258679268369254,0.754142497837,1.1102230246251565e-15
main,scalar_te_0.75,1,0.75,512,47,1.0,0.2,samplewise,2.4554557800148773,0.4910911560029755,0.09328585943908863,0.75,1.5,0.5340586256787394,[0.7768698398515702],1.4030031703867727,0.7015015851933863,0.49258679268369254,0.754142497837,1.1102230246251565e-15
main,scalar_te_0.75,1,0.75,512,71,1.0,0.02,official-featurewise,35.42273533215323,0.7084547066430646,0.04342825309452891,0.75,1.5,0.5340586256787394,[0.7768698398515702],1.4824201338624279,0.7412100669312139,0.5264957151396212,0.772912559189,3.1086244689504383e-15
main,scalar_te_0.75,1,0.75,512,71,1.0,0.02,samplewise,2.527349303390456,0.05054698606780912,0.2188792787306344,0.75,1.5,0.5340586256787394,[0.7768698398515702],1.4824201338624279,0.7412100669312139,0.5264957151396212,0.772912559189,3.1086244689504383e-15
main,scalar_te_0.75,1,0.75,512,71,1.0,0.05,official-featurewise,35.42273533215323,1.7711367666076616,0.003825717959081487,0.75,1.5,0.5340586256787394,[0.7768698398515702],1.4824201338624279,0.7412100669312139,0.5264957151396212,0.772912559189,3.1086244689504383e-15
main,scalar_te_0.75,1,0.75,512,71,1.0,0.05,samplewise,2.527349303390456,0.1263674651695228,0.2771138249363805,0.75,1.5,0.5340586256787394,[0.7768698398515702],1.4824201338624279,0.7412100669312139,0.5264957151396212,0.772912559189,3.1086244689504383e-15
main,scalar_te_0.75,1,0.75,512,71,1.0,0.2,official-featurewise,35.42273533215323,7.0845470664306465,1.9926225292010713e-06,0.75,1.5,0.5340586256787394,[0.7768698398515702],1.4824201338624279,0.7412100669312139,0.5264957151396212,0.772912559189,3.1086244689504383e-15
main,scalar_te_0.75,1,0.75,512,71,1.0,0.2,samplewise,2.527349303390456,0.5054698606780912,0.08143972842859881,0.75,1.5,0.5340586256787394,[0.7768698398515702],1.4824201338624279,0.7412100669312139,0.5264957151396212,0.772912559189,3.1086244689504383e-15
main,scalar_te_0.75,1,0.75,512,101,1.0,0.02,official-featurewise,37.658012840148096,0.753160256802962,0.04051765083804426,0.75,1.5,0.5340586256787394,[0.7768698398515702],1.3963583868252507,0.6981791934126254,0.48976925852451003,0.752503388215,-2.220446049250313e-16
main,scalar_te_0.75,1,0.75,512,101,1.0,0.02,samplewise,2.659858234200835,0.0531971646840167,0.18300460894139636,0.75,1.5,0.5340586256787394,[0.7768698398515702],1.3963583868252507,0.6981791934126254,0.48976925852451003,0.752503388215,-2.220446049250313e-16
main,scalar_te_0.75,1,0.75,512,101,1.0,0.05,official-featurewise,37.658012840148096,1.8829006420074048,0.00394309927148484,0.75,1.5,0.5340586256787394,[0.7768698398515702],1.3963583868252507,0.6981791934126254,0.48976925852451003,0.752503388215,-2.220446049250313e-16
main,scalar_te_0.75,1,0.75,512,101,1.0,0.05,samplewise,2.659858234200835,0.13299291171004177,0.1934819789385145,0.75,1.5,0.5340586256787394,[0.7768698398515702],1.3963583868252507,0.6981791934126254,0.48976925852451003,0.752503388215,-2.220446049250313e-16
main,scalar_te_0.75,1,0.75,512,101,1.0,0.2,official-featurewise,37.658012840148096,7.531602568029619,1.436132457399708e-06,0.75,1.5,0.5340586256787394,[0.7768698398515702],1.3963583868252507,0.6981791934126254,0.48976925852451003,0.752503388215,-2.220446049250313e-16
main,scalar_te_0.75,1,0.75,512,101,1.0,0.2,samplewise,2.659858234200835,0.5319716468401671,0.07410664723215987,0.75,1.5,0.5340586256787394,[0.7768698398515702],1.3963583868252507,0.6981791934126254,0.48976925852451003,0.752503388215,-2.220446049250313e-16
main,scalar_te_0.75,1,0.75,1024,11,1.0,0.02,official-featurewise,53.79614999121039,1.075922999824208,0.01976217794177515,0.75,1.5,0.5340586256787394,[0.7768698398515702],1.5568194768868056,0.7784097384434028,0.5586372106517287,0.789194522201,-4.440892098500626e-15
main,scalar_te_0.75,1,0.75,1024,11,1.0,0.02,samplewise,2.681597382798674,0.05363194765597348,0.2227526052797053,0.75,1.5,0.5340586256787394,[0.7768698398515702],1.5568194768868056,0.7784097384434028,0.5586372106517287,0.789194522201,-4.440892098500626e-15
main,scalar_te_0.75,1,0.75,1024,11,1.0,0.05,official-featurewise,53.79614999121039,2.6898074995605197,0.0009864839553230809,0.75,1.5,0.5340586256787394,[0.7768698398515702],1.5568194768868056,0.7784097384434028,0.5586372106517287,0.789194522201,-4.440892098500626e-15
main,scalar_te_0.75,1,0.75,1024,11,1.0,0.05,samplewise,2.681597382798674,0.13407986913993372,0.24449339889483923,0.75,1.5,0.5340586256787394,[0.7768698398515702],1.5568194768868056,0.7784097384434028,0.5586372106517287,0.789194522201,-4.440892098500626e-15
main,scalar_te_0.75,1,0.75,1024,11,1.0,0.2,official-featurewise,53.79614999121039,10.759229998242079,1.4307144979852637e-07,0.75,1.5,0.5340586256787394,[0.7768698398515702],1.5568194768868056,0.7784097384434028,0.5586372106517287,0.789194522201,-4.440892098500626e-15
main,scalar_te_0.75,1,0.75,1024,11,1.0,0.2,samplewise,2.681597382798674,0.5363194765597349,0.0740053912644889,0.75,1.5,0.5340586256787394,[0.7768698398515702],1.5568194768868056,0.7784097384434028,0.5586372106517287,0.789194522201,-4.440892098500626e-15
main,scalar_te_0.75,1,0.75,1024,29,1.0,0.02,official-featurewise,54.02010091465833,1.0804020182931666,0.01945207752673994,0.75,1.5,0.5340586256787394,[0.7768698398515702],1.4767701945163783,0.7383850972581891,0.5240693727785575,0.771625897565,1.3322676295501878e-15
main,scalar_te_0.75,1,0.75,1024,29,1.0,0.02,samplewise,2.6763177273702414,0.05352635454740483,0.2303804174651205,0.75,1.5,0.5340586256787394,[0.7768698398515702],1.4767701945163783,0.7383850972581891,0.5240693727785575,0.771625897565,1.3322676295501878e-15
main,scalar_te_0.75,1,0.75,1024,29,1.0,0.05,official-featurewise,54.02010091465833,2.7010050457329164,0.0008730249624697706,0.75,1.5,0.5340586256787394,[0.7768698398515702],1.4767701945163783,0.7383850972581891,0.5240693727785575,0.771625897565,1.3322676295501878e-15
main,scalar_te_0.75,1,0.75,1024,29,1.0,0.05,samplewise,2.6763177273702414,0.13381588636851208,0.23754712170554093,0.75,1.5,0.5340586256787394,[0.7768698398515702],1.4767701945163783,0.7383850972581891,0.5240693727785575,0.771625897565,1.3322676295501878e-15
main,scalar_te_0.75,1,0.75,1024,29,1.0,0.2,official-featurewise,54.02010091465833,10.804020182931666,1.2067694754591685e-07,0.75,1.5,0.5340586256787394,[0.7768698398515702],1.4767701945163783,0.7383850972581891,0.5240693727785575,0.771625897565,1.3322676295501878e-15
main,scalar_te_0.75,1,0.75,1024,29,1.0,0.2,samplewise,2.6763177273702414,0.5352635454740483,0.08152015041381944,0.75,1.5,0.5340586256787394,[0.7768698398515702],1.4767701945163783,0.7383850972581891,0.5240693727785575,0.771625897565,1.3322676295501878e-15
main,scalar_te_0.75,1,0.75,1024,47,1.0,0.02,official-featurewise,50.527405539583874,1.0105481107916776,0.019547661867228783,0.75,1.5,0.5340586256787394,[0.7768698398515702],1.402654211462088,0.701327105731044,0.49243874938078125,0.754056688697,-8.881784197001252e-16
main,scalar_te_0.75,1,0.75,1024,47,1.0,0.02,samplewise,2.503057536556557,0.05006115073113114,0.26249182163121176,0.75,1.5,0.5340586256787394,[0.7768698398515702],1.402654211462088,0.701327105731044,0.49243874938078125,0.754056688697,-8.881784197001252e-16
main,scalar_te_0.75,1,0.75,1024,47,1.0,0.05,official-featurewise,50.527405539583874,2.526370276979194,0.0009464017200997432,0.75,1.5,0.5340586256787394,[0.7768698398515702],1.402654211462088,0.701327105731044,0.49243874938078125,0.754056688697,-8.881784197001252e-16
main,scalar_te_0.75,1,0.75,1024,47,1.0,0.05,samplewise,2.503057536556557,0.12515287682782786,0.2183258596494433,0.75,1.5,0.5340586256787394,[0.7768698398515702],1.402654211462088,0.701327105731044,0.49243874938078125,0.754056688697,-8.881784197001252e-16
main,scalar_te_0.75,1,0.75,1024,47,1.0,0.2,official-featurewise,50.527405539583874,10.105481107916775,1.2969099216775248e-07,0.75,1.5,0.5340586256787394,[0.7768698398515702],1.402654211462088,0.701327105731044,0.49243874938078125,0.754056688697,-8.881784197001252e-16
main,scalar_te_0.75,1,0.75,1024,47,1.0,0.2,samplewise,2.503057536556557,0.5006115073113114,0.07825846395269664,0.75,1.5,0.5340586256787394,[0.7768698398515702],1.402654211462088,0.701327105731044,0.49243874938078125,0.754056688697,-8.881784197001252e-16
main,scalar_te_0.75,1,0.75,1024,71,1.0,0.02,official-featurewise,51.41230301065595,1.028246060213119,0.01961917718833206,0.75,1.5,0.5340586256787394,[0.7768698398515702],1.4816701903517524,0.7408350951758762,0.5261735346809303,0.772742192562,-4.440892098500626e-15
main,scalar_te_0.75,1,0.75,1024,71,1.0,0.02,samplewise,2.5654644224969823,0.05130928844993965,0.2480247257517174,0.75,1.5,0.5340586256787394,[0.7768698398515702],1.4816701903517524,0.7408350951758762,0.5261735346809303,0.772742192562,-4.440892098500626e-15
main,scalar_te_0.75,1,0.75,1024,71,1.0,0.05,official-featurewise,51.41230301065595,2.5706151505327974,0.0009801413767895895,0.75,1.5,0.5340586256787394,[0.7768698398515702],1.4816701903517524,0.7408350951758762,0.5261735346809303,0.772742192562,-4.440892098500626e-15
main,scalar_te_0.75,1,0.75,1024,71,1.0,0.05,samplewise,2.5654644224969823,0.12827322112484912,0.23289651249662313,0.75,1.5,0.5340586256787394,[0.7768698398515702],1.4816701903517524,0.7408350951758762,0.5261735346809303,0.772742192562,-4.440892098500626e-15
main,scalar_te_0.75,1,0.75,1024,71,1.0,0.2,official-featurewise,51.41230301065595,10.28246060213119,1.3621147587628002e-07,0.75,1.5,0.5340586256787394,[0.7768698398515702],1.4816701903517524,0.7408350951758762,0.5261735346809303,0.772742192562,-4.440892098500626e-15
main,scalar_te_0.75,1,0.75,1024,71,1.0,0.2,samplewise,2.5654644224969823,0.5130928844993965,0.07680377548008366,0.75,1.5,0.5340586256787394,[0.7768698398515702],1.4816701903517524,0.7408350951758762,0.5261735346809303,0.772742192562,-4.440892098500626e-15
main,scalar_te_0.75,1,0.75,1024,101,1.0,0.02,official-featurewise,54.19709886696685,1.083941977339337,0.02114499057273278,0.75,1.5,0.5340586256787394,[0.7768698398515702],1.515479109684061,0.7577395548420305,0.5407342812705288,0.780297102158,1.7763568394002505e-15
main,scalar_te_0.75,1,0.75,1024,101,1.0,0.02,samplewise,2.6804965224479744,0.05360993044895949,0.2231084541838193,0.75,1.5,0.5340586256787394,[0.7768698398515702],1.515479109684061,0.7577395548420305,0.5407342812705288,0.780297102158,1.7763568394002505e-15
main,scalar_te_0.75,1,0.75,1024,101,1.0,0.05,official-featurewise,54.19709886696685,2.7098549433483425,0.0009842559199348955,0.75,1.5,0.5340586256787394,[0.7768698398515702],1.515479109684061,0.7577395548420305,0.5407342812705288,0.780297102158,1.7763568394002505e-15
main,scalar_te_0.75,1,0.75,1024,101,1.0,0.05,samplewise,2.6804965224479744,0.13402482612239872,0.2053122693788012,0.75,1.5,0.5340586256787394,[0.7768698398515702],1.515479109684061,0.7577395548420305,0.5407342812705288,0.780297102158,1.7763568394002505e-15
main,scalar_te_0.75,1,0.75,1024,101,1.0,0.2,official-featurewise,54.19709886696685,10.83941977339337,1.3000494547554808e-07,0.75,1.5,0.5340586256787394,[0.7768698398515702],1.515479109684061,0.7577395548420305,0.5407342812705288,0.780297102158,1.7763568394002505e-15
main,scalar_te_0.75,1,0.75,1024,101,1.0,0.2,samplewise,2.6804965224479744,0.5360993044895949,0.08099851612050557,0.75,1.5,0.5340586256787394,[0.7768698398515702],1.515479109684061,0.7577395548420305,0.5407342812705288,0.780297102158,1.7763568394002505e-15
main,scalar_te_1.25,1,1.25,256,11,1.0,0.02,official-featurewise,39.41148048377833,0.7882296096755665,0.038043108298289496,1.25,2.5,0.9893119544450775,[0.9179150013761012],2.4469651291821224,1.2234825645910612,0.964244068926063,0.91344412581,-9.769962616701378e-15
main,scalar_te_1.25,1,1.25,256,11,1.0,0.02,samplewise,3.9873977541734176,0.07974795508346835,0.18501025091023227,1.25,2.5,0.9893119544450775,[0.9179150013761012],2.4469651291821224,1.2234825645910612,0.964244068926063,0.91344412581,-9.769962616701378e-15
main,scalar_te_1.25,1,1.25,256,11,1.0,0.05,official-featurewise,39.41148048377833,1.9705740241889165,0.004046653606348372,1.25,2.5,0.9893119544450775,[0.9179150013761012],2.4469651291821224,1.2234825645910612,0.964244068926063,0.91344412581,-9.769962616701378e-15
main,scalar_te_1.25,1,1.25,256,11,1.0,0.05,samplewise,3.9873977541734176,0.1993698877086709,0.18112912049106455,1.25,2.5,0.9893119544450775,[0.9179150013761012],2.4469651291821224,1.2234825645910612,0.964244068926063,0.91344412581,-9.769962616701378e-15
main,scalar_te_1.25,1,1.25,256,11,1.0,0.2,official-featurewise,39.41148048377833,7.882296096755666,5.859723941625816e-06,1.25,2.5,0.9893119544450775,[0.9179150013761012],2.4469651291821224,1.2234825645910612,0.964244068926063,0.91344412581,-9.769962616701378e-15
main,scalar_te_1.25,1,1.25,256,11,1.0,0.2,samplewise,3.9873977541734176,0.7974795508346836,0.0372744355966681,1.25,2.5,0.9893119544450775,[0.9179150013761012],2.4469651291821224,1.2234825645910612,0.964244068926063,0.91344412581,-9.769962616701378e-15
main,scalar_te_1.25,1,1.25,256,29,1.0,0.02,official-featurewise,43.24422623482202,0.8648845246964405,0.03586013448568082,1.25,2.5,0.9893119544450775,[0.9179150013761012],2.5898100504393957,1.2949050252196979,1.0319267169912167,0.924965708538,-4.440892098500626e-16
main,scalar_te_1.25,1,1.25,256,29,1.0,0.02,samplewise,4.2893358544715,0.08578671708943,0.21904284421432418,1.25,2.5,0.9893119544450775,[0.9179150013761012],2.5898100504393957,1.2949050252196979,1.0319267169912167,0.924965708538,-4.440892098500626e-16
main,scalar_te_1.25,1,1.25,256,29,1.0,0.05,official-featurewise,43.24422623482202,2.162211311741101,0.003780675416152235,1.25,2.5,0.9893119544450775,[0.9179150013761012],2.5898100504393957,1.2949050252196979,1.0319267169912167,0.924965708538,-4.440892098500626e-16
main,scalar_te_1.25,1,1.25,256,29,1.0,0.05,samplewise,4.2893358544715,0.21446679272357502,0.19508768227299988,1.25,2.5,0.9893119544450775,[0.9179150013761012],2.5898100504393957,1.2949050252196979,1.0319267169912167,0.924965708538,-4.440892098500626e-16
main,scalar_te_1.25,1,1.25,256,29,1.0,0.2,official-featurewise,43.24422623482202,8.648845246964404,4.185530460887321e-06,1.25,2.5,0.9893119544450775,[0.9179150013761012],2.5898100504393957,1.2949050252196979,1.0319267169912167,0.924965708538,-4.440892098500626e-16
main,scalar_te_1.25,1,1.25,256,29,1.0,0.2,samplewise,4.2893358544715,0.8578671708943001,0.03639354947348039,1.25,2.5,0.9893119544450775,[0.9179150013761012],2.5898100504393957,1.2949050252196979,1.0319267169912167,0.924965708538,-4.440892098500626e-16
main,scalar_te_1.25,1,1.25,256,47,1.0,0.02,official-featurewise,40.267193769093964,0.8053438753818793,0.03314076266817878,1.25,2.5,0.9893119544450775,[0.9179150013761012],2.5411424361545913,1.2705712180772957,1.0088090865000556,0.921223648589,-3.1086244689504383e-15
main,scalar_te_1.25,1,1.25,256,47,1.0,0.02,samplewise,4.028007352001264,0.08056014704002529,0.17152954163317702,1.25,2.5,0.9893119544450775,[0.9179150013761012],2.5411424361545913,1.2705712180772957,1.0088090865000556,0.921223648589,-3.1086244689504383e-15
main,scalar_te_1.25,1,1.25,256,47,1.0,0.05,official-featurewise,40.267193769093964,2.0133596884546985,0.0036348866076991726,1.25,2.5,0.9893119544450775,[0.9179150013761012],2.5411424361545913,1.2705712180772957,1.0088090865000556,0.921223648589,-3.1086244689504383e-15
main,scalar_te_1.25,1,1.25,256,47,1.0,0.05,samplewise,4.028007352001264,0.20140036760006322,0.18709179962436018,1.25,2.5,0.9893119544450775,[0.9179150013761012],2.5411424361545913,1.2705712180772957,1.0088090865000556,0.921223648589,-3.1086244689504383e-15
main,scalar_te_1.25,1,1.25,256,47,1.0,0.2,official-featurewise,40.267193769093964,8.053438753818794,4.672254913629104e-06,1.25,2.5,0.9893119544450775,[0.9179150013761012],2.5411424361545913,1.2705712180772957,1.0088090865000556,0.921223648589,-3.1086244689504383e-15
main,scalar_te_1.25,1,1.25,256,47,1.0,0.2,samplewise,4.028007352001264,0.8056014704002529,0.033122553186753834,1.25,2.5,0.9893119544450775,[0.9179150013761012],2.5411424361545913,1.2705712180772957,1.0088090865000556,0.921223648589,-3.1086244689504383e-15
main,scalar_te_1.25,1,1.25,256,71,1.0,0.02,official-featurewise,38.11490857700083,0.7622981715400167,0.03470791588143385,1.25,2.5,0.9893119544450775,[0.9179150013761012],2.363885173491272,1.181942586745636,0.9251304617681158,0.905945904057,4.440892098500626e-16
main,scalar_te_1.25,1,1.25,256,71,1.0,0.02,samplewise,3.8188212255412326,0.07637642451082466,0.1668362925037412,1.25,2.5,0.9893119544450775,[0.9179150013761012],2.363885173491272,1.181942586745636,0.9251304617681158,0.905945904057,4.440892098500626e-16
main,scalar_te_1.25,1,1.25,256,71,1.0,0.05,official-featurewise,38.11490857700083,1.9057454288500417,0.0035659832734964425,1.25,2.5,0.9893119544450775,[0.9179150013761012],2.363885173491272,1.181942586745636,0.9251304617681158,0.905945904057,4.440892098500626e-16
main,scalar_te_1.25,1,1.25,256,71,1.0,0.05,samplewise,3.8188212255412326,0.19094106127706165,0.1791136302628118,1.25,2.5,0.9893119544450775,[0.9179150013761012],2.363885173491272,1.181942586745636,0.9251304617681158,0.905945904057,4.440892098500626e-16
main,scalar_te_1.25,1,1.25,256,71,1.0,0.2,official-featurewise,38.11490857700083,7.622981715400167,5.278288075061255e-06,1.25,2.5,0.9893119544450775,[0.9179150013761012],2.363885173491272,1.181942586745636,0.9251304617681158,0.905945904057,4.440892098500626e-16
main,scalar_te_1.25,1,1.25,256,71,1.0,0.2,samplewise,3.8188212255412326,0.7637642451082466,0.0345752587117687,1.25,2.5,0.9893119544450775,[0.9179150013761012],2.363885173491272,1.181942586745636,0.9251304617681158,0.905945904057,4.440892098500626e-16
main,scalar_te_1.25,1,1.25,256,101,1.0,0.02,official-featurewise,40.636017540709915,0.8127203508141984,0.035547494978269256,1.25,2.5,0.9893119544450775,[0.9179150013761012],2.4989917482655652,1.2494958741327826,0.9888346944711184,0.917832197297,8.881784197001252e-15
main,scalar_te_1.25,1,1.25,256,101,1.0,0.02,samplewise,4.111537893887731,0.08223075787775462,0.22268050599141276,1.25,2.5,0.9893119544450775,[0.9179150013761012],2.4989917482655652,1.2494958741327826,0.9888346944711184,0.917832197297,8.881784197001252e-15
main,scalar_te_1.25,1,1.25,256,101,1.0,0.05,official-featurewise,40.636017540709915,2.031800877035496,0.004850067028659311,1.25,2.5,0.9893119544450775,[0.9179150013761012],2.4989917482655652,1.2494958741327826,0.9888346944711184,0.917832197297,8.881784197001252e-15
main,scalar_te_1.25,1,1.25,256,101,1.0,0.05,samplewise,4.111537893887731,0.20557689469438656,0.21304128199211014,1.25,2.5,0.9893119544450775,[0.9179150013761012],2.4989917482655652,1.2494958741327826,0.9888346944711184,0.917832197297,8.881784197001252e-15
main,scalar_te_1.25,1,1.25,256,101,1.0,0.2,official-featurewise,40.636017540709915,8.127203508141983,5.576112791061405e-06,1.25,2.5,0.9893119544450775,[0.9179150013761012],2.4989917482655652,1.2494958741327826,0.9888346944711184,0.917832197297,8.881784197001252e-15
main,scalar_te_1.25,1,1.25,256,101,1.0,0.2,samplewise,4.111537893887731,0.8223075787775462,0.034952975255588825,1.25,2.5,0.9893119544450775,[0.9179150013761012],2.4989917482655652,1.2494958741327826,0.9888346944711184,0.917832197297,8.881784197001252e-15
main,scalar_te_1.25,1,1.25,512,11,1.0,0.02,official-featurewise,55.72433217901265,1.114486643580253,0.01902548870276277,1.25,2.5,0.9893119544450775,[0.9179150013761012],2.3368703013565253,1.1684351506782626,0.9124550795755375,0.903370413033,-1.7763568394002505e-15
main,scalar_te_1.25,1,1.25,512,11,1.0,0.02,samplewise,4.031252624917474,0.08062505249834948,0.2591404832503912,1.25,2.5,0.9893119544450775,[0.9179150013761012],2.3368703013565253,1.1684351506782626,0.9124550795755375,0.903370413033,-1.7763568394002505e-15
main,scalar_te_1.25,1,1.25,512,11,1.0,0.05,official-featurewise,55.72433217901265,2.7862166089506326,0.0012955282533368973,1.25,2.5,0.9893119544450775,[0.9179150013761012],2.3368703013565253,1.1684351506782626,0.9124550795755375,0.903370413033,-1.7763568394002505e-15
main,scalar_te_1.25,1,1.25,512,11,1.0,0.05,samplewise,4.031252624917474,0.2015626312458737,0.20867681343699473,1.25,2.5,0.9893119544450775,[0.9179150013761012],2.3368703013565253,1.1684351506782626,0.9124550795755375,0.903370413033,-1.7763568394002505e-15
main,scalar_te_1.25,1,1.25,512,11,1.0,0.2,official-featurewise,55.72433217901265,11.14486643580253,5.234492128636248e-07,1.25,2.5,0.9893119544450775,[0.9179150013761012],2.3368703013565253,1.1684351506782626,0.9124550795755375,0.903370413033,-1.7763568394002505e-15
main,scalar_te_1.25,1,1.25,512,11,1.0,0.2,samplewise,4.031252624917474,0.8062505249834948,0.035238276813117864,1.25,2.5,0.9893119544450775,[0.9179150013761012],2.3368703013565253,1.1684351506782626,0.9124550795755375,0.903370413033,-1.7763568394002505e-15
main,scalar_te_1.25,1,1.25,512,29,1.0,0.02,official-featurewise,59.48938846233707,1.1897877692467413,0.01572248608032467,1.25,2.5,0.9893119544450775,[0.9179150013761012],2.5486891835400667,1.2743445917700333,1.0123900705959183,0.921815916155,-2.220446049250313e-15
main,scalar_te_1.25,1,1.25,512,29,1.0,0.02,samplewise,4.192962414050366,0.08385924828100733,0.21787304465215662,1.25,2.5,0.9893119544450775,[0.9179150013761012],2.5486891835400667,1.2743445917700333,1.0123900705959183,0.921815916155,-2.220446049250313e-15
main,scalar_te_1.25,1,1.25,512,29,1.0,0.05,official-featurewise,59.48938846233707,2.9744694231168536,0.0010547485498406672,1.25,2.5,0.9893119544450775,[0.9179150013761012],2.5486891835400667,1.2743445917700333,1.0123900705959183,0.921815916155,-2.220446049250313e-15
main,scalar_te_1.25,1,1.25,512,29,1.0,0.05,samplewise,4.192962414050366,0.20964812070251831,0.1782950091874529,1.25,2.5,0.9893119544450775,[0.9179150013761012],2.5486891835400667,1.2743445917700333,1.0123900705959183,0.921815916155,-2.220446049250313e-15
main,scalar_te_1.25,1,1.25,512,29,1.0,0.2,official-featurewise,59.48938846233707,11.897877692467414,4.129431410149209e-07,1.25,2.5,0.9893119544450775,[0.9179150013761012],2.5486891835400667,1.2743445917700333,1.0123900705959183,0.921815916155,-2.220446049250313e-15
main,scalar_te_1.25,1,1.25,512,29,1.0,0.2,samplewise,4.192962414050366,0.8385924828100733,0.031207389326596058,1.25,2.5,0.9893119544450775,[0.9179150013761012],2.5486891835400667,1.2743445917700333,1.0123900705959183,0.921815916155,-2.220446049250313e-15
main,scalar_te_1.25,1,1.25,512,47,1.0,0.02,official-featurewise,54.868439711444054,1.097368794228881,0.021704459365381013,1.25,2.5,0.9893119544450775,[0.9179150013761012],2.4258948776178406,1.2129474388089203,0.9543059040218373,0.91160102263,-9.325873406851315e-15
main,scalar_te_1.25,1,1.25,512,47,1.0,0.02,samplewise,3.952060376526153,0.07904120753052306,0.22251374954657432,1.25,2.5,0.9893119544450775,[0.9179150013761012],2.4258948776178406,1.2129474388089203,0.9543059040218373,0.91160102263,-9.325873406851315e-15
main,scalar_te_1.25,1,1.25,512,47,1.0,0.05,official-featurewise,54.868439711444054,2.743421985572203,0.0014882302998344699,1.25,2.5,0.9893119544450775,[0.9179150013761012],2.4258948776178406,1.2129474388089203,0.9543059040218373,0.91160102263,-9.325873406851315e-15
main,scalar_te_1.25,1,1.25,512,47,1.0,0.05,samplewise,3.952060376526153,0.19760301882630765,0.2120590187347009,1.25,2.5,0.9893119544450775,[0.9179150013761012],2.4258948776178406,1.2129474388089203,0.9543059040218373,0.91160102263,-9.325873406851315e-15
main,scalar_te_1.25,1,1.25,512,47,1.0,0.2,official-featurewise,54.868439711444054,10.973687942288812,4.832324087544748e-07,1.25,2.5,0.9893119544450775,[0.9179150013761012],2.4258948776178406,1.2129474388089203,0.9543059040218373,0.91160102263,-9.325873406851315e-15
main,scalar_te_1.25,1,1.25,512,47,1.0,0.2,samplewise,3.952060376526153,0.7904120753052306,0.03925881665396602,1.25,2.5,0.9893119544450775,[0.9179150013761012],2.4258948776178406,1.2129474388089203,0.9543059040218373,0.91160102263,-9.325873406851315e-15
main,scalar_te_1.25,1,1.25,512,71,1.0,0.02,official-featurewise,54.5545322911377,1.091090645822754,0.0178329371038366,1.25,2.5,0.9893119544450775,[0.9179150013761012],2.4503244766646644,1.2251622383323322,0.965829690569599,0.913734409214,-1.554312234475219e-14
main,scalar_te_1.25,1,1.25,512,71,1.0,0.02,samplewise,3.9504786911893777,0.07900957382378755,0.1903738444052001,1.25,2.5,0.9893119544450775,[0.9179150013761012],2.4503244766646644,1.2251622383323322,0.965829690569599,0.913734409214,-1.554312234475219e-14
main,scalar_te_1.25,1,1.25,512,71,1.0,0.05,official-featurewise,54.5545322911377,2.727726614556885,0.0011713942866968807,1.25,2.5,0.9893119544450775,[0.9179150013761012],2.4503244766646644,1.2251622383323322,0.965829690569599,0.913734409214,-1.554312234475219e-14
main,scalar_te_1.25,1,1.25,512,71,1.0,0.05,samplewise,3.9504786911893777,0.1975239345594689,0.18382167400553406,1.25,2.5,0.9893119544450775,[0.9179150013761012],2.4503244766646644,1.2251622383323322,0.965829690569599,0.913734409214,-1.554312234475219e-14
main,scalar_te_1.25,1,1.25,512,71,1.0,0.2,official-featurewise,54.5545322911377,10.91090645822754,5.469379793510143e-07,1.25,2.5,0.9893119544450775,[0.9179150013761012],2.4503244766646644,1.2251622383323322,0.965829690569599,0.913734409214,-1.554312234475219e-14
main,scalar_te_1.25,1,1.25,512,71,1.0,0.2,samplewise,3.9504786911893777,0.7900957382378756,0.03414967653442247,1.25,2.5,0.9893119544450775,[0.9179150013761012],2.4503244766646644,1.2251622383323322,0.965829690569599,0.913734409214,-1.554312234475219e-14
main,scalar_te_1.25,1,1.25,512,101,1.0,0.02,official-featurewise,58.03005813622625,1.160601162724525,0.018357854695711495,1.25,2.5,0.9893119544450775,[0.9179150013761012],2.386821460610582,1.193410730305291,0.9359090777893377,0.9080786042,-7.105427357601002e-15
main,scalar_te_1.25,1,1.25,512,101,1.0,0.02,samplewise,4.223086095625588,0.08446172191251176,0.20600029068300163,1.25,2.5,0.9893119544450775,[0.9179150013761012],2.386821460610582,1.193410730305291,0.9359090777893377,0.9080786042,-7.105427357601002e-15
main,scalar_te_1.25,1,1.25,512,101,1.0,0.05,official-featurewise,58.03005813622625,2.901502906811313,0.0013003955310644244,1.25,2.5,0.9893119544450775,[0.9179150013761012],2.386821460610582,1.193410730305291,0.9359090777893377,0.9080786042,-7.105427357601002e-15
main,scalar_te_1.25,1,1.25,512,101,1.0,0.05,samplewise,4.223086095625588,0.2111543047812794,0.16068247035893357,1.25,2.5,0.9893119544450775,[0.9179150013761012],2.386821460610582,1.193410730305291,0.9359090777893377,0.9080786042,-7.105427357601002e-15
main,scalar_te_1.25,1,1.25,512,101,1.0,0.2,official-featurewise,58.03005813622625,11.606011627245252,4.2645647013728194e-07,1.25,2.5,0.9893119544450775,[0.9179150013761012],2.386821460610582,1.193410730305291,0.9359090777893377,0.9080786042,-7.105427357601002e-15
main,scalar_te_1.25,1,1.25,512,101,1.0,0.2,samplewise,4.223086095625588,0.8446172191251176,0.031794648301492145,1.25,2.5,0.9893119544450775,[0.9179150013761012],2.386821460610582,1.193410730305291,0.9359090777893377,0.9080786042,-7.105427357601002e-15
main,scalar_te_1.25,1,1.25,1024,11,1.0,0.02,official-featurewise,83.65397201792794,1.673079440358559,0.007908367496064272,1.25,2.5,0.9893119544450775,[0.9179150013761012],2.5596155249332235,1.2798077624666118,1.0175771911302347,0.922665532097,1.509903313490213e-14
main,scalar_te_1.25,1,1.25,1024,11,1.0,0.02,samplewise,4.2689661681372835,0.08537932336274567,0.25061147314091414,1.25,2.5,0.9893119544450775,[0.9179150013761012],2.5596155249332235,1.2798077624666118,1.0175771911302347,0.922665532097,1.509903313490213e-14
main,scalar_te_1.25,1,1.25,1024,11,1.0,0.05,official-featurewise,83.65397201792794,4.182698600896397,0.00027718646656182955,1.25,2.5,0.9893119544450775,[0.9179150013761012],2.5596155249332235,1.2798077624666118,1.0175771911302347,0.922665532097,1.509903313490213e-14
main,scalar_te_1.25,1,1.25,1024,11,1.0,0.05,samplewise,4.2689661681372835,0.21344830840686418,0.18464953014678365,1.25,2.5,0.9893119544450775,[0.9179150013761012],2.5596155249332235,1.2798077624666118,1.0175771911302347,0.922665532097,1.509903313490213e-14
main,scalar_te_1.25,1,1.25,1024,11,1.0,0.2,official-featurewise,83.65397201792794,16.730794403585588,3.8842596694621534e-08,1.25,2.5,0.9893119544450775,[0.9179150013761012],2.5596155249332235,1.2798077624666118,1.0175771911302347,0.922665532097,1.509903313490213e-14
main,scalar_te_1.25,1,1.25,1024,11,1.0,0.2,samplewise,4.2689661681372835,0.8537932336274567,0.03267441341421673,1.25,2.5,0.9893119544450775,[0.9179150013761012],2.5596155249332235,1.2798077624666118,1.0175771911302347,0.922665532097,1.509903313490213e-14
main,scalar_te_1.25,1,1.25,1024,29,1.0,0.02,official-featurewise,83.16778579604058,1.6633557159208117,0.007272128842917169,1.25,2.5,0.9893119544450775,[0.9179150013761012],2.4541828132484422,1.2270914066242211,0.9676512147613543,0.914066609616,-7.549516567451064e-15
main,scalar_te_1.25,1,1.25,1024,29,1.0,0.02,samplewise,4.2150838689943075,0.08430167737988616,0.2818458546479814,1.25,2.5,0.9893119544450775,[0.9179150013761012],2.4541828132484422,1.2270914066242211,0.9676512147613543,0.914066609616,-7.549516567451064e-15
main,scalar_te_1.25,1,1.25,1024,29,1.0,0.05,official-featurewise,83.16778579604058,4.158389289802029,0.00025150308356103324,1.25,2.5,0.9893119544450775,[0.9179150013761012],2.4541828132484422,1.2270914066242211,0.9676512147613543,0.914066609616,-7.549516567451064e-15
main,scalar_te_1.25,1,1.25,1024,29,1.0,0.05,samplewise,4.2150838689943075,0.21075419344971538,0.1737905299372482,1.25,2.5,0.9893119544450775,[0.9179150013761012],2.4541828132484422,1.2270914066242211,0.9676512147613543,0.914066609616,-7.549516567451064e-15
main,scalar_te_1.25,1,1.25,1024,29,1.0,0.2,official-featurewise,83.16778579604058,16.633557159208117,3.409887128213995e-08,1.25,2.5,0.9893119544450775,[0.9179150013761012],2.4541828132484422,1.2270914066242211,0.9676512147613543,0.914066609616,-7.549516567451064e-15
main,scalar_te_1.25,1,1.25,1024,29,1.0,0.2,samplewise,4.2150838689943075,0.8430167737988615,0.03132440219100019,1.25,2.5,0.9893119544450775,[0.9179150013761012],2.4541828132484422,1.2270914066242211,0.9676512147613543,0.914066609616,-7.549516567451064e-15
main,scalar_te_1.25,1,1.25,1024,47,1.0,0.02,official-featurewise,78.14255015155663,1.5628510030311327,0.008139967733036713,1.25,2.5,0.9893119544450775,[0.9179150013761012],2.39943040628986,1.19971520314493,0.9418409764786875,0.909230359616,-1.3766765505351941e-14
main,scalar_te_1.25,1,1.25,1024,47,1.0,0.02,samplewise,3.9773523708238363,0.07954704741647672,0.22992695040679223,1.25,2.5,0.9893119544450775,[0.9179150013761012],2.39943040628986,1.19971520314493,0.9418409764786875,0.909230359616,-1.3766765505351941e-14
main,scalar_te_1.25,1,1.25,1024,47,1.0,0.05,official-featurewise,78.14255015155663,3.907127507577832,0.00028794163723944166,1.25,2.5,0.9893119544450775,[0.9179150013761012],2.39943040628986,1.19971520314493,0.9418409764786875,0.909230359616,-1.3766765505351941e-14
main,scalar_te_1.25,1,1.25,1024,47,1.0,0.05,samplewise,3.9773523708238363,0.19886761854119184,0.18337511574516796,1.25,2.5,0.9893119544450775,[0.9179150013761012],2.39943040628986,1.19971520314493,0.9418409764786875,0.909230359616,-1.3766765505351941e-14
main,scalar_te_1.25,1,1.25,1024,47,1.0,0.2,official-featurewise,78.14255015155663,15.628510030311327,3.797186920451168e-08,1.25,2.5,0.9893119544450775,[0.9179150013761012],2.39943040628986,1.19971520314493,0.9418409764786875,0.909230359616,-1.3766765505351941e-14
main,scalar_te_1.25,1,1.25,1024,47,1.0,0.2,samplewise,3.9773523708238363,0.7954704741647673,0.03372485630187683,1.25,2.5,0.9893119544450775,[0.9179150013761012],2.39943040628986,1.19971520314493,0.9418409764786875,0.909230359616,-1.3766765505351941e-14
main,scalar_te_1.25,1,1.25,1024,71,1.0,0.02,official-featurewise,79.30922721022215,1.5861845442044429,0.007650299774400793,1.25,2.5,0.9893119544450775,[0.9179150013761012],2.46961200496942,1.23480600248471,0.9749393636111006,0.915382316126,1.199040866595169e-14
main,scalar_te_1.25,1,1.25,1024,71,1.0,0.02,samplewise,4.045639401669134,0.08091278803338268,0.23291823636900233,1.25,2.5,0.9893119544450775,[0.9179150013761012],2.46961200496942,1.23480600248471,0.9749393636111006,0.915382316126,1.199040866595169e-14
main,scalar_te_1.25,1,1.25,1024,71,1.0,0.05,official-featurewise,79.30922721022215,3.9654613605111075,0.0002810955637961854,1.25,2.5,0.9893119544450775,[0.9179150013761012],2.46961200496942,1.23480600248471,0.9749393636111006,0.915382316126,1.199040866595169e-14
main,scalar_te_1.25,1,1.25,1024,71,1.0,0.05,samplewise,4.045639401669134,0.20228197008345672,0.18403392243352457,1.25,2.5,0.9893119544450775,[0.9179150013761012],2.46961200496942,1.23480600248471,0.9749393636111006,0.915382316126,1.199040866595169e-14
main,scalar_te_1.25,1,1.25,1024,71,1.0,0.2,official-featurewise,79.30922721022215,15.86184544204443,3.924482783190797e-08,1.25,2.5,0.9893119544450775,[0.9179150013761012],2.46961200496942,1.23480600248471,0.9749393636111006,0.915382316126,1.199040866595169e-14
main,scalar_te_1.25,1,1.25,1024,71,1.0,0.2,samplewise,4.045639401669134,0.8091278803338269,0.031160160088781197,1.25,2.5,0.9893119544450775,[0.9179150013761012],2.46961200496942,1.23480600248471,0.9749393636111006,0.915382316126,1.199040866595169e-14
main,scalar_te_1.25,1,1.25,1024,101,1.0,0.02,official-featurewise,84.27804180444137,1.6855608360888275,0.008184447718726062,1.25,2.5,0.9893119544450775,[0.9179150013761012],2.531617979201237,1.2658089896006186,1.0042916936583814,0.92046976214,-4.884981308350689e-15
main,scalar_te_1.25,1,1.25,1024,101,1.0,0.02,samplewise,4.303056412470259,0.08606112824940518,0.22288869272097855,1.25,2.5,0.9893119544450775,[0.9179150013761012],2.531617979201237,1.2658089896006186,1.0042916936583814,0.92046976214,-4.884981308350689e-15
main,scalar_te_1.25,1,1.25,1024,101,1.0,0.05,official-featurewise,84.27804180444137,4.213902090222069,0.00028403313519120843,1.25,2.5,0.9893119544450775,[0.9179150013761012],2.531617979201237,1.2658089896006186,1.0042916936583814,0.92046976214,-4.884981308350689e-15
main,scalar_te_1.25,1,1.25,1024,101,1.0,0.05,samplewise,4.303056412470259,0.21515282062351293,0.15378302861189397,1.25,2.5,0.9893119544450775,[0.9179150013761012],2.531617979201237,1.2658089896006186,1.0042916936583814,0.92046976214,-4.884981308350689e-15
main,scalar_te_1.25,1,1.25,1024,101,1.0,0.2,official-featurewise,84.27804180444137,16.855608360888276,3.6133855019215844e-08,1.25,2.5,0.9893119544450775,[0.9179150013761012],2.531617979201237,1.2658089896006186,1.0042916936583814,0.92046976214,-4.884981308350689e-15
main,scalar_te_1.25,1,1.25,1024,101,1.0,0.2,samplewise,4.303056412470259,0.8606112824940517,0.031574975616617706,1.25,2.5,0.9893119544450775,[0.9179150013761012],2.531617979201237,1.2658089896006186,1.0042916936583814,0.92046976214,-4.884981308350689e-15
main,concentrated,2,1.0;0.0,256,11,1.0,0.02,official-featurewise,31.155054535666828,0.6231010907133365,0.13145755665215475,1.0,2.0,0.7564417556472544,"[0.8646647167633873, 0.0]",1.847001348665196,0.923500674332598,0.6870258426804958,0.842269059948;0.000136730700063,-1.6209256159527285e-14
main,concentrated,2,1.0;0.0,256,11,1.0,0.02,samplewise,3.6001208727018796,0.0720024174540376,0.09883968262211873,1.0,2.0,0.7564417556472544,"[0.8646647167633873, 0.0]",1.847001348665196,0.923500674332598,0.6870258426804958,0.842269059948;0.000136730700063,-1.6209256159527285e-14
main,concentrated,2,1.0;0.0,256,11,1.0,0.05,official-featurewise,31.155054535666828,1.5577527267833415,0.007410739325827365,1.0,2.0,0.7564417556472544,"[0.8646647167633873, 0.0]",1.847001348665196,0.923500674332598,0.6870258426804958,0.842269059948;0.000136730700063,-1.6209256159527285e-14
main,concentrated,2,1.0;0.0,256,11,1.0,0.05,samplewise,3.6001208727018796,0.18000604363509398,0.221254334262591,1.0,2.0,0.7564417556472544,"[0.8646647167633873, 0.0]",1.847001348665196,0.923500674332598,0.6870258426804958,0.842269059948;0.000136730700063,-1.6209256159527285e-14
main,concentrated,2,1.0;0.0,256,11,1.0,0.2,official-featurewise,31.155054535666828,6.231010907133366,1.0062169540248078e-05,1.0,2.0,0.7564417556472544,"[0.8646647167633873, 0.0]",1.847001348665196,0.923500674332598,0.6870258426804958,0.842269059948;0.000136730700063,-1.6209256159527285e-14
main,concentrated,2,1.0;0.0,256,11,1.0,0.2,samplewise,3.6001208727018796,0.7200241745403759,0.09524355427429398,1.0,2.0,0.7564417556472544,"[0.8646647167633873, 0.0]",1.847001348665196,0.923500674332598,0.6870258426804958,0.842269059948;0.000136730700063,-1.6209256159527285e-14
main,concentrated,2,1.0;0.0,256,29,1.0,0.02,official-featurewise,29.989695745495506,0.5997939149099102,0.16253425043904635,1.0,2.0,0.7564417556472544,"[0.8646647167633873, 0.0]",1.9758236618468494,0.9879118309234247,0.7454042259207352,0.861349510691;2.46837074213e-05,-1.865174681370263e-14
main,concentrated,2,1.0;0.0,256,29,1.0,0.02,samplewise,3.5793671191665974,0.07158734238333195,0.09123957589592102,1.0,2.0,0.7564417556472544,"[0.8646647167633873, 0.0]",1.9758236618468494,0.9879118309234247,0.7454042259207352,0.861349510691;2.46837074213e-05,-1.865174681370263e-14
main,concentrated,2,1.0;0.0,256,29,1.0,0.05,official-featurewise,29.989695745495506,1.4994847872747754,0.012545499699516682,1.0,2.0,0.7564417556472544,"[0.8646647167633873, 0.0]",1.9758236618468494,0.9879118309234247,0.7454042259207352,0.861349510691;2.46837074213e-05,-1.865174681370263e-14
main,concentrated,2,1.0;0.0,256,29,1.0,0.05,samplewise,3.5793671191665974,0.17896835595832988,0.1720510796045014,1.0,2.0,0.7564417556472544,"[0.8646647167633873, 0.0]",1.9758236618468494,0.9879118309234247,0.7454042259207352,0.861349510691;2.46837074213e-05,-1.865174681370263e-14
main,concentrated,2,1.0;0.0,256,29,1.0,0.2,official-featurewise,29.989695745495506,5.997939149099102,1.3600985980133373e-05,1.0,2.0,0.7564417556472544,"[0.8646647167633873, 0.0]",1.9758236618468494,0.9879118309234247,0.7454042259207352,0.861349510691;2.46837074213e-05,-1.865174681370263e-14
main,concentrated,2,1.0;0.0,256,29,1.0,0.2,samplewise,3.5793671191665974,0.7158734238333195,0.12109352713509303,1.0,2.0,0.7564417556472544,"[0.8646647167633873, 0.0]",1.9758236618468494,0.9879118309234247,0.7454042259207352,0.861349510691;2.46837074213e-05,-1.865174681370263e-14
main,concentrated,2,1.0;0.0,256,47,1.0,0.02,official-featurewise,30.313303345116125,0.6062660669023225,0.15295708105022143,1.0,2.0,0.7564417556472544,"[0.8646647167633873, 0.0]",2.0047547167757043,1.0023773583878521,0.7584284239114738,0.865185596787;0.000898075815529,-2.220446049250313e-15
main,concentrated,2,1.0;0.0,256,47,1.0,0.02,samplewise,3.6252777202199296,0.0725055544043986,0.09724894490244917,1.0,2.0,0.7564417556472544,"[0.8646647167633873, 0.0]",2.0047547167757043,1.0023773583878521,0.7584284239114738,0.865185596787;0.000898075815529,-2.220446049250313e-15
main,concentrated,2,1.0;0.0,256,47,1.0,0.05,official-featurewise,30.313303345116125,1.5156651672558064,0.01408559917988228,1.0,2.0,0.7564417556472544,"[0.8646647167633873, 0.0]",2.0047547167757043,1.0023773583878521,0.7584284239114738,0.865185596787;0.000898075815529,-2.220446049250313e-15
main,concentrated,2,1.0;0.0,256,47,1.0,0.05,samplewise,3.6252777202199296,0.1812638860109965,0.17012379082664708,1.0,2.0,0.7564417556472544,"[0.8646647167633873, 0.0]",2.0047547167757043,1.0023773583878521,0.7584284239114738,0.865185596787;0.000898075815529,-2.220446049250313e-15
main,concentrated,2,1.0;0.0,256,47,1.0,0.2,official-featurewise,30.313303345116125,6.062660669023225,1.5287283211762315e-05,1.0,2.0,0.7564417556472544,"[0.8646647167633873, 0.0]",2.0047547167757043,1.0023773583878521,0.7584284239114738,0.865185596787;0.000898075815529,-2.220446049250313e-15
main,concentrated,2,1.0;0.0,256,47,1.0,0.2,samplewise,3.6252777202199296,0.725055544043986,0.10968769064074735,1.0,2.0,0.7564417556472544,"[0.8646647167633873, 0.0]",2.0047547167757043,1.0023773583878521,0.7584284239114738,0.865185596787;0.000898075815529,-2.220446049250313e-15
main,concentrated,2,1.0;0.0,256,71,1.0,0.02,official-featurewise,32.314822976536355,0.6462964595307271,0.13177188814112561,1.0,2.0,0.7564417556472544,"[0.8646647167633873, 0.0]",1.986016703958126,0.993008351979063,0.7493465947749133,0.862284062596;0.00344860391387,-1.5543122344752192e-15
main,concentrated,2,1.0;0.0,256,71,1.0,0.02,samplewise,3.6421088026695103,0.0728421760533902,0.08041071747502038,1.0,2.0,0.7564417556472544,"[0.8646647167633873, 0.0]",1.986016703958126,0.993008351979063,0.7493465947749133,0.862284062596;0.00344860391387,-1.5543122344752192e-15
main,concentrated,2,1.0;0.0,256,71,1.0,0.05,official-featurewise,32.314822976536355,1.6157411488268179,0.008458332754536002,1.0,2.0,0.7564417556472544,"[0.8646647167633873, 0.0]",1.986016703958126,0.993008351979063,0.7493465947749133,0.862284062596;0.00344860391387,-1.5543122344752192e-15
main,concentrated,2,1.0;0.0,256,71,1.0,0.05,samplewise,3.6421088026695103,0.18210544013347552,0.21739891847429682,1.0,2.0,0.7564417556472544,"[0.8646647167633873, 0.0]",1.986016703958126,0.993008351979063,0.7493465947749133,0.862284062596;0.00344860391387,-1.5543122344752192e-15
main,concentrated,2,1.0;0.0,256,71,1.0,0.2,official-featurewise,32.314822976536355,6.462964595307271,1.1179063683641743e-05,1.0,2.0,0.7564417556472544,"[0.8646647167633873, 0.0]",1.986016703958126,0.993008351979063,0.7493465947749133,0.862284062596;0.00344860391387,-1.5543122344752192e-15
main,concentrated,2,1.0;0.0,256,71,1.0,0.2,samplewise,3.6421088026695103,0.7284217605339021,0.09976060395628394,1.0,2.0,0.7564417556472544,"[0.8646647167633873, 0.0]",1.986016703958126,0.993008351979063,0.7493465947749133,0.862284062596;0.00344860391387,-1.5543122344752192e-15
main,concentrated,2,1.0;0.0,256,101,1.0,0.02,official-featurewise,32.81163494796861,0.6562326989593722,0.13696204551602165,1.0,2.0,0.7564417556472544,"[0.8646647167633873, 0.0]",1.972319123183721,0.9861595615918605,0.7431561674965705,0.86042096229;0.00318976543581,-1.1546319456101628e-14
main,concentrated,2,1.0;0.0,256,101,1.0,0.02,samplewise,3.8305450926196603,0.0766109018523932,0.08060984919406078,1.0,2.0,0.7564417556472544,"[0.8646647167633873, 0.0]",1.972319123183721,0.9861595615918605,0.7431561674965705,0.86042096229;0.00318976543581,-1.1546319456101628e-14
main,concentrated,2,1.0;0.0,256,101,1.0,0.05,official-featurewise,32.81163494796861,1.6405817473984303,0.010062099541574554,1.0,2.0,0.7564417556472544,"[0.8646647167633873, 0.0]",1.972319123183721,0.9861595615918605,0.7431561674965705,0.86042096229;0.00318976543581,-1.1546319456101628e-14
main,concentrated,2,1.0;0.0,256,101,1.0,0.05,samplewise,3.8305450926196603,0.19152725463098302,0.2027286551752976,1.0,2.0,0.7564417556472544,"[0.8646647167633873, 0.0]",1.972319123183721,0.9861595615918605,0.7431561674965705,0.86042096229;0.00318976543581,-1.1546319456101628e-14
main,concentrated,2,1.0;0.0,256,101,1.0,0.2,official-featurewise,32.81163494796861,6.562326989593721,1.1158469710892405e-05,1.0,2.0,0.7564417556472544,"[0.8646647167633873, 0.0]",1.972319123183721,0.9861595615918605,0.7431561674965705,0.86042096229;0.00318976543581,-1.1546319456101628e-14
main,concentrated,2,1.0;0.0,256,101,1.0,0.2,samplewise,3.8305450926196603,0.7661090185239321,0.1022394966787914,1.0,2.0,0.7564417556472544,"[0.8646647167633873, 0.0]",1.972319123183721,0.9861595615918605,0.7431561674965705,0.86042096229;0.00318976543581,-1.1546319456101628e-14
main,concentrated,2,1.0;0.0,512,11,1.0,0.02,official-featurewise,45.68002593871506,0.9136005187743013,0.04622817786195377,1.0,2.0,0.7564417556472544,"[0.8646647167633873, 0.0]",1.9175395203141,0.95876976015705,0.7182279895442549,0.852533493729;0.00337959147982,1.9984014443252818e-15
main,concentrated,2,1.0;0.0,512,11,1.0,0.02,samplewise,3.7427443711804167,0.07485488742360834,0.13968042350188092,1.0,2.0,0.7564417556472544,"[0.8646647167633873, 0.0]",1.9175395203141,0.95876976015705,0.7182279895442549,0.852533493729;0.00337959147982,1.9984014443252818e-15
main,concentrated,2,1.0;0.0,512,11,1.0,0.05,official-featurewise,45.68002593871506,2.2840012969357533,0.0025336447868511414,1.0,2.0,0.7564417556472544,"[0.8646647167633873, 0.0]",1.9175395203141,0.95876976015705,0.7182279895442549,0.852533493729;0.00337959147982,1.9984014443252818e-15
main,concentrated,2,1.0;0.0,512,11,1.0,0.05,samplewise,3.7427443711804167,0.18713721855902085,0.2422742780250351,1.0,2.0,0.7564417556472544,"[0.8646647167633873, 0.0]",1.9175395203141,0.95876976015705,0.7182279895442549,0.852533493729;0.00337959147982,1.9984014443252818e-15
main,concentrated,2,1.0;0.0,512,11,1.0,0.2,official-featurewise,45.68002593871506,9.136005187743013,1.0832734389509824e-06,1.0,2.0,0.7564417556472544,"[0.8646647167633873, 0.0]",1.9175395203141,0.95876976015705,0.7182279895442549,0.852533493729;0.00337959147982,1.9984014443252818e-15
main,concentrated,2,1.0;0.0,512,11,1.0,0.2,samplewise,3.7427443711804167,0.7485488742360834,0.0867424522011575,1.0,2.0,0.7564417556472544,"[0.8646647167633873, 0.0]",1.9175395203141,0.95876976015705,0.7182279895442549,0.852533493729;0.00337959147982,1.9984014443252818e-15
main,concentrated,2,1.0;0.0,512,29,1.0,0.02,official-featurewise,45.0254063669523,0.9005081273390461,0.04951595831388467,1.0,2.0,0.7564417556472544,"[0.8646647167633873, 0.0]",1.8935653405195185,0.9467826702597593,0.7080568242357165,0.849463254029;1.72750525418e-05,-1.7985612998927536e-14
main,concentrated,2,1.0;0.0,512,29,1.0,0.02,samplewise,3.7612488746102106,0.07522497749220422,0.11203728904614696,1.0,2.0,0.7564417556472544,"[0.8646647167633873, 0.0]",1.8935653405195185,0.9467826702597593,0.7080568242357165,0.849463254029;1.72750525418e-05,-1.7985612998927536e-14
main,concentrated,2,1.0;0.0,512,29,1.0,0.05,official-featurewise,45.0254063669523,2.2512703183476153,0.0027604732013344346,1.0,2.0,0.7564417556472544,"[0.8646647167633873, 0.0]",1.8935653405195185,0.9467826702597593,0.7080568242357165,0.849463254029;1.72750525418e-05,-1.7985612998927536e-14
main,concentrated,2,1.0;0.0,512,29,1.0,0.05,samplewise,3.7612488746102106,0.18806244373051054,0.19138236284027155,1.0,2.0,0.7564417556472544,"[0.8646647167633873, 0.0]",1.8935653405195185,0.9467826702597593,0.7080568242357165,0.849463254029;1.72750525418e-05,-1.7985612998927536e-14
main,concentrated,2,1.0;0.0,512,29,1.0,0.2,official-featurewise,45.0254063669523,9.005081273390461,9.7653745712023e-07,1.0,2.0,0.7564417556472544,"[0.8646647167633873, 0.0]",1.8935653405195185,0.9467826702597593,0.7080568242357165,0.849463254029;1.72750525418e-05,-1.7985612998927536e-14
main,concentrated,2,1.0;0.0,512,29,1.0,0.2,samplewise,3.7612488746102106,0.7522497749220421,0.0808862902753944,1.0,2.0,0.7564417556472544,"[0.8646647167633873, 0.0]",1.8935653405195185,0.9467826702597593,0.7080568242357165,0.849463254029;1.72750525418e-05,-1.7985612998927536e-14
main,concentrated,2,1.0;0.0,512,47,1.0,0.02,official-featurewise,45.93394209456553,0.9186788418913107,0.049157983580990106,1.0,2.0,0.7564417556472544,"[0.8646647167633873, 0.0]",1.9790124778437217,0.9895062389218608,0.7467577923718474,0.8617236691;0.000511149034158,1.7319479184152442e-14
main,concentrated,2,1.0;0.0,512,47,1.0,0.02,samplewise,3.789541202284215,0.0757908240456843,0.12676035470920688,1.0,2.0,0.7564417556472544,"[0.8646647167633873, 0.0]",1.9790124778437217,0.9895062389218608,0.7467577923718474,0.8617236691;0.000511149034158,1.7319479184152442e-14
main,concentrated,2,1.0;0.0,512,47,1.0,0.05,official-featurewise,45.93394209456553,2.2966971047282767,0.002755875078364056,1.0,2.0,0.7564417556472544,"[0.8646647167633873, 0.0]",1.9790124778437217,0.9895062389218608,0.7467577923718474,0.8617236691;0.000511149034158,1.7319479184152442e-14
main,concentrated,2,1.0;0.0,512,47,1.0,0.05,samplewise,3.789541202284215,0.18947706011421075,0.1930041564977234,1.0,2.0,0.7564417556472544,"[0.8646647167633873, 0.0]",1.9790124778437217,0.9895062389218608,0.7467577923718474,0.8617236691;0.000511149034158,1.7319479184152442e-14
main,concentrated,2,1.0;0.0,512,47,1.0,0.2,official-featurewise,45.93394209456553,9.186788418913107,9.706832528877385e-07,1.0,2.0,0.7564417556472544,"[0.8646647167633873, 0.0]",1.9790124778437217,0.9895062389218608,0.7467577923718474,0.8617236691;0.000511149034158,1.7319479184152442e-14
main,concentrated,2,1.0;0.0,512,47,1.0,0.2,samplewise,3.789541202284215,0.757908240456843,0.08761338585458134,1.0,2.0,0.7564417556472544,"[0.8646647167633873, 0.0]",1.9790124778437217,0.9895062389218608,0.7467577923718474,0.8617236691;0.000511149034158,1.7319479184152442e-14
main,concentrated,2,1.0;0.0,512,71,1.0,0.02,official-featurewise,44.60098911598524,0.8920197823197049,0.037352500151797585,1.0,2.0,0.7564417556472544,"[0.8646647167633873, 0.0]",1.933051593826178,0.966525796913089,0.7254843096180448,0.854961594873;0.00229225390642,1.6431300764452317e-14
main,concentrated,2,1.0;0.0,512,71,1.0,0.02,samplewise,3.6663068343811,0.073326136687622,0.17454395362278774,1.0,2.0,0.7564417556472544,"[0.8646647167633873, 0.0]",1.933051593826178,0.966525796913089,0.7254843096180448,0.854961594873;0.00229225390642,1.6431300764452317e-14
main,concentrated,2,1.0;0.0,512,71,1.0,0.05,official-featurewise,44.60098911598524,2.230049455799262,0.0023395972242461482,1.0,2.0,0.7564417556472544,"[0.8646647167633873, 0.0]",1.933051593826178,0.966525796913089,0.7254843096180448,0.854961594873;0.00229225390642,1.6431300764452317e-14
main,concentrated,2,1.0;0.0,512,71,1.0,0.05,samplewise,3.6663068343811,0.183315341719055,0.2587116949605921,1.0,2.0,0.7564417556472544,"[0.8646647167633873, 0.0]",1.933051593826178,0.966525796913089,0.7254843096180448,0.854961594873;0.00229225390642,1.6431300764452317e-14
main,concentrated,2,1.0;0.0,512,71,1.0,0.2,official-featurewise,44.60098911598524,8.920197823197048,1.2845267320926723e-06,1.0,2.0,0.7564417556472544,"[0.8646647167633873, 0.0]",1.933051593826178,0.966525796913089,0.7254843096180448,0.854961594873;0.00229225390642,1.6431300764452317e-14
main,concentrated,2,1.0;0.0,512,71,1.0,0.2,samplewise,3.6663068343811,0.73326136687622,0.06845989204218483,1.0,2.0,0.7564417556472544,"[0.8646647167633873, 0.0]",1.933051593826178,0.966525796913089,0.7254843096180448,0.854961594873;0.00229225390642,1.6431300764452317e-14
main,concentrated,2,1.0;0.0,512,101,1.0,0.02,official-featurewise,47.551259864261304,0.951025197285226,0.042796838074805166,1.0,2.0,0.7564417556472544,"[0.8646647167633873, 0.0]",2.0361611684799974,1.0180805842399987,0.7724872864251137,0.869156514759;0.0024048329892,-4.440892098500626e-16
main,concentrated,2,1.0;0.0,512,101,1.0,0.02,samplewise,3.8582575945431907,0.07716515189086381,0.1330723810097698,1.0,2.0,0.7564417556472544,"[0.8646647167633873, 0.0]",2.0361611684799974,1.0180805842399987,0.7724872864251137,0.869156514759;0.0024048329892,-4.440892098500626e-16
main,concentrated,2,1.0;0.0,512,101,1.0,0.05,official-featurewise,47.551259864261304,2.3775629932130653,0.002562783511024236,1.0,2.0,0.7564417556472544,"[0.8646647167633873, 0.0]",2.0361611684799974,1.0180805842399987,0.7724872864251137,0.869156514759;0.0024048329892,-4.440892098500626e-16
main,concentrated,2,1.0;0.0,512,101,1.0,0.05,samplewise,3.8582575945431907,0.19291287972715954,0.18807258408620964,1.0,2.0,0.7564417556472544,"[0.8646647167633873, 0.0]",2.0361611684799974,1.0180805842399987,0.7724872864251137,0.869156514759;0.0024048329892,-4.440892098500626e-16
main,concentrated,2,1.0;0.0,512,101,1.0,0.2,official-featurewise,47.551259864261304,9.510251972852261,1.020897748560401e-06,1.0,2.0,0.7564417556472544,"[0.8646647167633873, 0.0]",2.0361611684799974,1.0180805842399987,0.7724872864251137,0.869156514759;0.0024048329892,-4.440892098500626e-16
main,concentrated,2,1.0;0.0,512,101,1.0,0.2,samplewise,3.8582575945431907,0.7716515189086381,0.07922290549944933,1.0,2.0,0.7564417556472544,"[0.8646647167633873, 0.0]",2.0361611684799974,1.0180805842399987,0.7724872864251137,0.869156514759;0.0024048329892,-4.440892098500626e-16
main,concentrated,2,1.0;0.0,1024,11,1.0,0.02,official-featurewise,64.48019883494781,1.2896039766989562,0.015433002137996255,1.0,2.0,0.7564417556472544,"[0.8646647167633873, 0.0]",1.9977707860022385,0.9988853930011192,0.7554149022337898,0.864357064836;4.14625560742e-05,1.3100631690576847e-14
main,concentrated,2,1.0;0.0,1024,11,1.0,0.02,samplewise,3.7596647187266963,0.07519329437453393,0.17567195757189502,1.0,2.0,0.7564417556472544,"[0.8646647167633873, 0.0]",1.9977707860022385,0.9988853930011192,0.7554149022337898,0.864357064836;4.14625560742e-05,1.3100631690576847e-14
main,concentrated,2,1.0;0.0,1024,11,1.0,0.05,official-featurewise,64.48019883494781,3.224009941747391,0.000656730776501746,1.0,2.0,0.7564417556472544,"[0.8646647167633873, 0.0]",1.9977707860022385,0.9988853930011192,0.7554149022337898,0.864357064836;4.14625560742e-05,1.3100631690576847e-14
main,concentrated,2,1.0;0.0,1024,11,1.0,0.05,samplewise,3.7596647187266963,0.1879832359363348,0.20644372437926872,1.0,2.0,0.7564417556472544,"[0.8646647167633873, 0.0]",1.9977707860022385,0.9988853930011192,0.7554149022337898,0.864357064836;4.14625560742e-05,1.3100631690576847e-14
main,concentrated,2,1.0;0.0,1024,11,1.0,0.2,official-featurewise,64.48019883494781,12.896039766989563,9.607985163029298e-08,1.0,2.0,0.7564417556472544,"[0.8646647167633873, 0.0]",1.9977707860022385,0.9988853930011192,0.7554149022337898,0.864357064836;4.14625560742e-05,1.3100631690576847e-14
main,concentrated,2,1.0;0.0,1024,11,1.0,0.2,samplewise,3.7596647187266963,0.7519329437453393,0.06475811529257669,1.0,2.0,0.7564417556472544,"[0.8646647167633873, 0.0]",1.9977707860022385,0.9988853930011192,0.7554149022337898,0.864357064836;4.14625560742e-05,1.3100631690576847e-14
main,concentrated,2,1.0;0.0,1024,29,1.0,0.02,official-featurewise,64.58768721386585,1.291753744277317,0.016726963344563472,1.0,2.0,0.7564417556472544,"[0.8646647167633873, 0.0]",1.9604937343461193,0.9802468671730596,0.7383493596959255,0.859158144891;0.000376050585048,-3.774758283725532e-15
main,concentrated,2,1.0;0.0,1024,29,1.0,0.02,samplewise,3.746854430319223,0.07493708860638446,0.1927437566816126,1.0,2.0,0.7564417556472544,"[0.8646647167633873, 0.0]",1.9604937343461193,0.9802468671730596,0.7383493596959255,0.859158144891;0.000376050585048,-3.774758283725532e-15
main,concentrated,2,1.0;0.0,1024,29,1.0,0.05,official-featurewise,64.58768721386585,3.2293843606932926,0.0006904157713556458,1.0,2.0,0.7564417556472544,"[0.8646647167633873, 0.0]",1.9604937343461193,0.9802468671730596,0.7383493596959255,0.859158144891;0.000376050585048,-3.774758283725532e-15
main,concentrated,2,1.0;0.0,1024,29,1.0,0.05,samplewise,3.746854430319223,0.18734272151596115,0.21865524136998626,1.0,2.0,0.7564417556472544,"[0.8646647167633873, 0.0]",1.9604937343461193,0.9802468671730596,0.7383493596959255,0.859158144891;0.000376050585048,-3.774758283725532e-15
main,concentrated,2,1.0;0.0,1024,29,1.0,0.2,official-featurewise,64.58768721386585,12.91753744277317,8.530708228704498e-08,1.0,2.0,0.7564417556472544,"[0.8646647167633873, 0.0]",1.9604937343461193,0.9802468671730596,0.7383493596959255,0.859158144891;0.000376050585048,-3.774758283725532e-15
main,concentrated,2,1.0;0.0,1024,29,1.0,0.2,samplewise,3.746854430319223,0.7493708860638446,0.06270213615471931,1.0,2.0,0.7564417556472544,"[0.8646647167633873, 0.0]",1.9604937343461193,0.9802468671730596,0.7383493596959255,0.859158144891;0.000376050585048,-3.774758283725532e-15
main,concentrated,2,1.0;0.0,1024,47,1.0,0.02,official-featurewise,64.6658237283821,1.293316474567642,0.015454334521088242,1.0,2.0,0.7564417556472544,"[0.8646647167633873, 0.0]",1.9252488556112413,0.9626244278056206,0.7224062865917162,0.854157279617;2.23597745294e-05,0.0
main,concentrated,2,1.0;0.0,1024,47,1.0,0.02,samplewise,3.756446745976608,0.07512893491953217,0.18964769855221508,1.0,2.0,0.7564417556472544,"[0.8646647167633873, 0.0]",1.9252488556112413,0.9626244278056206,0.7224062865917162,0.854157279617;2.23597745294e-05,0.0
main,concentrated,2,1.0;0.0,1024,47,1.0,0.05,official-featurewise,64.6658237283821,3.233291186419105,0.0005949784058039143,1.0,2.0,0.7564417556472544,"[0.8646647167633873, 0.0]",1.9252488556112413,0.9626244278056206,0.7224062865917162,0.854157279617;2.23597745294e-05,0.0
main,concentrated,2,1.0;0.0,1024,47,1.0,0.05,samplewise,3.756446745976608,0.1878223372988304,0.20446414480336017,1.0,2.0,0.7564417556472544,"[0.8646647167633873, 0.0]",1.9252488556112413,0.9626244278056206,0.7224062865917162,0.854157279617;2.23597745294e-05,0.0
main,concentrated,2,1.0;0.0,1024,47,1.0,0.2,official-featurewise,64.6658237283821,12.93316474567642,8.091713254998467e-08,1.0,2.0,0.7564417556472544,"[0.8646647167633873, 0.0]",1.9252488556112413,0.9626244278056206,0.7224062865917162,0.854157279617;2.23597745294e-05,0.0
main,concentrated,2,1.0;0.0,1024,47,1.0,0.2,samplewise,3.756446745976608,0.7512893491953216,0.0656485149036321,1.0,2.0,0.7564417556472544,"[0.8646647167633873, 0.0]",1.9252488556112413,0.9626244278056206,0.7224062865917162,0.854157279617;2.23597745294e-05,0.0
main,concentrated,2,1.0;0.0,1024,71,1.0,0.02,official-featurewise,63.43397436185369,1.268679487237074,0.015278076439820154,1.0,2.0,0.7564417556472544,"[0.8646647167633873, 0.0]",2.1011039544405854,1.0505519772202927,0.8020417775819637,0.877217030211;0.00375991281742,1.7319479184152442e-14
main,concentrated,2,1.0;0.0,1024,71,1.0,0.02,samplewise,3.6602314673674976,0.07320462934734995,0.15754714894389465,1.0,2.0,0.7564417556472544,"[0.8646647167633873, 0.0]",2.1011039544405854,1.0505519772202927,0.8020417775819637,0.877217030211;0.00375991281742,1.7319479184152442e-14
main,concentrated,2,1.0;0.0,1024,71,1.0,0.05,official-featurewise,63.43397436185369,3.171698718092685,0.0006488417549270764,1.0,2.0,0.7564417556472544,"[0.8646647167633873, 0.0]",2.1011039544405854,1.0505519772202927,0.8020417775819637,0.877217030211;0.00375991281742,1.7319479184152442e-14
main,concentrated,2,1.0;0.0,1024,71,1.0,0.05,samplewise,3.6602314673674976,0.1830115733683749,0.18526763930097356,1.0,2.0,0.7564417556472544,"[0.8646647167633873, 0.0]",2.1011039544405854,1.0505519772202927,0.8020417775819637,0.877217030211;0.00375991281742,1.7319479184152442e-14
main,concentrated,2,1.0;0.0,1024,71,1.0,0.2,official-featurewise,63.43397436185369,12.68679487237074,1.0148274398602553e-07,1.0,2.0,0.7564417556472544,"[0.8646647167633873, 0.0]",2.1011039544405854,1.0505519772202927,0.8020417775819637,0.877217030211;0.00375991281742,1.7319479184152442e-14
main,concentrated,2,1.0;0.0,1024,71,1.0,0.2,samplewise,3.6602314673674976,0.7320462934734996,0.06251532309070384,1.0,2.0,0.7564417556472544,"[0.8646647167633873, 0.0]",2.1011039544405854,1.0505519772202927,0.8020417775819637,0.877217030211;0.00375991281742,1.7319479184152442e-14
main,concentrated,2,1.0;0.0,1024,101,1.0,0.02,official-featurewise,67.2706270550644,1.3454125411012878,0.017520423670660534,1.0,2.0,0.7564417556472544,"[0.8646647167633873, 0.0]",2.0947063282358482,1.0473531641179241,0.7993513265038974,0.876579657447;0.0025437568043,2.3092638912203256e-14
main,concentrated,2,1.0;0.0,1024,101,1.0,0.02,samplewise,3.9511178484109237,0.07902235696821848,0.20209330039536777,1.0,2.0,0.7564417556472544,"[0.8646647167633873, 0.0]",2.0947063282358482,1.0473531641179241,0.7993513265038974,0.876579657447;0.0025437568043,2.3092638912203256e-14
main,concentrated,2,1.0;0.0,1024,101,1.0,0.05,official-featurewise,67.2706270550644,3.36353135275322,0.000700770929949357,1.0,2.0,0.7564417556472544,"[0.8646647167633873, 0.0]",2.0947063282358482,1.0473531641179241,0.7993513265038974,0.876579657447;0.0025437568043,2.3092638912203256e-14
main,concentrated,2,1.0;0.0,1024,101,1.0,0.05,samplewise,3.9511178484109237,0.1975558924205462,0.19224676588160072,1.0,2.0,0.7564417556472544,"[0.8646647167633873, 0.0]",2.0947063282358482,1.0473531641179241,0.7993513265038974,0.876579657447;0.0025437568043,2.3092638912203256e-14
main,concentrated,2,1.0;0.0,1024,101,1.0,0.2,official-featurewise,67.2706270550644,13.45412541101288,7.631630793980548e-08,1.0,2.0,0.7564417556472544,"[0.8646647167633873, 0.0]",2.0947063282358482,1.0473531641179241,0.7993513265038974,0.876579657447;0.0025437568043,2.3092638912203256e-14
main,concentrated,2,1.0;0.0,1024,101,1.0,0.2,samplewise,3.9511178484109237,0.7902235696821848,0.06269397014477462,1.0,2.0,0.7564417556472544,"[0.8646647167633873, 0.0]",2.0947063282358482,1.0473531641179241,0.7993513265038974,0.876579657447;0.0025437568043,2.3092638912203256e-14
main,equal_gc_spread,2,0.5;0.5,256,11,1.0,0.02,official-featurewise,22.05393610659692,0.44107872213193844,0.1985518974440632,1.0,2.0,0.6559778784857395,"[0.6321205588285577, 0.6321205588285577]",1.9142165023164446,0.9571082511582223,0.6245170354050171,0.665044042215;0.559771019505,3.774758283725532e-15
main,equal_gc_spread,2,0.5;0.5,256,11,1.0,0.02,samplewise,3.2905754213543847,0.06581150842708769,0.07075141646775496,1.0,2.0,0.6559778784857395,"[0.6321205588285577, 0.6321205588285577]",1.9142165023164446,0.9571082511582223,0.6245170354050171,0.665044042215;0.559771019505,3.774758283725532e-15
main,equal_gc_spread,2,0.5;0.5,256,11,1.0,0.05,official-featurewise,22.05393610659692,1.102696805329846,0.03754411775252997,1.0,2.0,0.6559778784857395,"[0.6321205588285577, 0.6321205588285577]",1.9142165023164446,0.9571082511582223,0.6245170354050171,0.665044042215;0.559771019505,3.774758283725532e-15
main,equal_gc_spread,2,0.5;0.5,256,11,1.0,0.05,samplewise,3.2905754213543847,0.16452877106771924,0.22763974889398675,1.0,2.0,0.6559778784857395,"[0.6321205588285577, 0.6321205588285577]",1.9142165023164446,0.9571082511582223,0.6245170354050171,0.665044042215;0.559771019505,3.774758283725532e-15
main,equal_gc_spread,2,0.5;0.5,256,11,1.0,0.2,official-featurewise,22.05393610659692,4.410787221319384,4.414502341631987e-05,1.0,2.0,0.6559778784857395,"[0.6321205588285577, 0.6321205588285577]",1.9142165023164446,0.9571082511582223,0.6245170354050171,0.665044042215;0.559771019505,3.774758283725532e-15
main,equal_gc_spread,2,0.5;0.5,256,11,1.0,0.2,samplewise,3.2905754213543847,0.658115084270877,0.1608008918833992,1.0,2.0,0.6559778784857395,"[0.6321205588285577, 0.6321205588285577]",1.9142165023164446,0.9571082511582223,0.6245170354050171,0.665044042215;0.559771019505,3.774758283725532e-15
main,equal_gc_spread,2,0.5;0.5,256,29,1.0,0.02,official-featurewise,21.58368143510735,0.43167362870214704,0.224924067674932,1.0,2.0,0.6559778784857395,"[0.6321205588285577, 0.6321205588285577]",2.070801352104509,1.0354006760522545,0.6851704274655862,0.685637076079;0.598919931791,-4.440892098500626e-16
main,equal_gc_spread,2,0.5;0.5,256,29,1.0,0.02,samplewise,3.1362790141059285,0.06272558028211857,0.10498327882221581,1.0,2.0,0.6559778784857395,"[0.6321205588285577, 0.6321205588285577]",2.070801352104509,1.0354006760522545,0.6851704274655862,0.685637076079;0.598919931791,-4.440892098500626e-16
main,equal_gc_spread,2,0.5;0.5,256,29,1.0,0.05,official-featurewise,21.58368143510735,1.0791840717553676,0.04114689395617077,1.0,2.0,0.6559778784857395,"[0.6321205588285577, 0.6321205588285577]",2.070801352104509,1.0354006760522545,0.6851704274655862,0.685637076079;0.598919931791,-4.440892098500626e-16
main,equal_gc_spread,2,0.5;0.5,256,29,1.0,0.05,samplewise,3.1362790141059285,0.15681395070529644,0.20350156295404798,1.0,2.0,0.6559778784857395,"[0.6321205588285577, 0.6321205588285577]",2.070801352104509,1.0354006760522545,0.6851704274655862,0.685637076079;0.598919931791,-4.440892098500626e-16
main,equal_gc_spread,2,0.5;0.5,256,29,1.0,0.2,official-featurewise,21.58368143510735,4.31673628702147,4.92564158385278e-05,1.0,2.0,0.6559778784857395,"[0.6321205588285577, 0.6321205588285577]",2.070801352104509,1.0354006760522545,0.6851704274655862,0.685637076079;0.598919931791,-4.440892098500626e-16
main,equal_gc_spread,2,0.5;0.5,256,29,1.0,0.2,samplewise,3.1362790141059285,0.6272558028211858,0.171858008399564,1.0,2.0,0.6559778784857395,"[0.6321205588285577, 0.6321205588285577]",2.070801352104509,1.0354006760522545,0.6851704274655862,0.685637076079;0.598919931791,-4.440892098500626e-16
main,equal_gc_spread,2,0.5;0.5,256,47,1.0,0.02,official-featurewise,21.690698094497634,0.4338139618899527,0.1728417536165514,1.0,2.0,0.6559778784857395,"[0.6321205588285577, 0.6321205588285577]",1.9445582354740025,0.9722791177370013,0.6344507901924633,0.631143329691;0.612178888196,-6.661338147750939e-16
main,equal_gc_spread,2,0.5;0.5,256,47,1.0,0.02,samplewise,3.13529632418244,0.0627059264836488,0.11419137786733291,1.0,2.0,0.6559778784857395,"[0.6321205588285577, 0.6321205588285577]",1.9445582354740025,0.9722791177370013,0.6344507901924633,0.631143329691;0.612178888196,-6.661338147750939e-16
main,equal_gc_spread,2,0.5;0.5,256,47,1.0,0.05,official-featurewise,21.690698094497634,1.0845349047248818,0.03950332397967671,1.0,2.0,0.6559778784857395,"[0.6321205588285577, 0.6321205588285577]",1.9445582354740025,0.9722791177370013,0.6344507901924633,0.631143329691;0.612178888196,-6.661338147750939e-16
main,equal_gc_spread,2,0.5;0.5,256,47,1.0,0.05,samplewise,3.13529632418244,0.156764816209122,0.1717589489229745,1.0,2.0,0.6559778784857395,"[0.6321205588285577, 0.6321205588285577]",1.9445582354740025,0.9722791177370013,0.6344507901924633,0.631143329691;0.612178888196,-6.661338147750939e-16
main,equal_gc_spread,2,0.5;0.5,256,47,1.0,0.2,official-featurewise,21.690698094497634,4.338139618899527,3.874624477617772e-05,1.0,2.0,0.6559778784857395,"[0.6321205588285577, 0.6321205588285577]",1.9445582354740025,0.9722791177370013,0.6344507901924633,0.631143329691;0.612178888196,-6.661338147750939e-16
main,equal_gc_spread,2,0.5;0.5,256,47,1.0,0.2,samplewise,3.13529632418244,0.627059264836488,0.14471648845133167,1.0,2.0,0.6559778784857395,"[0.6321205588285577, 0.6321205588285577]",1.9445582354740025,0.9722791177370013,0.6344507901924633,0.631143329691;0.612178888196,-6.661338147750939e-16
main,equal_gc_spread,2,0.5;0.5,256,71,1.0,0.02,official-featurewise,22.332741584437237,0.44665483168874476,0.1796886518202756,1.0,2.0,0.6559778784857395,"[0.6321205588285577, 0.6321205588285577]",2.106241955148288,1.053120977574144,0.6980389285288878,0.669560625464;0.631719308544,1.7763568394002505e-15
main,equal_gc_spread,2,0.5;0.5,256,71,1.0,0.02,samplewise,3.2376472790628226,0.06475294558125645,0.10316656650266864,1.0,2.0,0.6559778784857395,"[0.6321205588285577, 0.6321205588285577]",2.106241955148288,1.053120977574144,0.6980389285288878,0.669560625464;0.631719308544,1.7763568394002505e-15
main,equal_gc_spread,2,0.5;0.5,256,71,1.0,0.05,official-featurewise,22.332741584437237,1.1166370792218618,0.03297476932458743,1.0,2.0,0.6559778784857395,"[0.6321205588285577, 0.6321205588285577]",2.106241955148288,1.053120977574144,0.6980389285288878,0.669560625464;0.631719308544,1.7763568394002505e-15
main,equal_gc_spread,2,0.5;0.5,256,71,1.0,0.05,samplewise,3.2376472790628226,0.16188236395314115,0.23512033344576366,1.0,2.0,0.6559778784857395,"[0.6321205588285577, 0.6321205588285577]",2.106241955148288,1.053120977574144,0.6980389285288878,0.669560625464;0.631719308544,1.7763568394002505e-15
main,equal_gc_spread,2,0.5;0.5,256,71,1.0,0.2,official-featurewise,22.332741584437237,4.466548316887447,3.780314161616616e-05,1.0,2.0,0.6559778784857395,"[0.6321205588285577, 0.6321205588285577]",2.106241955148288,1.053120977574144,0.6980389285288878,0.669560625464;0.631719308544,1.7763568394002505e-15
main,equal_gc_spread,2,0.5;0.5,256,71,1.0,0.2,samplewise,3.2376472790628226,0.6475294558125646,0.1411882340043462,1.0,2.0,0.6559778784857395,"[0.6321205588285577, 0.6321205588285577]",2.106241955148288,1.053120977574144,0.6980389285288878,0.669560625464;0.631719308544,1.7763568394002505e-15
main,equal_gc_spread,2,0.5;0.5,256,101,1.0,0.02,official-featurewise,22.54308266192885,0.450861653238577,0.18560609761841906,1.0,2.0,0.6559778784857395,"[0.6321205588285577, 0.6321205588285577]",1.8823885491647614,0.9411942745823807,0.6109000695196727,0.63722074363;0.580389261392,-2.220446049250313e-15
main,equal_gc_spread,2,0.5;0.5,256,101,1.0,0.02,samplewise,3.315054498031202,0.06630108996062405,0.07296322688740364,1.0,2.0,0.6559778784857395,"[0.6321205588285577, 0.6321205588285577]",1.8823885491647614,0.9411942745823807,0.6109000695196727,0.63722074363;0.580389261392,-2.220446049250313e-15
main,equal_gc_spread,2,0.5;0.5,256,101,1.0,0.05,official-featurewise,22.54308266192885,1.1271541330964425,0.038952721653327416,1.0,2.0,0.6559778784857395,"[0.6321205588285577, 0.6321205588285577]",1.8823885491647614,0.9411942745823807,0.6109000695196727,0.63722074363;0.580389261392,-2.220446049250313e-15
main,equal_gc_spread,2,0.5;0.5,256,101,1.0,0.05,samplewise,3.315054498031202,0.16575272490156012,0.25495434307076703,1.0,2.0,0.6559778784857395,"[0.6321205588285577, 0.6321205588285577]",1.8823885491647614,0.9411942745823807,0.6109000695196727,0.63722074363;0.580389261392,-2.220446049250313e-15
main,equal_gc_spread,2,0.5;0.5,256,101,1.0,0.2,official-featurewise,22.54308266192885,4.50861653238577,3.765852976655992e-05,1.0,2.0,0.6559778784857395,"[0.6321205588285577, 0.6321205588285577]",1.8823885491647614,0.9411942745823807,0.6109000695196727,0.63722074363;0.580389261392,-2.220446049250313e-15
main,equal_gc_spread,2,0.5;0.5,256,101,1.0,0.2,samplewise,3.315054498031202,0.6630108996062405,0.15903158153365915,1.0,2.0,0.6559778784857395,"[0.6321205588285577, 0.6321205588285577]",1.8823885491647614,0.9411942745823807,0.6109000695196727,0.63722074363;0.580389261392,-2.220446049250313e-15
main,equal_gc_spread,2,0.5;0.5,512,11,1.0,0.02,official-featurewise,31.628281385280687,0.6325656277056138,0.15908608945439262,1.0,2.0,0.6559778784857395,"[0.6321205588285577, 0.6321205588285577]",1.9483657352678587,0.9741828676339294,0.6360706752463672,0.639250470728;0.604970308709,-6.8833827526759706e-15
main,equal_gc_spread,2,0.5;0.5,512,11,1.0,0.02,samplewise,3.2972138637714967,0.06594427727542994,0.1294445796988768,1.0,2.0,0.6559778784857395,"[0.6321205588285577, 0.6321205588285577]",1.9483657352678587,0.9741828676339294,0.6360706752463672,0.639250470728;0.604970308709,-6.8833827526759706e-15
main,equal_gc_spread,2,0.5;0.5,512,11,1.0,0.05,official-featurewise,31.628281385280687,1.5814140692640344,0.010983700091905746,1.0,2.0,0.6559778784857395,"[0.6321205588285577, 0.6321205588285577]",1.9483657352678587,0.9741828676339294,0.6360706752463672,0.639250470728;0.604970308709,-6.8833827526759706e-15
main,equal_gc_spread,2,0.5;0.5,512,11,1.0,0.05,samplewise,3.2972138637714967,0.16486069318857485,0.21544665943817165,1.0,2.0,0.6559778784857395,"[0.6321205588285577, 0.6321205588285577]",1.9483657352678587,0.9741828676339294,0.6360706752463672,0.639250470728;0.604970308709,-6.8833827526759706e-15
main,equal_gc_spread,2,0.5;0.5,512,11,1.0,0.2,official-featurewise,31.628281385280687,6.3256562770561375,3.99986722143808e-06,1.0,2.0,0.6559778784857395,"[0.6321205588285577, 0.6321205588285577]",1.9483657352678587,0.9741828676339294,0.6360706752463672,0.639250470728;0.604970308709,-6.8833827526759706e-15
main,equal_gc_spread,2,0.5;0.5,512,11,1.0,0.2,samplewise,3.2972138637714967,0.6594427727542994,0.14528589441613704,1.0,2.0,0.6559778784857395,"[0.6321205588285577, 0.6321205588285577]",1.9483657352678587,0.9741828676339294,0.6360706752463672,0.639250470728;0.604970308709,-6.8833827526759706e-15
main,equal_gc_spread,2,0.5;0.5,512,29,1.0,0.02,official-featurewise,31.42041445718056,0.6284082891436112,0.14772601664335028,1.0,2.0,0.6559778784857395,"[0.6321205588285577, 0.6321205588285577]",1.8421704259991127,0.9210852129995564,0.5951631591107449,0.620692774148;0.582203850495,-4.440892098500626e-15
main,equal_gc_spread,2,0.5;0.5,512,29,1.0,0.02,samplewise,3.300893593049241,0.06601787186098482,0.16026714938270814,1.0,2.0,0.6559778784857395,"[0.6321205588285577, 0.6321205588285577]",1.8421704259991127,0.9210852129995564,0.5951631591107449,0.620692774148;0.582203850495,-4.440892098500626e-15
main,equal_gc_spread,2,0.5;0.5,512,29,1.0,0.05,official-featurewise,31.42041445718056,1.571020722859028,0.011160559161758954,1.0,2.0,0.6559778784857395,"[0.6321205588285577, 0.6321205588285577]",1.8421704259991127,0.9210852129995564,0.5951631591107449,0.620692774148;0.582203850495,-4.440892098500626e-15
main,equal_gc_spread,2,0.5;0.5,512,29,1.0,0.05,samplewise,3.300893593049241,0.16504467965246206,0.23012796081892084,1.0,2.0,0.6559778784857395,"[0.6321205588285577, 0.6321205588285577]",1.8421704259991127,0.9210852129995564,0.5951631591107449,0.620692774148;0.582203850495,-4.440892098500626e-15
main,equal_gc_spread,2,0.5;0.5,512,29,1.0,0.2,official-featurewise,31.42041445718056,6.284082891436112,3.509804795243099e-06,1.0,2.0,0.6559778784857395,"[0.6321205588285577, 0.6321205588285577]",1.8421704259991127,0.9210852129995564,0.5951631591107449,0.620692774148;0.582203850495,-4.440892098500626e-15
main,equal_gc_spread,2,0.5;0.5,512,29,1.0,0.2,samplewise,3.300893593049241,0.6601787186098482,0.136402330019866,1.0,2.0,0.6559778784857395,"[0.6321205588285577, 0.6321205588285577]",1.8421704259991127,0.9210852129995564,0.5951631591107449,0.620692774148;0.582203850495,-4.440892098500626e-15
main,equal_gc_spread,2,0.5;0.5,512,47,1.0,0.02,official-featurewise,30.868152801672142,0.6173630560334429,0.16494343317584104,1.0,2.0,0.6559778784857395,"[0.6321205588285577, 0.6321205588285577]",1.915067830089126,0.957533915044563,0.6235254389284252,0.643734247133;0.586455230317,2.220446049250313e-15
main,equal_gc_spread,2,0.5;0.5,512,47,1.0,0.02,samplewise,3.249250062896223,0.06498500125792446,0.1402754977459768,1.0,2.0,0.6559778784857395,"[0.6321205588285577, 0.6321205588285577]",1.915067830089126,0.957533915044563,0.6235254389284252,0.643734247133;0.586455230317,2.220446049250313e-15
main,equal_gc_spread,2,0.5;0.5,512,47,1.0,0.05,official-featurewise,30.868152801672142,1.5434076400836072,0.010863279464867759,1.0,2.0,0.6559778784857395,"[0.6321205588285577, 0.6321205588285577]",1.915067830089126,0.957533915044563,0.6235254389284252,0.643734247133;0.586455230317,2.220446049250313e-15
main,equal_gc_spread,2,0.5;0.5,512,47,1.0,0.05,samplewise,3.249250062896223,0.16246250314481114,0.22632781050792783,1.0,2.0,0.6559778784857395,"[0.6321205588285577, 0.6321205588285577]",1.915067830089126,0.957533915044563,0.6235254389284252,0.643734247133;0.586455230317,2.220446049250313e-15
main,equal_gc_spread,2,0.5;0.5,512,47,1.0,0.2,official-featurewise,30.868152801672142,6.173630560334429,4.102558101237719e-06,1.0,2.0,0.6559778784857395,"[0.6321205588285577, 0.6321205588285577]",1.915067830089126,0.957533915044563,0.6235254389284252,0.643734247133;0.586455230317,2.220446049250313e-15
main,equal_gc_spread,2,0.5;0.5,512,47,1.0,0.2,samplewise,3.249250062896223,0.6498500125792446,0.14704947225810372,1.0,2.0,0.6559778784857395,"[0.6321205588285577, 0.6321205588285577]",1.915067830089126,0.957533915044563,0.6235254389284252,0.643734247133;0.586455230317,2.220446049250313e-15
main,equal_gc_spread,2,0.5;0.5,512,71,1.0,0.02,official-featurewise,31.244256495773666,0.6248851299154733,0.1233064568393143,1.0,2.0,0.6559778784857395,"[0.6321205588285577, 0.6321205588285577]",2.0005299223741324,1.0002649611870662,0.657051300903887,0.665333234447;0.595826060537,1.7763568394002505e-15
main,equal_gc_spread,2,0.5;0.5,512,71,1.0,0.02,samplewise,3.2191544764954907,0.06438308952990981,0.1435865537210388,1.0,2.0,0.6559778784857395,"[0.6321205588285577, 0.6321205588285577]",2.0005299223741324,1.0002649611870662,0.657051300903887,0.665333234447;0.595826060537,1.7763568394002505e-15
main,equal_gc_spread,2,0.5;0.5,512,71,1.0,0.05,official-featurewise,31.244256495773666,1.5622128247886833,0.008092011957611334,1.0,2.0,0.6559778784857395,"[0.6321205588285577, 0.6321205588285577]",2.0005299223741324,1.0002649611870662,0.657051300903887,0.665333234447;0.595826060537,1.7763568394002505e-15
main,equal_gc_spread,2,0.5;0.5,512,71,1.0,0.05,samplewise,3.2191544764954907,0.16095772382477455,0.27699935003988596,1.0,2.0,0.6559778784857395,"[0.6321205588285577, 0.6321205588285577]",2.0005299223741324,1.0002649611870662,0.657051300903887,0.665333234447;0.595826060537,1.7763568394002505e-15
main,equal_gc_spread,2,0.5;0.5,512,71,1.0,0.2,official-featurewise,31.244256495773666,6.248851299154733,3.718474829383922e-06,1.0,2.0,0.6559778784857395,"[0.6321205588285577, 0.6321205588285577]",2.0005299223741324,1.0002649611870662,0.657051300903887,0.665333234447;0.595826060537,1.7763568394002505e-15
main,equal_gc_spread,2,0.5;0.5,512,71,1.0,0.2,samplewise,3.2191544764954907,0.6438308952990982,0.1140873694337099,1.0,2.0,0.6559778784857395,"[0.6321205588285577, 0.6321205588285577]",2.0005299223741324,1.0002649611870662,0.657051300903887,0.665333234447;0.595826060537,1.7763568394002505e-15
main,equal_gc_spread,2,0.5;0.5,512,101,1.0,0.02,official-featurewise,32.39208522554696,0.6478417045109391,0.12936420462899534,1.0,2.0,0.6559778784857395,"[0.6321205588285577, 0.6321205588285577]",2.0573400649133777,1.0286700324566889,0.6793425522555675,0.675267856813;0.606465072377,3.552713678800501e-15
main,equal_gc_spread,2,0.5;0.5,512,101,1.0,0.02,samplewise,3.308880808116365,0.0661776161623273,0.11516769556404771,1.0,2.0,0.6559778784857395,"[0.6321205588285577, 0.6321205588285577]",2.0573400649133777,1.0286700324566889,0.6793425522555675,0.675267856813;0.606465072377,3.552713678800501e-15
main,equal_gc_spread,2,0.5;0.5,512,101,1.0,0.05,official-featurewise,32.39208522554696,1.619604261277348,0.009910103228428113,1.0,2.0,0.6559778784857395,"[0.6321205588285577, 0.6321205588285577]",2.0573400649133777,1.0286700324566889,0.6793425522555675,0.675267856813;0.606465072377,3.552713678800501e-15
main,equal_gc_spread,2,0.5;0.5,512,101,1.0,0.05,samplewise,3.308880808116365,0.16544404040581828,0.21117614724139244,1.0,2.0,0.6559778784857395,"[0.6321205588285577, 0.6321205588285577]",2.0573400649133777,1.0286700324566889,0.6793425522555675,0.675267856813;0.606465072377,3.552713678800501e-15
main,equal_gc_spread,2,0.5;0.5,512,101,1.0,0.2,official-featurewise,32.39208522554696,6.478417045109392,3.584083003715932e-06,1.0,2.0,0.6559778784857395,"[0.6321205588285577, 0.6321205588285577]",2.0573400649133777,1.0286700324566889,0.6793425522555675,0.675267856813;0.606465072377,3.552713678800501e-15
main,equal_gc_spread,2,0.5;0.5,512,101,1.0,0.2,samplewise,3.308880808116365,0.6617761616232731,0.12423835488023904,1.0,2.0,0.6559778784857395,"[0.6321205588285577, 0.6321205588285577]",2.0573400649133777,1.0286700324566889,0.6793425522555675,0.675267856813;0.606465072377,3.552713678800501e-15
main,equal_gc_spread,2,0.5;0.5,1024,11,1.0,0.02,official-featurewise,44.21750914423954,0.8843501828847908,0.05298982796928797,1.0,2.0,0.6559778784857395,"[0.6321205588285577, 0.6321205588285577]",2.023271203907276,1.011635601953638,0.6652646503867845,0.651752010752;0.620321624039,6.661338147750939e-15
main,equal_gc_spread,2,0.5;0.5,1024,11,1.0,0.02,samplewise,3.272543727272246,0.06545087454544493,0.1606715041598008,1.0,2.0,0.6559778784857395,"[0.6321205588285577, 0.6321205588285577]",2.023271203907276,1.011635601953638,0.6652646503867845,0.651752010752;0.620321624039,6.661338147750939e-15
main,equal_gc_spread,2,0.5;0.5,1024,11,1.0,0.05,official-featurewise,44.21750914423954,2.2108754572119773,0.0023594292222242075,1.0,2.0,0.6559778784857395,"[0.6321205588285577, 0.6321205588285577]",2.023271203907276,1.011635601953638,0.6652646503867845,0.651752010752;0.620321624039,6.661338147750939e-15
main,equal_gc_spread,2,0.5;0.5,1024,11,1.0,0.05,samplewise,3.272543727272246,0.16362718636361231,0.2371496217150808,1.0,2.0,0.6559778784857395,"[0.6321205588285577, 0.6321205588285577]",2.023271203907276,1.011635601953638,0.6652646503867845,0.651752010752;0.620321624039,6.661338147750939e-15
main,equal_gc_spread,2,0.5;0.5,1024,11,1.0,0.2,official-featurewise,44.21750914423954,8.84350182884791,3.509291275349824e-07,1.0,2.0,0.6559778784857395,"[0.6321205588285577, 0.6321205588285577]",2.023271203907276,1.011635601953638,0.6652646503867845,0.651752010752;0.620321624039,6.661338147750939e-15
main,equal_gc_spread,2,0.5;0.5,1024,11,1.0,0.2,samplewise,3.272543727272246,0.6545087454544493,0.11032817606289669,1.0,2.0,0.6559778784857395,"[0.6321205588285577, 0.6321205588285577]",2.023271203907276,1.011635601953638,0.6652646503867845,0.651752010752;0.620321624039,6.661338147750939e-15
main,equal_gc_spread,2,0.5;0.5,1024,29,1.0,0.02,official-featurewise,43.49483097517962,0.8698966195035923,0.06601238418337019,1.0,2.0,0.6559778784857395,"[0.6321205588285577, 0.6321205588285577]",1.9537485632339846,0.9768742816169923,0.6384258465193224,0.648550257534;0.596694123068,8.881784197001252e-16
main,equal_gc_spread,2,0.5;0.5,1024,29,1.0,0.02,samplewise,3.2680820518764033,0.06536164103752806,0.18742983126505042,1.0,2.0,0.6559778784857395,"[0.6321205588285577, 0.6321205588285577]",1.9537485632339846,0.9768742816169923,0.6384258465193224,0.648550257534;0.596694123068,8.881784197001252e-16
main,equal_gc_spread,2,0.5;0.5,1024,29,1.0,0.05,official-featurewise,43.49483097517962,2.174741548758981,0.002845479166882825,1.0,2.0,0.6559778784857395,"[0.6321205588285577, 0.6321205588285577]",1.9537485632339846,0.9768742816169923,0.6384258465193224,0.648550257534;0.596694123068,8.881784197001252e-16
main,equal_gc_spread,2,0.5;0.5,1024,29,1.0,0.05,samplewise,3.2680820518764033,0.16340410259382018,0.23316731198816054,1.0,2.0,0.6559778784857395,"[0.6321205588285577, 0.6321205588285577]",1.9537485632339846,0.9768742816169923,0.6384258465193224,0.648550257534;0.596694123068,8.881784197001252e-16
main,equal_gc_spread,2,0.5;0.5,1024,29,1.0,0.2,official-featurewise,43.49483097517962,8.698966195035924,3.4743026589012516e-07,1.0,2.0,0.6559778784857395,"[0.6321205588285577, 0.6321205588285577]",1.9537485632339846,0.9768742816169923,0.6384258465193224,0.648550257534;0.596694123068,8.881784197001252e-16
main,equal_gc_spread,2,0.5;0.5,1024,29,1.0,0.2,samplewise,3.2680820518764033,0.6536164103752807,0.12696244599190187,1.0,2.0,0.6559778784857395,"[0.6321205588285577, 0.6321205588285577]",1.9537485632339846,0.9768742816169923,0.6384258465193224,0.648550257534;0.596694123068,8.881784197001252e-16
main,equal_gc_spread,2,0.5;0.5,1024,47,1.0,0.02,official-featurewise,43.781111978179524,0.8756222395635905,0.05831411957245436,1.0,2.0,0.6559778784857395,"[0.6321205588285577, 0.6321205588285577]",1.9205353286951183,0.9602676643475592,0.625105233760745,0.623134749845;0.611191267543,-1.2656542480726785e-14
main,equal_gc_spread,2,0.5;0.5,1024,47,1.0,0.02,samplewise,3.292696369098204,0.06585392738196408,0.18279790959986464,1.0,2.0,0.6559778784857395,"[0.6321205588285577, 0.6321205588285577]",1.9205353286951183,0.9602676643475592,0.625105233760745,0.623134749845;0.611191267543,-1.2656542480726785e-14
main,equal_gc_spread,2,0.5;0.5,1024,47,1.0,0.05,official-featurewise,43.781111978179524,2.1890555989089764,0.0024819340839741244,1.0,2.0,0.6559778784857395,"[0.6321205588285577, 0.6321205588285577]",1.9205353286951183,0.9602676643475592,0.625105233760745,0.623134749845;0.611191267543,-1.2656542480726785e-14
main,equal_gc_spread,2,0.5;0.5,1024,47,1.0,0.05,samplewise,3.292696369098204,0.1646348184549102,0.22111266827073806,1.0,2.0,0.6559778784857395,"[0.6321205588285577, 0.6321205588285577]",1.9205353286951183,0.9602676643475592,0.625105233760745,0.623134749845;0.611191267543,-1.2656542480726785e-14
main,equal_gc_spread,2,0.5;0.5,1024,47,1.0,0.2,official-featurewise,43.781111978179524,8.756222395635906,3.310568210679321e-07,1.0,2.0,0.6559778784857395,"[0.6321205588285577, 0.6321205588285577]",1.9205353286951183,0.9602676643475592,0.625105233760745,0.623134749845;0.611191267543,-1.2656542480726785e-14
main,equal_gc_spread,2,0.5;0.5,1024,47,1.0,0.2,samplewise,3.292696369098204,0.6585392738196408,0.1174880430110079,1.0,2.0,0.6559778784857395,"[0.6321205588285577, 0.6321205588285577]",1.9205353286951183,0.9602676643475592,0.625105233760745,0.623134749845;0.611191267543,-1.2656542480726785e-14
main,equal_gc_spread,2,0.5;0.5,1024,71,1.0,0.02,official-featurewise,42.28332226098566,0.8456664452197132,0.05876396093009717,1.0,2.0,0.6559778784857395,"[0.6321205588285577, 0.6321205588285577]",1.9362048856364846,0.9681024428182423,0.6319177348393946,0.652121828841;0.585342309902,1.687538997430238e-14
main,equal_gc_spread,2,0.5;0.5,1024,71,1.0,0.02,samplewise,3.126032729454191,0.06252065458908382,0.1570213546187702,1.0,2.0,0.6559778784857395,"[0.6321205588285577, 0.6321205588285577]",1.9362048856364846,0.9681024428182423,0.6319177348393946,0.652121828841;0.585342309902,1.687538997430238e-14
main,equal_gc_spread,2,0.5;0.5,1024,71,1.0,0.05,official-featurewise,42.28332226098566,2.1141661130492833,0.002500173104827752,1.0,2.0,0.6559778784857395,"[0.6321205588285577, 0.6321205588285577]",1.9362048856364846,0.9681024428182423,0.6319177348393946,0.652121828841;0.585342309902,1.687538997430238e-14
main,equal_gc_spread,2,0.5;0.5,1024,71,1.0,0.05,samplewise,3.126032729454191,0.15630163647270956,0.21148779619081104,1.0,2.0,0.6559778784857395,"[0.6321205588285577, 0.6321205588285577]",1.9362048856364846,0.9681024428182423,0.6319177348393946,0.652121828841;0.585342309902,1.687538997430238e-14
main,equal_gc_spread,2,0.5;0.5,1024,71,1.0,0.2,official-featurewise,42.28332226098566,8.456664452197133,3.404624671077272e-07,1.0,2.0,0.6559778784857395,"[0.6321205588285577, 0.6321205588285577]",1.9362048856364846,0.9681024428182423,0.6319177348393946,0.652121828841;0.585342309902,1.687538997430238e-14
main,equal_gc_spread,2,0.5;0.5,1024,71,1.0,0.2,samplewise,3.126032729454191,0.6252065458908382,0.12243798147779827,1.0,2.0,0.6559778784857395,"[0.6321205588285577, 0.6321205588285577]",1.9362048856364846,0.9681024428182423,0.6319177348393946,0.652121828841;0.585342309902,1.687538997430238e-14
main,equal_gc_spread,2,0.5;0.5,1024,101,1.0,0.02,official-featurewise,44.464626298069206,0.8892925259613841,0.06205546715522203,1.0,2.0,0.6559778784857395,"[0.6321205588285577, 0.6321205588285577]",2.0067224068813876,1.0033612034406938,0.659357892928669,0.664246659513;0.599621092933,3.9968028886505635e-15
main,equal_gc_spread,2,0.5;0.5,1024,101,1.0,0.02,samplewise,3.3395856587540793,0.06679171317508159,0.1613085185439802,1.0,2.0,0.6559778784857395,"[0.6321205588285577, 0.6321205588285577]",2.0067224068813876,1.0033612034406938,0.659357892928669,0.664246659513;0.599621092933,3.9968028886505635e-15
main,equal_gc_spread,2,0.5;0.5,1024,101,1.0,0.05,official-featurewise,44.464626298069206,2.2232313149034604,0.0027713207198338807,1.0,2.0,0.6559778784857395,"[0.6321205588285577, 0.6321205588285577]",2.0067224068813876,1.0033612034406938,0.659357892928669,0.664246659513;0.599621092933,3.9968028886505635e-15
main,equal_gc_spread,2,0.5;0.5,1024,101,1.0,0.05,samplewise,3.3395856587540793,0.16697928293770398,0.21964757967778947,1.0,2.0,0.6559778784857395,"[0.6321205588285577, 0.6321205588285577]",2.0067224068813876,1.0033612034406938,0.659357892928669,0.664246659513;0.599621092933,3.9968028886505635e-15
main,equal_gc_spread,2,0.5;0.5,1024,101,1.0,0.2,official-featurewise,44.464626298069206,8.892925259613842,3.233439365146751e-07,1.0,2.0,0.6559778784857395,"[0.6321205588285577, 0.6321205588285577]",2.0067224068813876,1.0033612034406938,0.659357892928669,0.664246659513;0.599621092933,3.9968028886505635e-15
main,equal_gc_spread,2,0.5;0.5,1024,101,1.0,0.2,samplewise,3.3395856587540793,0.6679171317508159,0.1246503921439377,1.0,2.0,0.6559778784857395,"[0.6321205588285577, 0.6321205588285577]",2.0067224068813876,1.0033612034406938,0.659357892928669,0.664246659513;0.599621092933,3.9968028886505635e-15
main,larger_gc_spread,2,0.55;0.55,256,11,1.0,0.02,official-featurewise,22.778852872228526,0.45557705744457055,0.19279063515509787,1.1,2.2,0.7350795173984352,"[0.6671289163019205, 0.6671289163019205]",2.109152086606775,1.0545760433033875,0.7008879772308456,0.698788575968;0.597157346493,1.7763568394002505e-15
main,larger_gc_spread,2,0.55;0.55,256,11,1.0,0.02,samplewise,3.4314947802295386,0.06862989560459078,0.07643147953055163,1.1,2.2,0.7350795173984352,"[0.6671289163019205, 0.6671289163019205]",2.109152086606775,1.0545760433033875,0.7008879772308456,0.698788575968;0.597157346493,1.7763568394002505e-15
main,larger_gc_spread,2,0.55;0.55,256,11,1.0,0.05,official-featurewise,22.778852872228526,1.1389426436114263,0.03681887454732724,1.1,2.2,0.7350795173984352,"[0.6671289163019205, 0.6671289163019205]",2.109152086606775,1.0545760433033875,0.7008879772308456,0.698788575968;0.597157346493,1.7763568394002505e-15
main,larger_gc_spread,2,0.55;0.55,256,11,1.0,0.05,samplewise,3.4314947802295386,0.17157473901147693,0.2604154344613274,1.1,2.2,0.7350795173984352,"[0.6671289163019205, 0.6671289163019205]",2.109152086606775,1.0545760433033875,0.7008879772308456,0.698788575968;0.597157346493,1.7763568394002505e-15
main,larger_gc_spread,2,0.55;0.55,256,11,1.0,0.2,official-featurewise,22.778852872228526,4.555770574445705,4.449451062527032e-05,1.1,2.2,0.7350795173984352,"[0.6671289163019205, 0.6671289163019205]",2.109152086606775,1.0545760433033875,0.7008879772308456,0.698788575968;0.597157346493,1.7763568394002505e-15
main,larger_gc_spread,2,0.55;0.55,256,11,1.0,0.2,samplewise,3.4314947802295386,0.6862989560459077,0.15364862983965644,1.1,2.2,0.7350795173984352,"[0.6671289163019205, 0.6671289163019205]",2.109152086606775,1.0545760433033875,0.7008879772308456,0.698788575968;0.597157346493,1.7763568394002505e-15
main,larger_gc_spread,2,0.55;0.55,256,29,1.0,0.02,official-featurewise,22.452870985573306,0.4490574197114661,0.2261277671098938,1.1,2.2,0.7350795173984352,"[0.6671289163019205, 0.6671289163019205]",2.279995093527268,1.139997546763634,0.7685702186749191,0.717490610513;0.637942268902,-1.7763568394002505e-15
main,larger_gc_spread,2,0.55;0.55,256,29,1.0,0.02,samplewise,3.2722903265255825,0.06544580653051166,0.09448367961359505,1.1,2.2,0.7350795173984352,"[0.6671289163019205, 0.6671289163019205]",2.279995093527268,1.139997546763634,0.7685702186749191,0.717490610513;0.637942268902,-1.7763568394002505e-15
main,larger_gc_spread,2,0.55;0.55,256,29,1.0,0.05,official-featurewise,22.452870985573306,1.1226435492786653,0.0395774738902297,1.1,2.2,0.7350795173984352,"[0.6671289163019205, 0.6671289163019205]",2.279995093527268,1.139997546763634,0.7685702186749191,0.717490610513;0.637942268902,-1.7763568394002505e-15
main,larger_gc_spread,2,0.55;0.55,256,29,1.0,0.05,samplewise,3.2722903265255825,0.16361451632627913,0.2070247778759695,1.1,2.2,0.7350795173984352,"[0.6671289163019205, 0.6671289163019205]",2.279995093527268,1.139997546763634,0.7685702186749191,0.717490610513;0.637942268902,-1.7763568394002505e-15
main,larger_gc_spread,2,0.55;0.55,256,29,1.0,0.2,official-featurewise,22.452870985573306,4.490574197114661,4.757499678831323e-05,1.1,2.2,0.7350795173984352,"[0.6671289163019205, 0.6671289163019205]",2.279995093527268,1.139997546763634,0.7685702186749191,0.717490610513;0.637942268902,-1.7763568394002505e-15
main,larger_gc_spread,2,0.55;0.55,256,29,1.0,0.2,samplewise,3.2722903265255825,0.6544580653051165,0.1628143419627559,1.1,2.2,0.7350795173984352,"[0.6671289163019205, 0.6671289163019205]",2.279995093527268,1.139997546763634,0.7685702186749191,0.717490610513;0.637942268902,-1.7763568394002505e-15
main,larger_gc_spread,2,0.55;0.55,256,47,1.0,0.02,official-featurewise,22.461126791593156,0.4492225358318631,0.17274885508153215,1.1,2.2,0.7350795173984352,"[0.6671289163019205, 0.6671289163019205]",2.1484309705334006,1.0742154852667003,0.714543529963547,0.665303822256;0.651423959801,1.7763568394002505e-15
main,larger_gc_spread,2,0.55;0.55,256,47,1.0,0.02,samplewise,3.2716788013666895,0.0654335760273338,0.06850550394011101,1.1,2.2,0.7350795173984352,"[0.6671289163019205, 0.6671289163019205]",2.1484309705334006,1.0742154852667003,0.714543529963547,0.665303822256;0.651423959801,1.7763568394002505e-15
main,larger_gc_spread,2,0.55;0.55,256,47,1.0,0.05,official-featurewise,22.461126791593156,1.1230563395796578,0.03844624553605591,1.1,2.2,0.7350795173984352,"[0.6671289163019205, 0.6671289163019205]",2.1484309705334006,1.0742154852667003,0.714543529963547,0.665303822256;0.651423959801,1.7763568394002505e-15
main,larger_gc_spread,2,0.55;0.55,256,47,1.0,0.05,samplewise,3.2716788013666895,0.1635839400683345,0.17649844101880507,1.1,2.2,0.7350795173984352,"[0.6671289163019205, 0.6671289163019205]",2.1484309705334006,1.0742154852667003,0.714543529963547,0.665303822256;0.651423959801,1.7763568394002505e-15
main,larger_gc_spread,2,0.55;0.55,256,47,1.0,0.2,official-featurewise,22.461126791593156,4.492225358318631,3.8556704712533474e-05,1.1,2.2,0.7350795173984352,"[0.6671289163019205, 0.6671289163019205]",2.1484309705334006,1.0742154852667003,0.714543529963547,0.665303822256;0.651423959801,1.7763568394002505e-15
main,larger_gc_spread,2,0.55;0.55,256,47,1.0,0.2,samplewise,3.2716788013666895,0.654335760273338,0.1407966343651541,1.1,2.2,0.7350795173984352,"[0.6671289163019205, 0.6671289163019205]",2.1484309705334006,1.0742154852667003,0.714543529963547,0.665303822256;0.651423959801,1.7763568394002505e-15
main,larger_gc_spread,2,0.55;0.55,256,71,1.0,0.02,official-featurewise,23.180816323701954,0.4636163264740391,0.16995642381825604,1.1,2.2,0.7350795173984352,"[0.6671289163019205, 0.6671289163019205]",2.3034905001585333,1.1517452500792666,0.7769995107951156,0.701222089789;0.665606134708,8.881784197001252e-16
main,larger_gc_spread,2,0.55;0.55,256,71,1.0,0.02,samplewise,3.3777414976387097,0.06755482995277419,0.07909479970251176,1.1,2.2,0.7350795173984352,"[0.6671289163019205, 0.6671289163019205]",2.3034905001585333,1.1517452500792666,0.7769995107951156,0.701222089789;0.665606134708,8.881784197001252e-16
main,larger_gc_spread,2,0.55;0.55,256,71,1.0,0.05,official-featurewise,23.180816323701954,1.1590408161850978,0.031961107824402646,1.1,2.2,0.7350795173984352,"[0.6671289163019205, 0.6671289163019205]",2.3034905001585333,1.1517452500792666,0.7769995107951156,0.701222089789;0.665606134708,8.881784197001252e-16
main,larger_gc_spread,2,0.55;0.55,256,71,1.0,0.05,samplewise,3.3777414976387097,0.1688870748819355,0.2189366362813514,1.1,2.2,0.7350795173984352,"[0.6671289163019205, 0.6671289163019205]",2.3034905001585333,1.1517452500792666,0.7769995107951156,0.701222089789;0.665606134708,8.881784197001252e-16
main,larger_gc_spread,2,0.55;0.55,256,71,1.0,0.2,official-featurewise,23.180816323701954,4.636163264740391,3.6493021461581066e-05,1.1,2.2,0.7350795173984352,"[0.6671289163019205, 0.6671289163019205]",2.3034905001585333,1.1517452500792666,0.7769995107951156,0.701222089789;0.665606134708,8.881784197001252e-16
main,larger_gc_spread,2,0.55;0.55,256,71,1.0,0.2,samplewise,3.3777414976387097,0.675548299527742,0.133070818634069,1.1,2.2,0.7350795173984352,"[0.6671289163019205, 0.6671289163019205]",2.3034905001585333,1.1517452500792666,0.7769995107951156,0.701222089789;0.665606134708,8.881784197001252e-16
main,larger_gc_spread,2,0.55;0.55,256,101,1.0,0.02,official-featurewise,23.362835742113788,0.46725671484227577,0.1797500695418286,1.1,2.2,0.7350795173984352,"[0.6671289163019205, 0.6671289163019205]",2.0760226820355308,1.0380113410177654,0.6863410174478505,0.671090041953;0.618655240567,-5.329070518200751e-15
main,larger_gc_spread,2,0.55;0.55,256,101,1.0,0.02,samplewise,3.4513648301438016,0.06902729660287603,0.07203030132274613,1.1,2.2,0.7350795173984352,"[0.6671289163019205, 0.6671289163019205]",2.0760226820355308,1.0380113410177654,0.6863410174478505,0.671090041953;0.618655240567,-5.329070518200751e-15
main,larger_gc_spread,2,0.55;0.55,256,101,1.0,0.05,official-featurewise,23.362835742113788,1.1681417871056894,0.0371932055286166,1.1,2.2,0.7350795173984352,"[0.6671289163019205, 0.6671289163019205]",2.0760226820355308,1.0380113410177654,0.6863410174478505,0.671090041953;0.618655240567,-5.329070518200751e-15
main,larger_gc_spread,2,0.55;0.55,256,101,1.0,0.05,samplewise,3.4513648301438016,0.17256824150719008,0.241482852027481,1.1,2.2,0.7350795173984352,"[0.6671289163019205, 0.6671289163019205]",2.0760226820355308,1.0380113410177654,0.6863410174478505,0.671090041953;0.618655240567,-5.329070518200751e-15
main,larger_gc_spread,2,0.55;0.55,256,101,1.0,0.2,official-featurewise,23.362835742113788,4.6725671484227576,3.657992954231304e-05,1.1,2.2,0.7350795173984352,"[0.6671289163019205, 0.6671289163019205]",2.0760226820355308,1.0380113410177654,0.6863410174478505,0.671090041953;0.618655240567,-5.329070518200751e-15
main,larger_gc_spread,2,0.55;0.55,256,101,1.0,0.2,samplewise,3.4513648301438016,0.6902729660287603,0.14830194242225758,1.1,2.2,0.7350795173984352,"[0.6671289163019205, 0.6671289163019205]",2.0760226820355308,1.0380113410177654,0.6863410174478505,0.671090041953;0.618655240567,-5.329070518200751e-15
main,larger_gc_spread,2,0.55;0.55,512,11,1.0,0.02,official-featurewise,32.7482677971331,0.654965355942662,0.1557365936041979,1.1,2.2,0.7350795173984352,"[0.6671289163019205, 0.6671289163019205]",2.1503281471588616,1.0751640735794308,0.7154768946737191,0.674941934089;0.641768802836,5.773159728050814e-15
main,larger_gc_spread,2,0.55;0.55,512,11,1.0,0.02,samplewise,3.4389544794532454,0.06877908958906491,0.12228798635893678,1.1,2.2,0.7350795173984352,"[0.6671289163019205, 0.6671289163019205]",2.1503281471588616,1.0751640735794308,0.7154768946737191,0.674941934089;0.641768802836,5.773159728050814e-15
main,larger_gc_spread,2,0.55;0.55,512,11,1.0,0.05,official-featurewise,32.7482677971331,1.6374133898566552,0.010683306520281377,1.1,2.2,0.7350795173984352,"[0.6671289163019205, 0.6671289163019205]",2.1503281471588616,1.0751640735794308,0.7154768946737191,0.674941934089;0.641768802836,5.773159728050814e-15
main,larger_gc_spread,2,0.55;0.55,512,11,1.0,0.05,samplewise,3.4389544794532454,0.17194772397266228,0.2197519288435581,1.1,2.2,0.7350795173984352,"[0.6671289163019205, 0.6671289163019205]",2.1503281471588616,1.0751640735794308,0.7154768946737191,0.674941934089;0.641768802836,5.773159728050814e-15
main,larger_gc_spread,2,0.55;0.55,512,11,1.0,0.2,official-featurewise,32.7482677971331,6.549653559426621,4.010719145242092e-06,1.1,2.2,0.7350795173984352,"[0.6671289163019205, 0.6671289163019205]",2.1503281471588616,1.0751640735794308,0.7154768946737191,0.674941934089;0.641768802836,5.773159728050814e-15
main,larger_gc_spread,2,0.55;0.55,512,11,1.0,0.2,samplewise,3.4389544794532454,0.6877908958906491,0.13991586897990516,1.1,2.2,0.7350795173984352,"[0.6671289163019205, 0.6671289163019205]",2.1503281471588616,1.0751640735794308,0.7154768946737191,0.674941934089;0.641768802836,5.773159728050814e-15
main,larger_gc_spread,2,0.55;0.55,512,29,1.0,0.02,official-featurewise,32.53497690686896,0.6506995381373792,0.14260570513327764,1.1,2.2,0.7350795173984352,"[0.6671289163019205, 0.6671289163019205]",2.0344355995972343,1.0172177997986172,0.669714340956331,0.65643908323;0.619414627636,-8.881784197001252e-16
main,larger_gc_spread,2,0.55;0.55,512,29,1.0,0.02,samplewise,3.4381279251432004,0.06876255850286402,0.1294671066664721,1.1,2.2,0.7350795173984352,"[0.6671289163019205, 0.6671289163019205]",2.0344355995972343,1.0172177997986172,0.669714340956331,0.65643908323;0.619414627636,-8.881784197001252e-16
main,larger_gc_spread,2,0.55;0.55,512,29,1.0,0.05,official-featurewise,32.53497690686896,1.6267488453434482,0.010710233009650239,1.1,2.2,0.7350795173984352,"[0.6671289163019205, 0.6671289163019205]",2.0344355995972343,1.0172177997986172,0.669714340956331,0.65643908323;0.619414627636,-8.881784197001252e-16
main,larger_gc_spread,2,0.55;0.55,512,29,1.0,0.05,samplewise,3.4381279251432004,0.17190639625716003,0.21856801822806382,1.1,2.2,0.7350795173984352,"[0.6671289163019205, 0.6671289163019205]",2.0344355995972343,1.0172177997986172,0.669714340956331,0.65643908323;0.619414627636,-8.881784197001252e-16
main,larger_gc_spread,2,0.55;0.55,512,29,1.0,0.2,official-featurewise,32.53497690686896,6.506995381373793,3.480645531794835e-06,1.1,2.2,0.7350795173984352,"[0.6671289163019205, 0.6671289163019205]",2.0344355995972343,1.0172177997986172,0.669714340956331,0.65643908323;0.619414627636,-8.881784197001252e-16
main,larger_gc_spread,2,0.55;0.55,512,29,1.0,0.2,samplewise,3.4381279251432004,0.6876255850286401,0.13017680504744789,1.1,2.2,0.7350795173984352,"[0.6671289163019205, 0.6671289163019205]",2.0344355995972343,1.0172177997986172,0.669714340956331,0.65643908323;0.619414627636,-8.881784197001252e-16
main,larger_gc_spread,2,0.55;0.55,512,47,1.0,0.02,official-featurewise,32.04717747382773,0.6409435494765546,0.15890777516073662,1.1,2.2,0.7350795173984352,"[0.6671289163019205, 0.6671289163019205]",2.10971439398561,1.054857196992805,0.6996965776799648,0.677667047482;0.623766057042,8.881784197001252e-16
main,larger_gc_spread,2,0.55;0.55,512,47,1.0,0.02,samplewise,3.38430737577534,0.0676861475155068,0.1276526018413131,1.1,2.2,0.7350795173984352,"[0.6671289163019205, 0.6671289163019205]",2.10971439398561,1.054857196992805,0.6996965776799648,0.677667047482;0.623766057042,8.881784197001252e-16
main,larger_gc_spread,2,0.55;0.55,512,47,1.0,0.05,official-featurewise,32.04717747382773,1.6023588736913865,0.010547533388031383,1.1,2.2,0.7350795173984352,"[0.6671289163019205, 0.6671289163019205]",2.10971439398561,1.054857196992805,0.6996965776799648,0.677667047482;0.623766057042,8.881784197001252e-16
main,larger_gc_spread,2,0.55;0.55,512,47,1.0,0.05,samplewise,3.38430737577534,0.169215368788767,0.21416594386270837,1.1,2.2,0.7350795173984352,"[0.6671289163019205, 0.6671289163019205]",2.10971439398561,1.054857196992805,0.6996965776799648,0.677667047482;0.623766057042,8.881784197001252e-16
main,larger_gc_spread,2,0.55;0.55,512,47,1.0,0.2,official-featurewise,32.04717747382773,6.409435494765546,3.9846940111942786e-06,1.1,2.2,0.7350795173984352,"[0.6671289163019205, 0.6671289163019205]",2.10971439398561,1.054857196992805,0.6996965776799648,0.677667047482;0.623766057042,8.881784197001252e-16
main,larger_gc_spread,2,0.55;0.55,512,47,1.0,0.2,samplewise,3.38430737577534,0.676861475155068,0.14071733311149082,1.1,2.2,0.7350795173984352,"[0.6671289163019205, 0.6671289163019205]",2.10971439398561,1.054857196992805,0.6996965776799648,0.677667047482;0.623766057042,8.881784197001252e-16
main,larger_gc_spread,2,0.55;0.55,512,71,1.0,0.02,official-featurewise,32.382031410694935,0.6476406282138987,0.11857972083152646,1.1,2.2,0.7350795173984352,"[0.6671289163019205, 0.6671289163019205]",2.197603831440419,1.0988019157202096,0.7349669252405198,0.697522385406;0.632802645892,4.884981308350689e-15
main,larger_gc_spread,2,0.55;0.55,512,71,1.0,0.02,samplewise,3.354429295668202,0.06708858591336404,0.13997738431764173,1.1,2.2,0.7350795173984352,"[0.6671289163019205, 0.6671289163019205]",2.197603831440419,1.0988019157202096,0.7349669252405198,0.697522385406;0.632802645892,4.884981308350689e-15
main,larger_gc_spread,2,0.55;0.55,512,71,1.0,0.05,official-featurewise,32.382031410694935,1.619101570534747,0.0078429538633209,1.1,2.2,0.7350795173984352,"[0.6671289163019205, 0.6671289163019205]",2.197603831440419,1.0988019157202096,0.7349669252405198,0.697522385406;0.632802645892,4.884981308350689e-15
main,larger_gc_spread,2,0.55;0.55,512,71,1.0,0.05,samplewise,3.354429295668202,0.1677214647834101,0.2698126610060836,1.1,2.2,0.7350795173984352,"[0.6671289163019205, 0.6671289163019205]",2.197603831440419,1.0988019157202096,0.7349669252405198,0.697522385406;0.632802645892,4.884981308350689e-15
main,larger_gc_spread,2,0.55;0.55,512,71,1.0,0.2,official-featurewise,32.382031410694935,6.476406282138988,3.6446116133959094e-06,1.1,2.2,0.7350795173984352,"[0.6671289163019205, 0.6671289163019205]",2.197603831440419,1.0988019157202096,0.7349669252405198,0.697522385406;0.632802645892,4.884981308350689e-15
main,larger_gc_spread,2,0.55;0.55,512,71,1.0,0.2,samplewise,3.354429295668202,0.6708858591336404,0.10827785515367516,1.1,2.2,0.7350795173984352,"[0.6671289163019205, 0.6671289163019205]",2.197603831440419,1.0988019157202096,0.7349669252405198,0.697522385406;0.632802645892,4.884981308350689e-15
main,larger_gc_spread,2,0.55;0.55,512,101,1.0,0.02,official-featurewise,33.59144647860195,0.6718289295720391,0.12717446569148727,1.1,2.2,0.7350795173984352,"[0.6671289163019205, 0.6671289163019205]",2.263138415492458,1.131569207746229,0.7612751227717752,0.707605398537;0.644235897561,-2.6645352591003757e-15
main,larger_gc_spread,2,0.55;0.55,512,101,1.0,0.02,samplewise,3.4531166647319345,0.06906233329463869,0.09829514104345893,1.1,2.2,0.7350795173984352,"[0.6671289163019205, 0.6671289163019205]",2.263138415492458,1.131569207746229,0.7612751227717752,0.707605398537;0.644235897561,-2.6645352591003757e-15
main,larger_gc_spread,2,0.55;0.55,512,101,1.0,0.05,official-featurewise,33.59144647860195,1.6795723239300977,0.009575540740886623,1.1,2.2,0.7350795173984352,"[0.6671289163019205, 0.6671289163019205]",2.263138415492458,1.131569207746229,0.7612751227717752,0.707605398537;0.644235897561,-2.6645352591003757e-15
main,larger_gc_spread,2,0.55;0.55,512,101,1.0,0.05,samplewise,3.4531166647319345,0.17265583323659672,0.19055912294012334,1.1,2.2,0.7350795173984352,"[0.6671289163019205, 0.6671289163019205]",2.263138415492458,1.131569207746229,0.7612751227717752,0.707605398537;0.644235897561,-2.6645352591003757e-15
main,larger_gc_spread,2,0.55;0.55,512,101,1.0,0.2,official-featurewise,33.59144647860195,6.718289295720391,3.5070060349084997e-06,1.1,2.2,0.7350795173984352,"[0.6671289163019205, 0.6671289163019205]",2.263138415492458,1.131569207746229,0.7612751227717752,0.707605398537;0.644235897561,-2.6645352591003757e-15
main,larger_gc_spread,2,0.55;0.55,512,101,1.0,0.2,samplewise,3.4531166647319345,0.6906233329463869,0.12065549530550967,1.1,2.2,0.7350795173984352,"[0.6671289163019205, 0.6671289163019205]",2.263138415492458,1.131569207746229,0.7612751227717752,0.707605398537;0.644235897561,-2.6645352591003757e-15
main,larger_gc_spread,2,0.55;0.55,1024,11,1.0,0.02,official-featurewise,45.881787063854155,0.9176357412770831,0.05092783509175547,1.1,2.2,0.7350795173984352,"[0.6671289163019205, 0.6671289163019205]",2.225180707012392,1.112590353506196,0.7453391733672502,0.68535102495;0.656608155671,4.884981308350689e-15
main,larger_gc_spread,2,0.55;0.55,1024,11,1.0,0.02,samplewise,3.412528594358704,0.06825057188717408,0.18946543619566558,1.1,2.2,0.7350795173984352,"[0.6671289163019205, 0.6671289163019205]",2.225180707012392,1.112590353506196,0.7453391733672502,0.68535102495;0.656608155671,4.884981308350689e-15
main,larger_gc_spread,2,0.55;0.55,1024,11,1.0,0.05,official-featurewise,45.881787063854155,2.294089353192708,0.0022838486564111804,1.1,2.2,0.7350795173984352,"[0.6671289163019205, 0.6671289163019205]",2.225180707012392,1.112590353506196,0.7453391733672502,0.68535102495;0.656608155671,4.884981308350689e-15
main,larger_gc_spread,2,0.55;0.55,1024,11,1.0,0.05,samplewise,3.412528594358704,0.1706264297179352,0.24295112135637087,1.1,2.2,0.7350795173984352,"[0.6671289163019205, 0.6671289163019205]",2.225180707012392,1.112590353506196,0.7453391733672502,0.68535102495;0.656608155671,4.884981308350689e-15
main,larger_gc_spread,2,0.55;0.55,1024,11,1.0,0.2,official-featurewise,45.881787063854155,9.176357412770832,3.428021742024612e-07,1.1,2.2,0.7350795173984352,"[0.6671289163019205, 0.6671289163019205]",2.225180707012392,1.112590353506196,0.7453391733672502,0.68535102495;0.656608155671,4.884981308350689e-15
main,larger_gc_spread,2,0.55;0.55,1024,11,1.0,0.2,samplewise,3.412528594358704,0.6825057188717408,0.10560453506403533,1.1,2.2,0.7350795173984352,"[0.6671289163019205, 0.6671289163019205]",2.225180707012392,1.112590353506196,0.7453391733672502,0.68535102495;0.656608155671,4.884981308350689e-15
main,larger_gc_spread,2,0.55;0.55,1024,29,1.0,0.02,official-featurewise,45.122094531766045,0.9024418906353209,0.06388604343003834,1.1,2.2,0.7350795173984352,"[0.6671289163019205, 0.6671289163019205]",2.156299705788032,1.078149852894016,0.7180689759088592,0.682364613482;0.635580123218,-4.440892098500626e-16
main,larger_gc_spread,2,0.55;0.55,1024,29,1.0,0.02,samplewise,3.4101431227083494,0.06820286245416698,0.16542447115444592,1.1,2.2,0.7350795173984352,"[0.6671289163019205, 0.6671289163019205]",2.156299705788032,1.078149852894016,0.7180689759088592,0.682364613482;0.635580123218,-4.440892098500626e-16
main,larger_gc_spread,2,0.55;0.55,1024,29,1.0,0.05,official-featurewise,45.122094531766045,2.2561047265883025,0.0027712059102888986,1.1,2.2,0.7350795173984352,"[0.6671289163019205, 0.6671289163019205]",2.156299705788032,1.078149852894016,0.7180689759088592,0.682364613482;0.635580123218,-4.440892098500626e-16
main,larger_gc_spread,2,0.55;0.55,1024,29,1.0,0.05,samplewise,3.4101431227083494,0.17050715613541748,0.23922478633088673,1.1,2.2,0.7350795173984352,"[0.6671289163019205, 0.6671289163019205]",2.156299705788032,1.078149852894016,0.7180689759088592,0.682364613482;0.635580123218,-4.440892098500626e-16
main,larger_gc_spread,2,0.55;0.55,1024,29,1.0,0.2,official-featurewise,45.122094531766045,9.02441890635321,3.4231949896934566e-07,1.1,2.2,0.7350795173984352,"[0.6671289163019205, 0.6671289163019205]",2.156299705788032,1.078149852894016,0.7180689759088592,0.682364613482;0.635580123218,-4.440892098500626e-16
main,larger_gc_spread,2,0.55;0.55,1024,29,1.0,0.2,samplewise,3.4101431227083494,0.6820286245416699,0.12234733529233388,1.1,2.2,0.7350795173984352,"[0.6671289163019205, 0.6671289163019205]",2.156299705788032,1.078149852894016,0.7180689759088592,0.682364613482;0.635580123218,-4.440892098500626e-16
main,larger_gc_spread,2,0.55;0.55,1024,47,1.0,0.02,official-featurewise,45.386977834276145,0.9077395566855229,0.05605545379700416,1.1,2.2,0.7350795173984352,"[0.6671289163019205, 0.6671289163019205]",2.1156879475708075,1.0578439737854037,0.7015303927068057,0.658404034018;0.647096743758,1.7319479184152442e-14
main,larger_gc_spread,2,0.55;0.55,1024,47,1.0,0.02,samplewise,3.4301433575829936,0.06860286715165988,0.16967157462225835,1.1,2.2,0.7350795173984352,"[0.6671289163019205, 0.6671289163019205]",2.1156879475708075,1.0578439737854037,0.7015303927068057,0.658404034018;0.647096743758,1.7319479184152442e-14
main,larger_gc_spread,2,0.55;0.55,1024,47,1.0,0.05,official-featurewise,45.386977834276145,2.269348891713807,0.002408113747726759,1.1,2.2,0.7350795173984352,"[0.6671289163019205, 0.6671289163019205]",2.1156879475708075,1.0578439737854037,0.7015303927068057,0.658404034018;0.647096743758,1.7319479184152442e-14
main,larger_gc_spread,2,0.55;0.55,1024,47,1.0,0.05,samplewise,3.4301433575829936,0.17150716787914969,0.22625732716282076,1.1,2.2,0.7350795173984352,"[0.6671289163019205, 0.6671289163019205]",2.1156879475708075,1.0578439737854037,0.7015303927068057,0.658404034018;0.647096743758,1.7319479184152442e-14
main,larger_gc_spread,2,0.55;0.55,1024,47,1.0,0.2,official-featurewise,45.386977834276145,9.077395566855229,3.2513919379084655e-07,1.1,2.2,0.7350795173984352,"[0.6671289163019205, 0.6671289163019205]",2.1156879475708075,1.0578439737854037,0.7015303927068057,0.658404034018;0.647096743758,1.7319479184152442e-14
main,larger_gc_spread,2,0.55;0.55,1024,47,1.0,0.2,samplewise,3.4301433575829936,0.6860286715165987,0.11272865723830883,1.1,2.2,0.7350795173984352,"[0.6671289163019205, 0.6671289163019205]",2.1156879475708075,1.0578439737854037,0.7015303927068057,0.658404034018;0.647096743758,1.7319479184152442e-14
main,larger_gc_spread,2,0.55;0.55,1024,71,1.0,0.02,official-featurewise,43.87130664672047,0.8774261329344094,0.05642649506924258,1.1,2.2,0.7350795173984352,"[0.6671289163019205, 0.6671289163019205]",2.1403606487082896,1.0701803243541448,0.7120849510507249,0.687354175005;0.623815803051,2.220446049250313e-15
main,larger_gc_spread,2,0.55;0.55,1024,71,1.0,0.02,samplewise,3.2613389703862903,0.06522677940772581,0.15254888388059573,1.1,2.2,0.7350795173984352,"[0.6671289163019205, 0.6671289163019205]",2.1403606487082896,1.0701803243541448,0.7120849510507249,0.687354175005;0.623815803051,2.220446049250313e-15
main,larger_gc_spread,2,0.55;0.55,1024,71,1.0,0.05,official-featurewise,43.87130664672047,2.1935653323360236,0.0024315099043406008,1.1,2.2,0.7350795173984352,"[0.6671289163019205, 0.6671289163019205]",2.1403606487082896,1.0701803243541448,0.7120849510507249,0.687354175005;0.623815803051,2.220446049250313e-15
main,larger_gc_spread,2,0.55;0.55,1024,71,1.0,0.05,samplewise,3.2613389703862903,0.16306694851931453,0.20689251687748023,1.1,2.2,0.7350795173984352,"[0.6671289163019205, 0.6671289163019205]",2.1403606487082896,1.0701803243541448,0.7120849510507249,0.687354175005;0.623815803051,2.220446049250313e-15
main,larger_gc_spread,2,0.55;0.55,1024,71,1.0,0.2,official-featurewise,43.87130664672047,8.774261329344094,3.357554128058382e-07,1.1,2.2,0.7350795173984352,"[0.6671289163019205, 0.6671289163019205]",2.1403606487082896,1.0701803243541448,0.7120849510507249,0.687354175005;0.623815803051,2.220446049250313e-15
main,larger_gc_spread,2,0.55;0.55,1024,71,1.0,0.2,samplewise,3.2613389703862903,0.6522677940772581,0.11675126418701609,1.1,2.2,0.7350795173984352,"[0.6671289163019205, 0.6671289163019205]",2.1403606487082896,1.0701803243541448,0.7120849510507249,0.687354175005;0.623815803051,2.220446049250313e-15
main,larger_gc_spread,2,0.55;0.55,1024,101,1.0,0.02,official-featurewise,46.21501938292951,0.9243003876585902,0.059967291023056646,1.1,2.2,0.7350795173984352,"[0.6671289163019205, 0.6671289163019205]",2.2078833570504606,1.1039416785252303,0.7389513671320269,0.696787158421;0.637439196309,-1.3322676295501878e-15
main,larger_gc_spread,2,0.55;0.55,1024,101,1.0,0.02,samplewise,3.48477396493171,0.0696954792986342,0.16148903737165554,1.1,2.2,0.7350795173984352,"[0.6671289163019205, 0.6671289163019205]",2.2078833570504606,1.1039416785252303,0.7389513671320269,0.696787158421;0.637439196309,-1.3322676295501878e-15
main,larger_gc_spread,2,0.55;0.55,1024,101,1.0,0.05,official-featurewise,46.21501938292951,2.3107509691464756,0.002664669509876205,1.1,2.2,0.7350795173984352,"[0.6671289163019205, 0.6671289163019205]",2.2078833570504606,1.1039416785252303,0.7389513671320269,0.696787158421;0.637439196309,-1.3322676295501878e-15
main,larger_gc_spread,2,0.55;0.55,1024,101,1.0,0.05,samplewise,3.48477396493171,0.17423869824658553,0.21603030417865288,1.1,2.2,0.7350795173984352,"[0.6671289163019205, 0.6671289163019205]",2.2078833570504606,1.1039416785252303,0.7389513671320269,0.696787158421;0.637439196309,-1.3322676295501878e-15
main,larger_gc_spread,2,0.55;0.55,1024,101,1.0,0.2,official-featurewise,46.21501938292951,9.243003876585902,3.1171875036761776e-07,1.1,2.2,0.7350795173984352,"[0.6671289163019205, 0.6671289163019205]",2.2078833570504606,1.1039416785252303,0.7389513671320269,0.696787158421;0.637439196309,-1.3322676295501878e-15
main,larger_gc_spread,2,0.55;0.55,1024,101,1.0,0.2,samplewise,3.48477396493171,0.6969547929863421,0.12038380931377013,1.1,2.2,0.7350795173984352,"[0.6671289163019205, 0.6671289163019205]",2.2078833570504606,1.1039416785252303,0.7389513671320269,0.696787158421;0.637439196309,-1.3322676295501878e-15
block-rescaling,scalar_scale_test,1,0.75,512,11,0.1,0.05,official-featurewise,32.67819280160112,1.6339096400800561,1.58273603645398e-06,0.75,1.5,0.5340586256787394,[0.7768698398515702],1.3478819839516978,0.6739409919758489,0.4693093816930131,0.740210082436,-2.220446049250313e-15
block-rescaling,scalar_scale_test,1,0.75,512,11,0.1,0.05,samplewise,2.423045402260336,0.1211522701130168,0.03461846447233441,0.75,1.5,0.5340586256787394,[0.7768698398515702],1.3478819839516978,0.6739409919758489,0.4693093816930131,0.740210082436,-2.220446049250313e-15
block-rescaling,scalar_scale_test,1,0.75,512,11,1.0,0.05,official-featurewise,36.032456663625155,1.8016228331812578,0.004125287997336358,0.75,1.5,0.5340586256787394,[0.7768698398515702],1.3478819839516982,0.6739409919758491,0.46930938169301273,0.740210082436,-8.881784197001252e-16
block-rescaling,scalar_scale_test,1,0.75,512,11,1.0,0.05,samplewise,2.559786239995464,0.1279893119997732,0.25477222389069354,0.75,1.5,0.5340586256787394,[0.7768698398515702],1.3478819839516982,0.6739409919758491,0.46930938169301273,0.740210082436,-8.881784197001252e-16
block-rescaling,scalar_scale_test,1,0.75,512,11,10.0,0.05,official-featurewise,127.38746581158786,6.369373290579393,0.0009999565792107035,0.75,1.5,0.5340586256787394,[0.7768698398515702],1.347881983951698,0.673940991975849,0.46930938169301273,0.740210082436,-1.1102230246251565e-15
block-rescaling,scalar_scale_test,1,0.75,512,11,10.0,0.05,samplewise,6.978319656672782,0.3489159828336391,0.2529827339219395,0.75,1.5,0.5340586256787394,[0.7768698398515702],1.347881983951698,0.673940991975849,0.46930938169301273,0.740210082436,-1.1102230246251565e-15
