,000001.SS,399001.SZ,IMOEX.ME,^AXJO,^DJI,^GSPC,^HSI,^IXIC,^KS11,^N100,^N225,^NZ50,^STI,^STOXX50E
0,-0.0025963439225122897,-0.013681570297549683,0.01121919758168577,-0.016471136982582735,0.0005666793069654119,0.002010204139359928,-0.006510464187289955,-0.0023808565306335794,0.006115442636786206,0.00622917899137132,-0.004180889162947565,0.0,-0.0006137315452630077,0.004177991392749547
1,0.022296910334155484,0.022147321729633518,-0.0031747299747069135,-0.011894354089413639,-0.014804270545436538,-0.013202163002625333,-0.009860761301171195,-0.01144647494840001,-0.0026452444786748686,-0.01272478403179722,-0.009992047428909245,-0.0024847393502493986,-0.010627025944614843,-0.012248980082338434
2,-0.07305356108957817,-0.08585246815019865,0.0,-0.022263989079764457,-0.023484203202446707,-0.02398581651934517,-0.03134634079706622,-0.030727177886918255,-0.011019129711511866,-0.016524412783035736,-0.023582642742359994,-0.007876000414100304,-0.026874653089278944,-0.01755833563163023
3,0.019460645021000644,0.01188420317508232,0.0,-0.003899576141124683,-0.010203777456778695,-0.01089753744584776,0.005902434273076906,-0.009814714646047662,0.006954613638834317,-0.017307725587753175,-0.003912500005585073,-0.008938358456026307,0.007779467884978075,-0.016740732974650285
4,-0.05473067488470562,-0.06413629243474439,-0.03849370070185465,-0.011811002840440565,0.0031833946288415405,0.0008529082958226297,-0.028022654721906903,-0.00121522946648156,-0.011950447027386346,-0.0014834292550602868,0.0,-0.00901569344465436,-0.015523850674886042,-0.001973278968252501
5,0.0020388833850208954,0.007923530433753712,0.004601477245099517,-0.0014405767650575996,0.007148815960455579,0.007772514117774243,-0.008926275178541943,0.010281117874848533,-0.002102639927308303,0.011037386818614436,-0.027438274940548624,0.001558719776827644,-0.006321530933942832,0.012202714544391924
6,-0.024535236683770556,-0.031067160204065303,-0.0032710479901982836,0.012570113494344781,-0.02233560889017916,-0.02528237507790898,0.0112556042985279,-0.03471043432965715,0.01335407766058605,0.0028043725824611343,0.028436192544766925,0.006444789090298997,0.001751940093948967,0.0027241930778973966
7,0.019490160746753027,0.03603259747629828,-0.0023829755047710677,-0.01576299745397236,0.013995705227170419,0.0165580609343845,-0.00591015219803559,0.019460051146634072,-0.008526667490833972,-0.017938493991531246,-0.027160026464560616,-0.006945549810376761,-0.019446128740474578,-0.016080339463680815
8,-0.036113532047298946,-0.0341203907946106,-0.04403701617769595,-0.0033870180208399603,-0.024159617784645704,-0.021835772698162614,-0.015081849247325252,-0.027811138631227195,-0.011188624754226772,-0.021234341977903526,-0.005457712968885531,0.009740743988221112,-0.005235725513640155,-0.023934969786457927
9,0.004425586133866233,0.01568354269112504,0.008710041284686554,-0.0069937442170324715,0.0,0.0,-0.014620143454962431,0.0,-0.00022358699981239738,-0.00591452926329783,-0.011233197998503641,-0.011026514576924384,-0.014457274984502888,-0.005805201627847367
10,0.03171789839248795,0.03348509262459487,0.014155728951535274,0.009096725437245823,0.0017459925799361287,0.0005316801874286625,0.02049610843437044,-0.0025586746938710547,0.005939399787978417,0.018463344031293794,0.0054581357336864755,0.0037233682566135684,0.017383686042036217,0.015247426350962101
11,-0.010375318704056724,-0.012932596025278187,-0.009261528436850242,-0.012643087985020784,-0.015686769208857143,-0.011762766025898763,-0.03891813503172159,-0.0011756544976133654,-0.023663218756659,-0.03439212486796439,-0.037786537896073114,-0.001712706518642193,-0.03028177426320422,-0.033398487193342596
12,-0.03285570134567628,-0.038433953590059744,0.02830048005492536,0.00463655459441803,0.007326514800300998,0.005181988635948542,-0.018390292901916183,8.276554861552654e-05,-0.002669534193268319,0.02151696110429846,-0.02460113350784532,-0.005382765749102347,-0.010631510245472597,0.02105277398602201
13,0.012447911159431335,0.013501126422672982,0.0240294316391525,0.010634047039921768,0.013186882920926735,0.020080726882213185,0.028620842978043015,0.026287944248924333,0.02091497841874901,0.031191311127452437,0.057104034443106855,0.006672416208980181,0.017374981405717804,0.026577167833552906
14,0.007498785785027273,0.007974775379091525,-0.0008268483929416703,0.018261869801712294,-0.013026970612290967,-0.015761545172821023,0.013515378259114641,-0.015959190825840963,0.0074214595076762535,-0.0028982293317030283,0.008945370275622366,0.008724256035945288,0.00215120048867945,-0.0071137120715256685
15,-0.0663816203050347,-0.07209644197639165,-0.006751340740565048,0.0,0.017597283067059877,0.014045237830368151,-0.02509702565522609,0.010825291855182329,-0.011548292720025444,0.00928694515246331,-0.023774745919441287,-0.00537287025967359,-0.014441740844789663,0.010294047436159914
16,-0.005187219284324307,-0.006465683373754416,0.02465523926499813,-0.012097041986171675,-0.013874952000074714,-0.01092292230052827,0.010109925678877474,-0.022024299616859366,0.01389046737187627,0.005561123627237485,0.02686796667476976,-3.585363877256498e-05,0.00022382078473626166,0.0034987989598587177
17,-0.02964192955204137,-0.03673370317130775,0.013843157515191606,0.006006567285206543,0.007820324606942819,0.005513350717590626,0.0074974107930589895,0.008581868184686314,0.004767630247285659,-0.012676543892637504,-0.007160935815017311,0.0012626882744690704,0.006369643099558786,-0.021269677724432334
18,0.03038811382315565,0.0362847224696754,0.007304242591688492,0.005870721072865237,0.0243841598869885,0.02445865099455702,0.02506780382608831,0.023523585912590406,0.0026813931684985803,0.02483989876434478,0.027597527599592553,0.003331196602536224,0.02568161371147415,0.021801861758143026
19,-0.017966577839616527,-0.010265773519334331,-0.006582179555033818,0.007582824301943347,-0.0010403065700543834,-0.00044333484554215374,-0.004460927801600789,0.0013904483908007137,0.006651203435553477,-0.004459218072328852,0.01961029853281815,0.0006917974656612813,-0.010207521731599556,-0.007939270444556001
20,0.02232947868950319,0.030522644966451296,-0.008466752148072132,-0.010023157462999421,-0.01813638583312205,-0.018920968718231457,-0.007615367075423762,-0.02263778327287369,-0.009510890697526087,-0.02137780732313832,-0.006432584524091567,0.0009049030423629034,-0.008947007800001572,-0.023159090271686722
21,-0.003761469896863545,0.0029029667081950095,-0.006796807678848715,-0.023607747695525205,0.011272448624076503,0.004979620021574149,-0.023688339594180263,-0.0028178031372547707,-0.008390251422359718,-0.014970626116985741,-0.032023273995037016,-0.007585263504029882,-0.011107387882179687,-0.018884173677407468
22,0.01513573658301226,0.015871207952248056,0.023530674599202328,0.021020962467186877,0.0048801327694860674,0.0015255682925232605,0.010032912282175843,0.0011803733527511184,0.013444087962271922,-0.0012636922117943428,-0.008544200789023293,0.0007041454625014154,0.0030337275767795546,0.0029887201574636535
23,-0.00632375045276401,-0.012286892620270606,-0.00411380527616334,-0.0008436026834708343,-0.012973836069496869,-0.01865415827635175,0.005462796907769629,-0.03300758779838375,0.0007981269720582773,-0.008878869786012267,-0.01331206344297442,0.002619634476173971,0.02498150688951295,-0.00895824315102356
24,0.0,0.0,-0.0206086096464011,-0.00016083704381664177,-0.011040060882058,-0.014255057923056924,0.0,-0.01836321876776026,0.0,-0.03408122908233757,0.010922029977939118,0.0,0.0,-0.03326954409257965
25,0.0,0.0,-0.012060276094692846,-0.029224573768214412,-0.0007908462674048877,-0.0006638406467605051,0.0,-0.00350546217101666,0.0,-0.01597950486732902,-0.05555175748477126,-0.013495338522183431,0.0,-0.017629153156754285
26,0.0,0.0,0.004325171733439603,-0.01174057504829662,-0.006241322749854561,-0.0001889681307609692,0.0,0.0034680745447666084,0.0,0.012236658819682944,-0.02340134896884294,-0.008571829863477376,-0.015795684625898865,0.019021321962506832
27,0.0,0.0,-0.01118414200999407,0.009461537104689555,-0.016124573743928394,-0.012377447329256164,-0.03924856011106037,-0.003917936767749097,-0.02976937865327134,-0.03640333773168969,0.0,-0.0054087812888994335,-0.017116361323759932,-0.03975363411955968
28,0.0,0.0,0.00841289515117527,-0.011641684834373223,0.019831209592565457,0.019330015207046358,-0.012272952965222572,0.016426926898683192,-0.014207048745907613,0.02344516430735233,-0.04962730268848503,-0.008902021323740072,0.0006576787351555424,0.02789095528509211
29,-0.006278379207119933,-0.0004798469913360748,0.0072159130151643325,0.016277146669779086,0.0,0.0,0.032150845676561346,0.0,0.014561483866519787,0.02985146516194348,0.06911309218771322,0.016764733321272374,0.02640088575140176,0.02780493527930883
30,0.03237924645162149,0.038203547391091774,0.008773361842243865,0.01363634192212615,0.013837248002296576,0.01638173774168461,0.010722409242774233,0.022443646797675854,0.013918421012014903,0.00020896465963193833,0.0019858222492850075,0.006786404242028254,0.013967029748515714,-0.00445971287628133
31,0.010788090919677806,0.011520685802496544,0.009335640738830975,-0.005698466634084909,0.015768659218030834,0.016346110625641508,-0.010382598092750328,0.021873754759793584,-0.0023116818520660942,0.026470279677202946,-0.013676220289037033,0.0016758494035897797,-0.011711001802360954,0.026740613629926635
32,-0.0015513598469354406,-0.00447463937950765,0.020629492372150615,0.022261155894781837,-0.0024583984950670157,-0.004676632123934432,0.022907069828505655,-0.010313122140480857,0.013130412398558278,-0.0015568533165488674,0.02250509560505698,0.0041863663622692115,0.016610906884368504,-0.0008873213396212165
33,-0.0010037091321839497,0.004528839832978804,-0.007687669292888444,-0.007883597279006338,-0.0013070679313571532,-2.603328180228459e-05,-0.004014645928370086,0.0037567198687984416,0.003869217758127874,-0.00585390401274033,-0.014278945436252855,0.004998070876577998,-0.00026341482883829315,-0.008359055894211487
34,0.023208844686166685,0.020325752583751466,0.016046813120333958,0.009724888903713591,0.013853694050249388,0.014350731099076697,0.009217703153735712,0.014585249301074299,6.261812763685981e-05,0.01769682488759461,0.008970625483433636,-0.00036641460699371464,0.0014216348143349933,0.02165814091786089
35,-0.008179093424338646,-0.006900642453699035,0.0,-0.004328336555076362,-0.011429287435325008,-0.012532577570788739,-0.0025366259053072326,-0.014773991905670414,-0.0011173320466486558,-0.012850146681106622,-0.0036688047417996472,0.00588058195582164,0.004283061378272279,-0.015986498490183187
36,0.008766841524375124,0.000772451921053019,-0.01387448399135316,-0.021229481686946272,0.003233062333123371,0.004429960034632252,-0.011517663632609754,0.008629053245707397,-0.0008832254608268642,-0.020043129686617256,-0.00852485444697848,0.008818373891108067,-0.019694442947656654,-0.023527491707708847
37,-0.06621331936991393,-0.07623001162289356,0.0036765944925623018,0.0012710268389497514,0.012796090529766602,0.011284366730450301,-0.015950425080262676,0.008677568126167046,0.003153100694198052,0.01693095578295445,0.014010017952509557,-0.0008173531456900918,-0.0063407900321301724,0.020072047916014135
38,0.009427338766666793,0.0023654550583174228,0.0070927187418536874,-0.0002459114237041149,-0.0034386998966784432,-0.001871865329564848,0.024856931807601512,0.0018031873821424682,0.0008284448188113913,0.013733135309220934,0.0029738451333152227,-4.816039073851641e-05,0.017507360589313237,0.01782163033553008
39,-0.029049966695676943,-0.051035526608856685,0.012819811504630074,0.00018438921724417412,-0.007447793522388224,-0.008154131091571593,-0.013110707508019459,-0.007109458255859735,-0.0018244279942587482,0.008898856645099151,-0.010035753202673803,0.0009457623705504403,0.006444898819709444,0.0056477911108032686
40,0.01667246755143026,0.024392959859749652,0.0021713530652283097,0.008446252183016867,0.020885335446832798,0.023588385401619227,0.01534484549745585,0.028474307907782048,0.0,0.015399381107893184,0.0036590416314918883,0.007997278038494926,0.005937643162882367,0.017044741286137643
41,0.04174494684330732,0.046567675572783074,-0.006162677802485916,0.019893126594173083,0.0020281862385385097,0.004085949861101668,0.030249193504472416,0.0029425752658625015,0.01592133647225058,0.0011694734038840693,0.040273461381771014,0.005108792944939822,0.01647927318675002,0.00855695927087119
42,0.0035299996948001677,-0.00044657063256536844,0.01400524918781798,0.011858804943067014,0.002634507176519918,0.0034926343203167676,-0.0030907563673494565,0.0008500835860125733,0.005504943891073033,-0.002850813053879797,0.012674759935832114,0.010680803373734449,0.0220008059277097,-0.003072002421101061
43,0.005018899387432718,-0.023349697173051354,0.010489902267644347,0.0017500377598747008,0.0037035624116423804,0.003300439865942195,0.011712420907073806,0.0020372777663961728,-0.0012979914085686772,0.009195279882862728,0.003215263282770664,0.005823916670655294,0.017558928601170365,0.008092305135823707
44,0.00803717996418385,0.01737209378973148,0.016516248438732894,0.010319809687670656,0.003942391884644181,0.0008846228008634327,-0.0008418454915233298,-0.0018609593240466182,0.001144750468374589,-0.005141721114939379,-0.006099098115035062,0.0001246847745726143,-0.004766360539989911,-0.005367734370128829
45,0.0013957807020643642,0.0029738527261962133,0.0,-0.006789702079810667,-0.006454540993269475,-0.011303756056006087,-0.007375479193390433,-0.012702902949721206,-0.006019500822941559,-0.00860144830553633,-0.007607808485646572,0.00432004312858858,-0.015972404506736204,-0.006335654941572955
46,-0.01347398578720771,-0.02176993113780945,-0.014011808020465644,0.009585896256062654,0.0021351601341326187,0.005039672782814364,-0.0007658655557847283,0.005483122411773067,0.0035033806187083627,0.006067000576306825,-0.008433838927944137,0.0016335352566994032,0.011329081446122657,0.004709039826876094
47,-0.02040902198364769,-0.0140421188815818,0.0008652680769589693,-0.0013776835014880362,-0.0003076005452591346,0.00015579279712252259,-0.0005922782798410964,-0.002617614981298644,0.008352336138491623,-0.015507842110014991,0.012548498521587348,0.007870136476070044,-0.00046616347054939666,-0.015166552939546385
48,0.0019878110868827292,-0.0028729998681367164,-0.0043018412896795866,0.0031599511948208203,0.012756070548144649,0.016262545588850763,0.010709816826118157,0.018343612567711887,0.0010556790467441957,0.028928359738294773,0.0051208404737845825,0.0010949848834354015,0.007002532861483779,0.034090042617665794
49,0.017352753815190525,0.03171504248203405,-0.006002385928022491,0.003690166927963645,0.0009186522770541217,-0.001261768616611647,0.011602964459985543,0.0003810123088587858,0.00043613343551296424,0.004414880797799725,0.017258740259896044,0.00786106748547688,0.006413061852820867,0.0058970590058677885
50,0.001701261649471597,-0.009453574501167239,-0.0055102183985802355,-0.014392948858516164,0.0012991886204627434,-0.0018386309343174645,-0.007198239451913224,-0.0045595559397231256,-0.0011668742110071406,-0.006944729673599603,-0.006793441040242598,0.001672124968866484,-0.0026800744741573013,-0.008043315211237356
51,0.0021141160101878498,-0.01104450043452232,0.00866283805758794,0.0014857872863114352,0.004293603391088752,0.00558472788177955,-0.0015325782757091844,0.007437436831313704,0.0024994771861690523,-0.0008944675263924395,-0.008367003157767172,-0.002261641981410989,0.0016785061476767282,-0.0016836986259729514
52,0.011913747546504538,0.03352393643891638,0.010414841622372606,0.009565395737645588,0.008948222446131027,0.006573583068596456,0.012075819581109926,0.0023105294318988,0.006606296606353368,-0.0028031524963632037,-0.002245204572050241,0.001597123792588917,0.012563957915040724,-0.006207877472139245
53,0.0171738098807257,0.03361423862742896,0.012211000685618423,0.0028788484948982784,0.006886999431285901,0.004395967251025645,0.008151521199755152,0.004317307884006638,0.002075322732451035,0.006547575555132745,-0.012570743324612721,0.007585092602273136,0.009203543499813449,0.005462991351071977
54,0.021310686645309218,0.026077535797094598,-0.004986245564749581,-0.00318850085849931,0.0012245646982389502,0.0009850919042930784,0.0006054549692482425,0.0027529169945061938,-0.0011853625046462923,-0.004697021451659289,0.0,0.0027801495261225995,-0.009023008112734487,-0.0036015191255795997
55,-0.006460119428968625,-0.004827823144919918,-0.0005409860528944321,0.0,-0.002346096209073778,-0.0008777728967723775,-0.0008415967482058306,0.0026561458650675718,0.003536903180791917,0.00040180201805917193,0.019171923540792335,0.0033533384985720005,-1.3899219135637964e-05,0.0008065446133951326
56,0.0035268314969112424,0.00945814389324795,-0.012465248599703216,-0.0047144386320532305,-0.004559227145433553,-0.00640650953066757,-0.0024959828676784923,-0.011011045560167076,-0.0008467400755023391,0.0006999298675065546,-0.0027941849243706685,0.0006930286882305126,0.00046162192459675566,-0.0028915559224493848
57,-0.016409869196674087,-0.015314355625655196,-0.007057153956149698,-0.011362682145342973,0.000750500052516756,-0.0003781417793762287,-0.013165012677461618,0.0009725344990041407,-0.004596751444642777,-0.01749558104936,-0.00641133964472651,-0.0009481830158470927,-0.012074803661898947,-0.01847408877759449
58,0.006113053580440564,0.005430714609188314,0.0,0.0,0.0,0.0,0.0,0.0,-0.0010881773330364553,0.0,0.00651541829887492,0.0,0.0,0.0
59,-0.007177427420478111,-0.006096059729728154,-0.009343490098117968,0.0,0.001121799115022526,0.0005451068880724108,0.0,-0.0014066578723372913,-0.0006403971124004926,0.0,0.0077112419645413155,0.0,-0.006023553784149094,0.0
60,-0.012926442540353023,-0.01788129300850194,-0.0022249819903681356,-0.01580022239515877,0.005557189045989119,0.008778012054237117,0.0010164793522182691,0.016608448375787788,0.0062200831043597304,0.007859968591794164,-0.0018015038012322293,0.002066182237342673,-0.003968575404922348,0.00605520790758618
61,0.02730118098681178,0.034177976989592906,0.012334212256163823,0.001158246884410019,0.004727099380822608,0.004340879993566027,0.021234371805766372,0.004666564974423082,0.003617662158648116,0.015308892508835825,-0.01321690240504303,0.005650305270316736,0.01886959395453136,0.012970978232223374
62,0.0010891788316254036,0.0009262493369828206,0.0016313696621335083,0.014366497860732963,-0.0017835457777568564,-0.0020418423596204605,-0.0012838553267471298,0.0001150119181989595,-0.003146603302023543,-0.014186143637437532,-0.007152199803108772,0.005682195233706722,-0.011159343250717768,-0.012951072593885726
63,0.0018674792244350868,-0.007268524795879472,-0.007714798620032326,-0.016544366722149206,0.0060691680888123045,0.0063109590665995086,-0.013459930894450522,0.009135010267732113,-0.011225954278531347,-0.012033995997802194,-0.03611927626110756,-0.006597119197870427,-0.007919591921971225,-0.01733782344243462
64,0.0,0.0,0.005301601566602976,-0.0008204544421399618,-0.0031382177332552885,-0.003213480045854311,0.0,-0.004637872131482368,0.0027324342763250797,0.003249679395828764,-0.0025329143420478317,0.005290093058079037,0.00596414371023446,0.0030428249751306424
65,0.014362054744221808,0.024798618256133054,-0.005129303046402356,-0.01429501129756261,-0.007565314852975291,-0.01019629841179448,-0.015828856186022477,-0.009833882979920716,-0.008235041314753389,-0.019539553608342253,-0.024514544896184987,-0.004129464550173267,-0.01221751404273519,-0.02458161614543819
66,-0.0008103012777596064,0.004088363163413433,0.0016571769646418488,0.004356510831444282,0.006383514092442866,0.010452797932012814,0.001469402224755001,0.01572849391344988,0.004361890665982138,0.005897307139346886,-0.0011103957280074184,0.002744960984811584,0.0036813175420506994,0.006555526801466982
67,-0.013920685559110524,-0.016894237081878316,-0.0007099012147717687,0.003673101064597617,-0.009875273734747836,-0.01204807397000529,0.0029343667018988384,-0.014812314764515833,0.0013028805809467414,-0.007529060190336168,0.002191596161738474,0.0031075989184650155,0.0008320549523421761,-0.013074220312638829
68,-0.007829319020244085,-0.008733111585073061,0.009860600419559162,-0.005352628891484912,0.001993228135669156,0.0027827026046169934,0.005135775183498836,0.00047836063473738477,-0.0009325868736311804,0.011861603035107748,0.004540812437756614,-0.00370030116988751,-0.0018748151174339256,0.013974313138069405
69,0.016282039405584925,0.018652352472143363,0.015660295434272165,-0.001236201552872629,-0.0011698725715216796,-0.0027435458896043485,0.003450533541750289,-0.003570817229743284,-0.0008522956934626791,0.0026352629543717754,-0.004458907717081573,-0.0007699058370658207,0.00032751652804030584,0.0041979360138828525
70,-0.0034043317358349867,-0.0072069854027319025,-0.004014557896040216,0.008902784568791233,0.009345350157387244,0.009615753881390354,0.00310800190349525,0.007972837510671127,0.005541922245733133,0.006335960055571022,0.011216064886307109,0.00013677996604322118,0.0019239045861141335,0.006089051533606948
71,0.014118441092518808,0.01428115265100871,0.017505412255839126,0.015772556189389775,0.010498652014398147,0.00999006976855732,0.031410263968592034,0.015343241717122424,0.0,0.027656435684035863,0.028007373857564133,0.007685228143333944,0.026560444925947557,0.032470770247637226
72,0.005114378067395009,0.008080698131207598,-0.008808378380669168,0.0125624410691767,0.001013006255194071,0.0001729124301323992,0.008428956700297974,-0.00030925648936097616,0.017317391886384037,0.004486910342714978,0.03183176058251824,0.006749157584673426,0.008104331895633088,0.00710494405838169
73,-0.0013781778516666066,-0.003531339255163246,-0.004221097889207215,0.007570982724001141,-0.0016172870008723805,-0.0009847695761457942,-0.0010005957153680356,-0.0015519704134590029,-0.0006054089704212728,-0.001074526489175831,-0.0037336063327639835,0.0030625328497162485,0.003429339739811077,-0.0021323985457932793
74,-0.014548245596929021,-0.015464248856764229,-0.007967590196402696,-0.00396322904285995,0.005943995265342394,0.006519725613798322,-0.007296553395022443,0.004404791037252664,-0.0027883966066672983,0.0017526565992200815,-0.034545124156519336,0.0009433395902558317,-0.0021192304915169657,0.003167493735181992
75,0.003015919905781317,0.0031675463361473533,0.01961985918042064,0.010013682009335056,0.002742238254837659,0.0030797379028664196,0.012898098976432237,-0.003977630522649989,0.0011242544512954922,0.01422376979724671,0.0361114484873557,0.003182669759839385,0.011605790062981569,0.015852623467210947
76,-0.023354099329594646,-0.04216115766238282,0.01544378642601174,0.005228405694605698,0.0023607245451273684,0.0007612550492348547,-0.009369113703405318,0.0015775573417737832,-0.0027531846244173153,0.0038019710676087115,0.0019004552530308416,0.004097451985892064,-0.0006303568699470574,0.00944135605486629
77,-0.006646874140305847,-0.010477059304060177,-0.005165958321388331,0.010811777738744865,-0.006305664899546315,-0.005207562857292736,0.018010398881930456,-0.00045274744291745606,0.008078645008814611,-0.004704560845884664,0.02667668947927382,0.0007011234989846571,0.003664552527520293,0.0029137662771514528
78,0.00214774648345184,0.009199219467525666,0.008771341782114028,-0.00690838168879182,0.0011799206469369494,4.785857954114903e-05,-0.007204185177679179,-0.008051134174468899,-0.003274226116443124,-0.0030033600037580044,0.011957460987789048,-0.005807397197758135,-0.006896951119709449,-0.0033593367861080026
79,-0.00425678262196616,-0.004439540774376027,-0.006011157853317961,0.0,-0.0014735431264725207,-0.0018136896207625597,-0.007603215896473614,-0.0021301620141827016,-0.0004664675358965198,-0.006731614468423963,-0.007608299475517555,0.0,-0.013748511754027248,-0.007509533726070217
80,0.006100137732775401,0.01015041455211474,-0.0045719588151591495,-0.0030218641504635713,0.0007273264298568449,0.001871000174236137,0.004815086038316707,-0.0015352006917819239,0.0025184591030047443,-0.0007432901466613018,-0.004944827860423828,-0.010304662098780781,-0.0019396642610178816,0.0011764626213146556
81,-0.003727061308479662,-0.003506727385254038,-0.006070133490909235,-0.006321879844200851,0.002843621589248002,0.0016479941117468755,-0.002135662698183438,-0.005156111486265047,-0.0020966297586735294,0.005067921688966415,-0.003624844068699673,-0.006691285947979964,-0.006912361885211382,0.0029239630478627987
82,-0.002739934212762307,-0.002386360979429014,0.01798924460089424,0.007240854576210154,-0.011752431811855146,-0.009273636061561064,0.0012364874991224184,-0.011966945405786689,-0.007205599653985928,0.0003922660239075171,-0.036782889977484245,0.0058462452604821635,-0.004329753508089951,-0.001598501620541981
83,-0.002469492769447079,-0.0008249988881274817,-0.008585432857350916,0.005115742377594046,-0.0032085466403426466,-0.005075949230557875,-0.0151211412608383,-0.006248067397303103,-0.0033941926937250955,-0.025682160536935505,0.0,0.004496530500224694,-0.008342718043230057,-0.0316001788714253
84,0.0,0.0,0.0,-0.0017532200430476763,0.006590248873491689,0.007779606697244645,0.0,0.0088044354566712,-0.008055829787153357,0.0032021444184042736,-0.031615962803687836,-0.004225602672143225,0.0,0.0014486966079179098
85,0.018317623498472102,0.02918864538501076,0.0,0.020912699080529507,-0.007869953829763077,-0.008714499388395858,-0.018691202414702346,-0.011349815354396497,0.004166929795638374,-0.015439189341432957,0.0,0.007508738056609232,-0.00967137537803886,-0.01944529073163892
86,-0.00045825977309021937,-0.001832791196864747,-0.014165079968440075,-0.015567464718968083,-0.005629635360094198,-0.0059545827054732214,-0.0073349463742538035,-0.007920924793264561,-0.004895179870503696,-0.011152211859407402,0.0,-0.002708580752262435,-0.013656386696690781,-0.011990757983074474
87,0.0021940043151218447,0.004901287696693402,-0.009968598649543914,0.0015165591903851805,0.0005352956469142356,-0.0002390366927933485,-0.003710001041312694,-0.0018109795203855583,0.0,0.003453679093716744,0.0,0.0075878119576486824,-0.001898619434167692,0.0
88,-0.028624084129337035,-0.03630806355067229,-0.0025839668501435042,0.002440599110366648,0.0045150863548713005,0.00316961055355236,-0.016763399191265904,0.004034662866141403,0.0,-0.002712651472593919,-0.0025212409139285796,0.0031405509472044457,-0.013461790508189075,-0.0006501175705153628
89,-0.028245536774337054,-0.031178314991153755,0.0,0.00540866410050711,-0.0019590466790049277,0.0007532133076093572,0.0023315271027470885,0.0029621055865973744,-0.004512547738196204,0.004189196888419566,0.0067637168001919434,-0.0018950752682158623,0.01282932172186868,0.00644531441252294
90,0.00016877398582959557,0.00027875468148153004,-0.008566474879549979,0.004144913211389323,0.012484746076557585,0.012406365236037331,0.004251007596334233,0.012483292045311956,0.007437395496871169,0.00602415452434979,0.021303196604542052,0.003530423244827219,-0.009046441413993911,0.007798075638268287
91,0.00156837298564394,-0.00123219419618259,0.012497603842600569,0.005506262304491472,-0.012190594674478916,-0.009607522877868035,-0.009300318677155417,-0.010279508004298776,-0.001211338374965898,-0.004725148002610702,0.0008339506536128027,0.005044127597118475,-0.0030251228314792655,-0.007500442873607405
92,-0.0004142674881864039,0.0015762667816421327,-0.0037523623590649535,-0.0024227527735050103,0.0005295191030896262,-0.00016947926796451185,-0.006996550998010775,-0.004918901062255898,-0.00131897733342079,-0.005253036024903679,0.004052939763283803,-0.0030531708544696556,0.004570720325318689,-0.007212993655415723
93,-0.0030913740792639643,-0.0038158413211437647,0.002777524521853536,-0.005669729780947819,-0.01050501102048429,-0.008514434161752682,-0.009899064680789493,-0.00415651175542564,-0.005323908273322964,0.004246733570582251,-0.014164735920608962,-0.0009537893454183433,-0.0038246058124551396,0.007185909764714005
94,0.00836683125588511,0.015334847798525786,0.004258984738374494,0.00559510860297685,0.009952443806998446,0.009748976389612807,0.008315537426938135,0.01217310559584206,0.00046763270038407967,-0.0014761129691303054,0.003296337649546288,-0.0003528297892732013,0.0004204543280179607,0.0
95,-0.0025210024249568974,-0.0001301843697323335,-0.003310363858765264,0.006880675911823175,-0.010257009498568337,-0.009455863552163102,0.011741905783406281,-0.012586571205410735,7.62324969949546e-05,-0.0033586068931619195,0.011256452584767374,0.008746579538762234,0.016331216452562636,-0.006290326307671457
96,-0.012801059156604566,-0.02183456723024335,0.004307102008147545,-0.007384582933459782,-0.00019176578292068314,0.00020515768640194665,-0.014639844944550617,0.0049477642043473935,-0.005773613103304598,0.003979806589633483,-0.00048720358371490136,0.0011133819990174487,-0.0014393098999052611,0.006222695951062285
97,-0.0002165531495981199,0.004010644855114265,-0.013505897772200015,-0.006161429787660211,-0.005218174362262573,-0.003713594522721131,-0.0066841141684435,-0.005626615978684413,-0.005097961934904305,-0.010257492483377817,0.00011839130287150113,-0.011381159656384199,-0.013412752529401217,-0.012665988958617369
98,0.006596480440569152,0.008491780932649462,-0.00010048692279607252,0.005246110438207552,0.0037519178983984602,0.006001459222805039,0.00798401184820463,0.012029196532227004,0.0004570682110145441,0.014804858261944887,0.0053733722367059755,0.0009034286113234202,0.008615700725313147,0.01460225499840817
99,0.0064073951891359116,0.010277342093131026,-0.012181727274342968,-0.006072988849732397,-0.0004577810891781553,-0.002087636568101736,-0.0021769340254618186,-0.0007928975154527507,0.003884253584242714,-0.005532064677343129,-0.0048965462348480315,-0.00030248946941746624,0.0011245721137251863,-0.009916802216768161
100,-0.007759190639424318,-0.009773203426322041,0.008362331019312386,-0.004390191174417524,0.012109651774585117,0.013588637533989534,0.001079752007340673,0.019795360951624374,-0.009026653624450987,0.021740298364678168,-0.009401218729232497,-0.0050956231124033025,-0.0060538401789678176,0.025978083952396425
101,-0.002334706642633577,-0.0037845049604019465,0.007734909126114076,0.014417044012146718,0.008181652146477703,0.0069505296515837145,0.02674992414510058,0.006935298570663662,0.011713239582880952,0.011296934554052562,0.015551732321618772,0.005134711595834673,0.005956247282100868,0.016957703019565784
102,0.0026100732580793817,0.0042364124580771545,0.008161500068683658,0.0028994867282250425,-0.001301616442136222,-0.0002104660499284705,0.0014256585064522653,0.0014045366142720894,-0.0017612714021755238,0.006018398381925749,0.0009013668077244574,0.005752079726931925,0.002400789070594378,0.0031339210100025383
103,-0.0004951606433669653,-0.001273936323725522,0.006908032338908576,0.0032980953904342414,0.002517073627563704,0.004277694939439414,0.008769553307734768,0.006452306950036402,0.006168779433648908,-0.00013534912211365935,0.0037122277859253927,0.006405836041457391,0.0104738738892447,0.0023643542966347297
104,0.0004979286315496267,-0.0045744631596029706,0.004121070162730334,0.00038840708747400754,0.0,0.0,0.0025540415391773763,0.0,-0.00103652629110762,0.00279359058832096,0.013755970367856918,0.003868082069415024,-0.0020574189401489917,0.003738367977636159
105,0.032818397946714484,0.039253759790540244,-0.019053674609965654,-0.005451203322744291,-0.004824488966434615,-0.0010057686205895422,0.008961408582816688,0.002944844784446232,0.00823692588070557,-0.0054253835900714975,0.009734557091512386,0.0028138151660836996,-0.002036555757335634,-0.008622812004503544
106,-0.0010661558615732147,0.004831895650276863,-0.0030747196475315874,-0.010353472445038037,0.0001388937918740396,0.001134398653926283,-0.0026029110083385376,0.0008484986611225764,-0.0003429314889302759,-0.004625127028028864,-0.01633520929413912,-0.0024207432687148867,-0.00018633349708174762,-0.0080986835987229
107,0.004014896676669544,0.006335991235422611,-0.0012685253983910627,-0.008356938791802548,0.0027444896950914455,0.002820696166986103,0.004720804515946142,0.0038513982646097844,0.001204696251582149,0.0,-0.023461687662775788,-0.0027492452719073412,0.0016291984005869509,-0.001617063142868247
108,0.004588372748807856,0.00687523020962999,-0.0020860038386034674,0.007548772515722391,-0.0017673984760619987,-0.0029160622366948274,0.004210816191188016,-0.00581809048398263,0.000367660376459078,-0.008535501642978893,0.004799299223829934,0.0030311576407413554,0.005046079599030584,-0.012040466927766502
109,-0.0015610955879958865,0.0017548907711386619,0.015096133605448259,0.007772084249046074,0.006340788329289637,0.004885328519363519,0.003953577704995936,0.005284914670655283,0.0,0.0016717685194986842,-0.003744552296813808,0.0,0.007818499077028918,0.0014500843621494397
110,0.0006633642876252566,-0.001471726819868735,0.01847573514994938,0.001975529977476853,0.0010011107827079258,0.0012886156291971318,0.014071542835436546,-0.0014017401217056857,0.01290335991525371,0.011669843108958133,0.005738614387501784,0.0018390647894310774,0.005919708466384677,0.012839055078778472
111,-0.003031104954770214,-0.003002217622261938,0.00014863088834982108,-0.00018620240254918485,0.0037153797958939805,0.0033041019719552978,-0.0014244495794777379,0.0025945325761824733,0.007650971071378798,-0.005249361334975333,0.009280135262885736,-0.006529480920530517,0.00500478063015386,-0.006907082813738086
112,0.0,0.0,-0.008557948977908403,-0.0015095368514614904,-0.001103706449963937,-0.0017192355978936646,0.0,-0.003225533814921633,-0.0014365505015989655,-0.008929148774347695,-0.009702345693023418,-0.003002419030986303,-0.006512202513505372,-0.010228431409581518
113,0.0,0.0,-0.016313928909124087,-0.0092369956845193,-0.00668609686963606,-0.009217532410166207,-0.012056692610805442,-0.013005198540335883,-0.0032362040137154935,-0.02294794317836768,-0.004030738593925776,0.00017643830093305723,-0.007351691305873764,-0.026414441202478045
114,-0.03267100788403443,-0.04502772242310549,0.0,0.0,-0.007464501518912314,-0.008148298789709685,-0.025492529555078747,-0.009465309671663036,-0.019301543579221203,-0.018716476391263726,-0.03569784726511038,-0.006837907378049124,-0.013387276361308764,-0.01998116190095267
115,0.0032132193947855825,0.003296910130378805,-0.009336286962478901,-0.02078837383226073,-0.0032569671196913674,-0.0018005050719720472,-0.0061349504818934975,-0.0010091090192680952,-0.0035585302076190928,-0.02112309736808271,-0.010049572288357567,-0.012983450739314506,-0.0061579569594929495,-0.019941584374886467
116,0.01571610681691471,0.027775907083722018,0.0020287563922360974,-0.010859533904117313,-0.001962362244166016,-0.0018424090638102797,0.003915811576819195,-0.0017811952295350153,-0.001624048536330136,0.009117828139113549,0.0038126405496967664,0.005050882697576142,0.002136161875046838,0.011770987979669911
117,-0.0049975796029846364,-0.005789287390038922,-0.010623752634813854,-0.00021375438886295228,0.005254244378567918,0.0031280931110462262,-0.02118778963044221,0.00206402982267484,-0.00859007534229228,-0.004463417834482897,-0.030967886967658842,0.002763424663712044,-0.008212395536395967,-0.0038940858503613285
118,0.004268242904129416,0.006642166152051487,0.003891229292948495,0.0032400224287485457,-0.0032726547546122475,-0.003263284144609635,0.006543956739655243,-0.009244001024526938,0.0007220965054290929,0.008762419181142178,0.01066721306392715,-0.006044119177129659,0.004300969942072186,0.010539051869491445
119,0.0012830471775471253,0.003854057333715133,0.013561882553388749,0.018062703158962634,0.007311694201382224,0.005791382778423504,0.016726901652779347,0.007651383974257797,0.014090882354577339,0.03257676541052934,0.023168475699746338,0.003277780271421449,0.013461110240650775,0.03236095750467616
120,-0.0035548238994227432,-0.008842601550403728,0.0006935463719148771,0.0033424708545499726,0.0013953479164232618,0.0027083906042095762,0.00768558740125691,0.0013531300834248583,0.0007971886512354587,0.006834857441279318,0.012685048757024475,-0.004397157681170327,-0.0040856987658353106,0.00827730434883378
121,0.009333206978589637,0.016262846579330414,-0.003851942509173867,-0.0006638028682619534,-0.0027463999785926063,-0.0016529289965756533,0.006110429782351545,-0.002157664481231336,0.0049707318510661125,0.0022216891235524727,-0.006414861148433815,-0.008467765444304831,-0.0011909321902452419,0.003690086998322961
122,-0.004688258497172804,-0.00415608230417952,0.011829407320824714,0.001857594240904703,0.012865671156832903,0.013275567071954875,0.003514867958273271,0.01574853060310666,-0.002950274796456931,0.015961495614553733,0.010687912060108218,0.005825185030882807,0.002767113787813358,0.019797310296635118
123,-0.013112774173601238,-0.010544694122049947,-0.0183301228885,-0.03223323216502294,-0.03447327747177198,-0.036580792805582796,-0.029627571868131142,-0.042023159216290296,-0.03142935436922123,-0.06958379234606848,-0.08252932811508806,-0.022770475074993968,-0.02114662546156687,-0.09010986099529816
124,0.014406187610418897,0.022399739525504003,-0.022909456016891205,0.0046827524665822295,-0.015084379660546432,-0.018262246511702607,-0.0015723828153362263,-0.024412073124151945,0.0008359023073678529,-0.030195616859079344,0.023608229109632006,0.002867962510206823,-0.00202728400915575,-0.028740341164787964
125,0.0058034770793229384,0.008241473019880985,0.008380783186113128,-0.006620870946310475,0.015599782247317506,0.017614121604087707,-0.0027148614298635465,0.02098438462128449,0.004851071102886628,0.02186827128949176,0.0009094756776928392,0.004424206815233589,0.009725954577263884,0.02244549784447525
126,0.0065142842204028995,-0.00023709106919156397,0.016511406784124105,0.007632526540948703,0.01623530044204813,0.016889242971254603,0.012985527074844683,0.018452381777752436,0.0103479926388923,0.027532255421468754,0.015778292272623062,0.012960989232949416,0.013046952066381401,0.02629805778919092
127,-0.0006777058413831583,0.0027703600292259267,0.0015558376852968792,0.01754126622767238,0.01321073119542504,0.01347386314946597,0.017378354274340424,0.013182574956962512,0.0071255832834120625,0.012577683282851027,0.0005837534583896797,0.013623248073734828,0.017111834245112867,0.011430883206392295
128,0.0009792143479181448,-0.0030132032851817314,0.0029199876881502718,0.0025191225750340607,0.0010802259835163142,0.0019467062930313972,0.0,0.004100863194015147,0.008575790827204166,0.007872345407899495,0.00681806863699741,0.004152305456059935,0.0019131001211132315,0.006374658214262752
129,0.01895924737261101,0.014375444526370629,0.005709636930765427,0.006686645361019927,0.0,0.0,0.012655246517374152,0.0,0.00400746906747429,-0.008486801060401561,0.005932912343499908,0.0021230300877519426,0.008462613685150444,-0.007258210360880923
130,0.0059343285172435145,-0.0006685545609190768,-0.006226468839990673,-0.010238115972404316,-0.006077137205958039,-0.006871028985598215,-0.014756503427596712,-0.008191681937534057,-0.002735192706217582,-0.015042539785389053,-0.006771804335178544,0.0043186047126066995,-0.0020540200862679825,-0.017385212202882805
131,0.003619019222096398,0.0036603813170561494,-0.008593278127563053,-0.00585105501194505,0.0043625159513496214,0.005338687058276115,-0.012385920847655996,0.00749022898309093,-0.018631155302354152,-0.017565667123852435,-0.018702996119255744,0.0008947014621050187,0.0,-0.018481852029318624
132,-0.00014751677625568504,-0.001981970382791687,0.0015896469547618253,0.00583190837565617,-0.0012697809158392914,-0.0008719578867335542,0.01027288224309686,0.003625713984213519,0.010674353338629317,0.008282549600436617,-0.006703611958789324,0.0043318738524273925,-0.0008730819184803451,0.006759957580893428
133,-0.00957649702887231,-0.0008270737924398475,0.0063228699488160345,0.0004972266759910582,0.013920376391602929,0.015138186565992306,-0.0069177029155511605,0.016260924593799686,-0.00557760078260916,0.01577807495992367,-0.011141775801569054,-0.0010594123065743588,-0.00530017930149107,0.020616172375327757
134,0.002280791735213228,-0.001601357171374218,0.009859655746534912,0.020175576790448346,0.004409210465246005,0.003402819311999039,0.015265471853727064,0.0064111007305633905,0.012875876776807793,0.014475915297199826,0.03906543824596653,0.008867595838291109,0.010169208250497164,0.016532730264549933
135,0.018022137428721052,0.01527053204400275,0.013106832537545188,0.003012096833142408,0.006602433069643254,0.006984842307344863,0.016351784371503086,0.006828139038914216,0.001351807668623195,0.011972973735861814,0.024326715471294946,0.002405583636125641,0.008889069861718113,0.016539939771478274
136,0.003701389382342768,0.008857331356134424,-0.0012802411898746868,0.006572503629481474,0.0013316646411798416,0.0001347586749824714,0.004589222583186725,-0.003408241595437289,0.0071658332614346065,-0.0008130647784421186,0.008400393416478025,-0.0021408905867481565,0.0030382404799196294,-0.0024916641847188004
137,-0.002181920098529133,5.34450605158554e-05,0.003393184932719784,0.004277762738043478,0.007282915656388056,0.0052454228016962645,0.01113221927426622,0.005643574857110423,0.0016042424813500489,0.008274462111087288,0.009471169958372272,0.0022637903170679152,-0.0012823158440946614,0.01254180445537667
138,9.096848427780913e-05,-0.002853675139807166,-0.0008291820483679047,0.003320668600519383,0.0005478019583957661,-0.000929379059870783,0.004543679617730945,-0.0008883884437818068,0.004217555635416481,-0.003301573390446677,0.006809408916787163,-0.0010527924083927331,0.006320090485076868,-0.00149286587626829
139,-0.0035199053159136184,-0.005671370234598072,-0.0024658913855990505,0.005308542344874212,0.0008906978966027879,0.0023794618218691,0.006623201449114546,0.005193661956038653,0.0019066983743316612,-0.0012032605932983387,0.0,0.004664753337905836,0.0011649635666044489,-0.003209301870232828
140,-0.0022914085695422415,0.001508820400699662,-0.010477843210425775,-0.0013199502258132156,0.0013997059333163975,-0.0014362045004157054,-0.005979378195025475,-0.003846492984722616,-0.0020901298857953776,-0.003850985162736187,0.013573541563584257,0.006855175284179893,-0.0031530455909090094,-0.006145935828549831
141,-0.0028684993527701153,-0.0017076575173202713,-0.0004176732031151431,0.0068373923821525295,0.0019389301106063073,0.004261208315764264,0.009609899884274853,0.010578504786948884,-0.0007092905028338592,0.008643902303226092,-0.002479849942433887,0.002490295301983636,0.008933972565705162,0.012156660157779164
142,0.003662208677759793,0.00253862159435414,0.006562956021937794,0.004308613408586126,-0.004192627588803788,-0.003619069856525492,0.005378398417795083,-0.0031543791279862177,-0.0016088621679184456,-0.0007145929635781201,0.007663339280188808,0.0057525270123193195,-0.0017872288809881454,0.0005189300581802669
143,-0.008656324002735971,-0.007270175573802717,-0.00041505047183232335,-0.0025792808343769735,0.0028914507231920794,0.004543626789510036,-0.0016477156483016842,0.005162209004298646,-0.0009347306438503011,0.0023033258742168883,-0.010944160879690301,0.0016620387790933222,0.0016548620107226242,0.001259103525133476
144,0.0009992174829811518,0.0008671262501813715,0.002529366216745821,0.006417814483372197,-0.004197569894254016,-0.0030160187399292937,0.0013271813673014776,-0.0004962395734224856,0.000984413632723502,0.001379467292334624,-0.00041873400546244,0.012550256972245322,-0.005276428188182969,0.0003330244982819863
145,0.011321640653795484,0.012410508863171188,0.003482932569985664,0.0007045194191466209,-0.0010447505936159729,0.000322732160719319,0.0061777723280904695,0.002433447832242308,0.007436313488600632,0.0022146285907007623,-0.014377525950170167,-0.0009461394886169927,0.0012245153061325453,0.00190854132170859
146,-0.01925428676947938,-0.042000551234364636,6.706173904547086e-05,0.00039724755401060463,-8.553464790139742e-05,-0.0011992609468087778,0.004025364643531759,0.00580697452098633,-0.0011301563904968503,0.006067928446523929,0.017053273598596874,-0.0011620677262413892,0.0027404765537371034,0.006884861725724001
147,0.0007764282368309949,-0.0009172265475605457,0.008116931804696748,0.0030460450716969234,-0.000856807349368438,0.0016049204480923507,-0.0020115817219732435,0.0029471087408765584,-0.0019525101507644749,-0.00946650570701646,-0.011344180333752618,0.0006092715349428346,-0.0078053103903235055,-0.011190942286086525
148,-0.005016660758242253,-0.006452854304356492,-0.005042216229226071,0.0010252286791967435,-0.0013071455718396408,0.0016299801176575812,-0.012843301483792757,0.0013860283709519194,-0.0024323428346271214,0.007482208202670648,0.0055939976160601645,0.005701996714984503,-0.017255482830218938,0.008279547458265313
149,-0.008749527740454788,-0.0140348567613362,0.0014080189008156552,0.004502388533710544,-0.0015055874358225196,-0.0012705941474910887,0.010802864301270532,0.004266313912138386,0.006634086414290863,-0.008978459547111406,0.004005421513403107,0.0011560883798438226,0.008272642097948868,0.0
150,0.006040544135507808,0.006368192117895077,-0.01796400406686338,-0.008429295815625792,-0.004942520228793157,-0.006381940812667075,0.0,-0.00900423235208514,-0.005226436580968219,-0.0166903742564255,-0.01479535841006907,-0.003735535444810978,-0.012471517794236497,-0.028412804082082133
151,0.0024141855830981385,0.0029904426364542047,0.0033717948483369398,-0.013592512402416546,0.002248806635877898,0.003129042716071062,-0.01778195731519716,0.00427489217570276,-0.012078411346052143,-0.0005740514740288916,-0.018990134889758536,-0.007092753930786344,-0.010235333670713054,0.0014025612634016582
152,0.001330368617998623,0.008257603219933074,0.013348705735910293,0.0018461110895930943,-0.00016068949662795262,0.00021254929948888446,0.004273976853941264,0.001260850792929702,0.0026233938700253034,0.007018403468324053,0.010624090087071991,0.002837668424776396,0.0015477878614369445,0.007283472922265943
153,-0.00192309610948449,-0.002339105356794491,-0.0003239096576503897,0.003936887349436091,0.010379575781385597,0.008566697289380087,0.014273610335951759,0.010564873868039726,0.008914964948992576,0.011891782701109577,-2.7035499776673078e-05,0.0014157868725774847,-0.0013392058865830947,0.014009549303735547
154,0.009222997506556752,0.012166704151887586,0.006500385067084835,0.007322039276191461,-0.0007682305098750675,-0.0009075772915414504,0.015621432628014631,-0.0015295731236122379,0.006510202599166348,0.00018401290079150812,0.02407773938631763,0.005441869937229171,0.01495394829762553,0.0030923419644786065
155,0.007099186581125849,0.009118734333458889,-0.0002912785974968912,0.002651002079398168,0.0002029941325236706,0.00038971798655573764,-0.0012967150967320151,0.002364268334231312,0.006213686145604136,0.010180549787271786,0.0068471635715923185,0.0020202422677524368,0.0,0.015389272922252673
156,-0.002294615351855711,-0.005088160232508798,-0.0070529568122665864,-0.0015860936856597618,-0.0020195484402076858,-0.0028687970634884152,0.0011931265794054013,-0.004007633743110972,0.00042069325314031403,-0.0027807898622826954,-0.0017821785278986368,-0.0018419776536937604,0.001667159184719047,-0.0035451786552052056
157,-0.005350328972230756,-0.011501406105963952,0.004883386228637043,-0.006460602234376722,0.0063520547897102375,0.004723415102444228,0.003910156599786774,0.00456626307187058,0.002032537693159142,0.010523865961044265,0.0,0.0005726502104632658,-0.0020016053855052007,0.010076762247573257
158,0.015869037224327087,0.013111695220679564,0.007654348069639383,0.004148952412986517,-0.001992409255691996,-0.0007963633869145781,0.008219221993080339,0.0008584475975670358,0.0008147411414318739,-0.00021459382135535776,0.01098216753064385,0.0012611707771501557,-0.0008436720821363153,-0.0013423395666336546
159,0.0241364504410555,0.027543311429509387,0.0051211052699953186,0.001643967479797226,0.003202154901552845,0.0027890162945221064,0.007247371388624302,0.0055512543100117995,0.0,0.0007113675758700921,-0.002980774583591028,0.003423395574774446,-6.624388087317357e-05,0.0005614169785808087
160,-0.004862044720328029,0.005606129252990755,-0.0007487733659061746,-0.0014450869566804414,-0.0045192661148245605,-0.005494142216478259,-0.0009453900586944286,-0.0066564692289183824,-0.001322503297958022,-0.009207661405870482,-0.016318428660614615,-0.010569534410747039,-0.0029374444481113926,-0.01004816818729104
161,-0.00015505124199677311,0.0007109809171570447,-0.00335114341191467,0.0005421523580881882,0.0011808408467661735,0.0018668460061554981,-0.004859298233112597,0.00029654305272863724,-0.0019601619157736394,-0.008638038799564818,0.008945545030256241,0.006048161801894381,-0.005419004615123235,-0.011889920821873012
162,-0.0017512742977547902,-0.001055619846672684,0.0004467869206594699,-0.0049263322351436045,0.0012783815677614996,0.0021972016963829333,0.009749816644974985,0.0021950442586664565,0.005718162343680611,0.004883101915735821,-0.015625834953695517,0.0040841049292570375,-0.002242869611545295,0.0049399045368732075
163,0.0012839339829291418,-0.0005967574679530685,-0.005267456905078127,0.003425693798286389,-0.0024295343758051757,-0.001441309568768645,-0.003739723286759755,-0.00033783738451376166,0.0003745495414646527,-0.0068153945139757255,0.003621392583996297,0.0027220272491152997,0.00247845191559648,-0.009088717768363175
164,-0.007523842714682871,-0.013081882498035213,0.009835534884854447,-0.0021011251093252525,-0.0012486057779703685,-0.0005634818833231137,0.002642399719000821,0.0011867265959377704,-0.006870979584269854,-0.0016823246725365948,0.0031600994916516356,0.007655729358539531,-0.0009955932597778272,-0.0026413919196217606
165,0.0015875343284896815,0.0017586944209604383,0.005251256339463772,0.006992540371625111,0.0009645330235326099,0.0019498671783617638,4.433049112329002e-05,0.0029472561591692426,0.003797524914375572,0.007639747750244119,-0.006093290104857374,0.0006925785141351781,0.0032468782378209937,0.0112057949366271
166,-0.0012391285307309374,0.000943761975465307,-0.002980065119383646,0.0014215090558860055,-0.0035550930709344897,-0.005254055259671375,-0.00777618593782492,-0.008091486627519018,-0.0030143594825968734,0.0016808985833396406,0.0060397483816334585,-0.00766661803333335,0.006692380474125237,0.004951464638027758
167,-0.005703683080865218,-0.007583292067907976,0.0009927026809801731,-0.003566467412802865,-0.0017909785693923652,-0.0013661603966461655,-0.00025550498902404684,-0.0010526950003804103,-0.00041107491709713173,-0.005706029062807261,-0.002494571961653591,0.002288781371440507,0.0025615130272225173,-0.006971065734219906
168,0.0006450878772117363,0.0013661950865362371,0.003915608484825306,-0.004775074201827323,-0.0028775417860433805,-0.0015800642387127084,0.0041373881802861945,0.0012883999832347115,-0.0026566123461027047,0.0068479075768319575,-0.01186278026195886,-0.004856072871973538,-0.006724155038148716,0.0075592146721046305
169,-9.1845923002154e-05,0.0028621290615973294,-0.0033316052756919845,-0.00842992126316311,0.005831698718747447,0.005214428428674367,-0.003857320489723648,0.00256623152434976,-0.0025308191671937763,-0.0026740735541572747,0.02276840118097745,-0.00325777867543664,-0.009924320792740637,-0.003947544995654084
170,0.001513466931678309,0.00044000046412406846,-0.0005185916573315907,0.001662409037797019,-0.002634905316746483,-0.0019555914071229807,0.008498322082933996,-0.0017866207739700712,0.003629596999798146,0.006796798942663607,-0.0007250344814035969,0.0028044932337039086,-0.0003676465870343648,0.01069795001812679
171,0.0035109354183031627,0.00267697718162907,-0.007126124805313161,-0.008303330632546846,-0.0028989117354640825,-0.002378691105562325,-0.0017058479971723273,-0.0018723314239306177,-0.002498518035777053,-0.004465138119712719,0.00964171178242168,0.0014715691414490806,-0.0027614931088946193,-0.002517433896727539
172,-0.00721641498719805,-0.00824838021251928,0.0026947304438209585,-0.0032077718981700087,0.0010005340870620216,-4.138538941145242e-05,0.008039146754803994,0.002679919166361344,-0.000949042677758527,0.0,0.002332713716821644,0.0032869858739505986,-0.0014617967090462258,-0.0018673230017665077
173,0.0013202890783574617,-0.0027302001953053434,0.013495379002936403,-0.007934544122219833,0.00393702337553492,0.004192241599034752,0.0044954430613746155,0.004331342741513922,0.002746278638961819,0.022274172532223524,-6.854179638615676e-05,0.00039327401979072363,-0.004465907143990755,0.020419817920885208
174,0.0015450645143815223,0.005158452474494979,0.006769226335303635,0.010516332844316523,0.0,0.0,0.016321000121312323,0.0,0.01062379303126093,0.00040183216383393727,0.006592500880028496,0.00881225733012947,0.016910920644447103,-0.0006756352477061967
175,0.006042043490575466,0.015405982740837487,0.01091976125997629,-0.002951160418374954,0.0024930125419189153,0.002977242370004518,0.00582366614883334,0.004942195746226119,0.003126031418729802,-0.0035328314975817676,0.002599656480580137,0.0015605070065944915,0.015591059599371349,-0.0024398905417246652
176,0.0003930643658556221,-0.0020995675055548446,0.0069479868499060515,0.0019561351473136313,-0.0006463647793193417,-0.00014639593829279818,-0.0019301345181261809,0.0015189663519716845,-0.002252755201136658,0.0052389210939800535,-0.0040793251341249,0.008963465836126616,-0.0010017432045019703,0.006978486183021104
177,0.0013012929344515811,0.0011499213026322508,-0.001452048462749822,-0.0071046349952244015,-0.002498536959453901,-0.0022254881924705927,0.007449678258215187,-0.00463801346613657,0.0008968845051180452,-0.004623140170064488,-0.0031597324989309783,-0.004815384163377345,0.00028682083764408617,-0.00262983475542633
178,-0.005538362263187935,-0.008179883484082495,-0.011041989613553405,-0.008689958531199693,-0.021576500130841225,-0.024827742410836073,0.007512029672783527,-0.02572405811320344,-0.01260987330240848,-0.011754115288189482,0.0004121050236385315,-0.008816790676704045,-0.007333805005329985,-0.009888095355373494
179,-0.0186464985058592,-0.02838535339857451,-0.004125334969061534,-0.02265507628034591,0.013162380340608237,0.014570387233434623,-0.03414953094664064,0.016634479409599834,-0.023027071242141872,-0.010416541183801087,-0.017411339827585692,-0.025608342950452112,0.0,-0.013293811904750541
180,0.0005071416088995306,0.005053422989904632,-0.007653364223551229,-0.0022633251082044836,-0.01419685242372637,-0.014941748278211264,-0.003218480627547038,-0.01092696723175024,0.003949050922123831,-0.011035244466260252,0.0033602336590767834,-0.004202608801344709,-0.019309452888552237,-0.012719566784059388
181,-0.006856866367765946,-0.005755277011420645,-9.987344085971017e-06,0.0038139839487065785,-0.0017716970105716712,-0.0005878493998130452,-0.0010825723549672261,0.003586020618183028,0.0,-0.0038256338909787857,-0.006885902295787005,-0.005326416225585717,-0.0032090355921763347,-0.00333355413026748
182,0.0,0.0,-0.003948970925565121,0.0023309473883550424,0.009805563809281992,0.010058516449440447,0.006230880354879176,0.01456738256331036,0.0,0.003779375340775104,-0.012673411371327603,-0.0020101374464793764,-0.0013642626237517774,0.002987242564518766
183,0.0,0.0,-0.0073494604703672195,0.010781626456953575,-0.004881064352973752,-0.0037794277955720545,0.0,-0.0009757939498591384,0.0,-0.007538148507189035,0.006941970512835738,0.00751307893141373,0.007786316117271319,-0.01303788616699375
184,0.0076969325344400374,0.009805091901803564,0.0025246162129013427,-0.0003588520314199428,-0.00020035660092965202,-1.8603233825409404e-05,0.009165239091998956,-0.001820688204409393,0.00817910978152181,0.012846784687944535,0.0,0.0038008243067739755,0.00869432392618652,0.01120015850181666
185,-0.0010087617500804669,-0.0012054807138088819,0.002417875431780736,0.0016606837017540954,0.0005401920286054462,0.0002990934842346249,-0.000832170789879072,0.0012065834453292013,0.004914005303235491,-0.00021871665962347464,-0.0016441984014292643,0.0041586364973458245,0.000893683208375684,-0.0011629370013528373
186,0.0009502673200447731,0.0036794536739943595,0.002952797413124486,0.006764908416871052,0.008990825388075052,0.010858000333636042,0.005891490666140697,0.010217888635523309,0.005061945181145333,0.004961087979452827,0.01894777006752868,-0.0037396868474761646,-0.0013846289763508324,0.005824703742595361
187,0.005418094408371488,0.007419021096630729,0.013736338424666705,0.006514784342483537,0.005384153419914384,0.006478751917641468,0.003790894568849623,0.00833875894306857,0.006711234867501581,0.01992751552714367,0.0,0.004185614339951016,-0.0016430040209547414,0.023040962552492772
188,-0.0027704766550638027,-0.004937070540814048,-0.006673128060326938,0.010512933581555473,-0.007148611218363854,-0.005753292959718159,-0.003090668812506081,-0.006344626815771193,0.002129806893970354,-0.004242537837674476,-0.003194102377952035,-0.0020494620034483546,0.0038190028756872607,-0.006370791702840606
189,-0.017780038396991493,-0.020664992593957265,-0.006928113364213395,1.8429609387027313e-05,-0.009165971347369961,-0.008624850117916694,-0.01568228069044686,-0.009137367006145425,-0.003394188793780728,-0.01502075737652575,-0.012580821559906141,-0.0043772862074558105,-0.002456684261725961,-0.018784970422781377
190,0.0059352468798463676,0.008075830182111332,-0.011284955694405241,-0.004705977968734842,0.007349107892917317,0.006423495165297943,0.010833180888093707,0.009129820624657725,0.00764497658984542,-0.0009621199340239528,0.008388582021344959,-0.0016462833501993401,0.003604113482412963,-0.0016949835046213835
191,-0.0034460967088918437,-0.0009367475144408388,0.00260858248329221,0.001201667711104193,0.006067664951535434,0.005282576603643285,0.0020236680297678333,0.002417081337320326,-0.004742620172817347,0.007841471035156644,-0.013184728744658258,0.00516116367042585,-0.0007764524813387297,0.006799821189435562
192,0.003549751501232379,0.004298540004516127,0.007765046669225839,0.01082361309873825,-0.010733468297971172,-0.009365127730081468,0.005060084114475671,-0.009331632401025303,0.007598652692598407,0.0005342575146256578,0.01377082471170965,0.00724348674231301,0.009645374796896533,0.0001571101593160762
193,0.002072224030849057,0.005249460944249051,-0.009119060675931934,-0.006491130187718852,0.00903676625844163,0.007936392588027807,-0.018808041100399464,0.008099371485712936,-0.012202403633125414,0.0016576341434006991,-0.014716316704074472,0.0023992123319889203,-0.005643623146988297,0.003556971422877808
194,0.0,0.0,0.004439095626803891,0.007806258587999437,-0.002970341949255939,-0.0032660231815277996,0.012255683029827935,-0.002097432036732627,0.0,9.077172485749685e-05,0.00900682574231304,0.0015475387298629073,0.0004773669713076245,-0.0012465098386940099
195,0.0,0.0,-0.0008963293328561051,0.001003420836756419,-0.0046894649638584696,-0.004967881786361872,0.004442620849431478,-0.0021169790057005144,0.005480130651226212,0.010673833279026823,0.00821863103876197,-0.00272059131291158,0.004795371082469302,0.010285425776478618
196,0.0,0.0,-0.004630326337578872,-0.005687202362594235,0.006177341389227209,0.004287486231197235,0.004164950389384359,0.004970905613495447,-0.0009056333469814604,-0.004364074061014023,0.0049822851516818645,-0.011119085650891591,-0.000988429160305948,-0.0010634372421058913
197,0.0,0.0,0.0040558524668448115,0.005504837084437497,-0.0006856064965443665,0.00048144385260417977,0.006878396013494381,-0.0017264494532103214,0.005973379916816235,-0.0031386187739546045,0.004736859803459836,-0.010211288432621757,0.0011895009855154015,-0.0015542529207142053
198,0.0,0.0,-0.0019475700940354557,-0.002849230776773126,-0.0015344040435358863,-0.0032587874416138973,-0.004212164745759139,-0.0027266465580346733,-0.005583758397028404,-0.007844215421577871,-0.0023110615876476004,-0.004104394908972964,-0.003464997768084288,-0.006977605837562351
199,0.01435388634346424,0.016341733008090387,0.010590061635361359,0.0014621489139976518,0.004842775003391253,0.004595330317324731,0.0,0.006829850687667616,0.0014693744440119616,0.011050462223654023,0.0,-0.0071251402141658815,-0.001740499063340728,0.011659514839598373
200,0.0055965576101773,0.0037743581315012875,0.00015993342119280385,0.0008032537421467367,-0.010992516164149535,-0.012524577697756278,-0.012755119612894106,-0.01548519294316364,-0.012175027263174876,-0.0041112513897303415,0.009719459882893133,0.001026610812454365,-0.004928125947743389,-0.004976545528478482
201,-0.002205171019259211,0.0005822977928158224,-0.004040322370518545,-0.000949336790352362,0.000856787345597354,0.00114593220639847,-0.006068125768926791,-0.0014820068091960792,0.0008854291112756485,-0.004162282098345571,-0.010911732439019772,-0.002356716224449329,-0.014963637267728203,-0.004199873531973708
202,0.0009307101942237495,-0.00010192969394751117,-0.008554801925615863,-0.007167718849011351,-0.002497564549342357,-0.0031040764122334252,-0.01618309814346297,-0.004915639620973522,-0.00903403107718237,-0.009718748855825687,-0.003912618524601896,0.0017697892664987336,-0.002929242983178426,-0.011027891766238973
203,0.0008042685896487711,-0.002581394446590224,-0.005062444459323245,-0.00027600165776320296,0.0021768398703176928,0.000201584159120749,0.008732854060257367,0.0001592095716400621,0.0035759889607085427,0.01500085986304267,0.004884185629908444,0.0018535996365756091,0.0034728716698175788,0.01671638264364983
204,-0.0074179402449399134,-0.010105079860984745,-0.00481226800454948,-0.008371306312822568,-0.0028698864497354037,-0.003042618111839701,-0.008462029732609011,-0.0027540558215424227,0.0024442585864257182,-0.004986652083844412,0.0025920957258165345,-0.009421392495990943,0.0006498499444687056,-0.005459150649123501
205,0.013945923452702402,0.013569459713250964,0.006194542752972154,0.004092715444780737,0.004167869324527729,0.00614150560569815,0.015371258147133915,0.008430048780471822,0.006302843962650684,0.011252658907118018,0.003749752998315259,-0.013288494905655313,0.004801898339426458,0.012639485466582556
206,0.0002736423070448524,-0.0036279469143991605,-0.0008179552697962222,0.004536176818337623,0.002237327004209533,0.0021895721553502057,-0.0038296040295602296,0.0004900383787678209,0.00024986105086099997,0.0034654994950056306,0.002078808901680773,0.0004946647920895941,0.004930271869627134,0.0029330035534158583
207,-8.460977151436566e-05,0.0024519689452517923,-0.005305042659174752,0.0012319367795701197,-0.002214743974473521,-0.0013766711313802915,0.00297475039070072,-0.000873374048225628,-0.00016658703725180857,0.0021360657529960747,0.013821976736698716,-0.00039572625962058794,-0.000703328855481189,0.00674758559630817
208,0.002099593116399845,-0.0032907384517031346,0.0003116312085360562,-0.002170688662708642,-0.000916527778631604,-8.414514015520069e-05,0.0,0.0029659004824402757,-0.0037313356486992078,-0.00026814851387335636,-0.0029581673729666136,-0.00220782238025663,-0.004074982809143535,0.00033148299271346104
209,0.011997257481908719,0.008682932750199157,0.0025966605007843313,-0.004022554983105664,0.004251919388027048,0.004738594647427874,0.009778158647275603,0.009923244996880243,0.007224206577844505,0.0017194167679290828,0.0028954995090550995,0.0,0.009008866919265834,0.005253249960343709
210,0.0011794841043144544,0.0026591378967246726,0.007309664786156134,0.006321808361795078,-0.0029544605018720915,-0.0038049574647063267,-0.0016523799727679034,-0.004990023000218002,-0.0051751298270668045,-0.0037553109581116573,0.0075625404494417126,0.006370532935550344,-0.0009210321648565056,-0.0020870137150890145
211,-0.005002035214738854,-0.004979544544012171,-0.0012043942814683462,-0.015366973936551176,0.0016531048235872703,-0.0017419279211878802,-0.010223033460778908,-0.006290303815895015,-0.011493428994779897,-0.00339860035303019,0.0015300388528949327,-0.01534951817971475,-0.008967747518734193,-0.0020848014089658307
212,-0.0012721558907049513,-0.0026416540863412052,0.002523633302475403,-0.012069221211863379,-0.0016305309044817307,-0.0029911959060084925,-0.0083121144714422,-0.006554393308929818,0.0050668533907511915,0.001504413510159175,-0.0031916352442511453,0.006612179430694809,0.0001307547125017905,0.0013590140095463
213,-0.002599509869590122,-0.00724938271329556,0.0009894895285826877,-0.002211904435794665,-0.0004673840582611888,-0.003113140139625159,-0.007704529422964512,-0.004972130632893368,-0.002324672560704677,-0.0019539700693584905,0.00632441930378036,-0.0019191775346953932,-0.004492295427786175,-0.001923925746114108
214,-0.0012177990586543785,-0.0006294843097176539,0.003968381515633723,0.006395416907530205,-0.0010340312297056897,-0.00012228388419810443,-0.0008834941382325212,-0.00018497711172571485,-0.005576573542554364,-0.00884049226805761,-0.0012268282588134838,0.00461363049799246,-0.0008489653588021895,-0.007821387782726674
215,0.007052687362460119,0.008543214079463013,0.003627227012085399,-0.005128156411243978,-0.005822112143437863,-0.006810019108735688,0.009224189859144971,-0.006876372554788901,-0.00039841157548714534,-0.00675909197833402,0.0009969685657029714,-0.004346644385920584,-6.403335706295366e-05,-0.010562120489280957
216,-0.0063301706240590505,-0.009632111880556238,-0.01417196003213217,-0.011692704156086364,-0.004303673245187767,-0.00654688445345375,-0.014647263881519379,-0.009359567769969601,-0.01427405990464603,-0.013089755572242012,-0.017799584398664692,-0.011134603854724645,-0.002330635150501692,-0.014318982191577234
217,0.008409714848697902,0.004787160141384916,-0.0030828407741489983,-0.0006504127239388424,-0.0016144028277125244,-0.004433213022609017,-0.0055827378089556845,-0.009279830635136932,0.002452903733620282,-0.0021540040398422278,0.0,-0.010975208832919137,-0.0018041067570688796,-0.0022439758206758142
218,-0.0011573375972009359,-0.0038598470643442795,0.0,-0.008610195680169852,-0.0023669396068495274,-0.00166752027169359,-0.0018042853903406098,-0.0023830394000707855,-0.00089768541473223,-0.006874926856740515,-0.01347376725088445,-0.010449799777653368,-0.0047506131310210975,-0.006396748164110733
219,0.0025616124211165214,-0.0006907930291752962,-0.005118272286587455,0.013420961948517274,0.020545237233573488,0.021980199729465077,0.00698802164848189,0.02346239032263142,0.007819889391158519,0.015348117505441294,0.01595286537157037,0.024123537498560665,0.004347214626090334,0.018361261554639796
220,0.004634435825042971,0.006333321174192719,0.007774377054725612,0.0013322424101307462,0.003997597459795443,0.003764878397158,0.004728438170975124,0.0052743768469891705,0.0028993306345190817,0.005605354742894697,-0.00033946533910089727,0.0032091895978094698,0.006863356330605086,0.0046910686520895695
221,-0.006219592950868602,-0.006152818222361134,0.021938204900731506,-0.019435184637352165,0.01391855135527642,0.011016119879656117,-0.021811563246034282,0.011025868556972185,-0.022718153195418367,0.008672542509228442,-0.05505641854994714,-0.03395225511038191,-0.010823442097864344,0.010809848993920568
222,0.013623777403402926,0.011576000043216794,0.016002902584746792,0.032848568941403755,0.011668880101915136,0.0019488457160949935,0.018735560297590936,-0.008082366441808375,0.022328720741668917,-0.009759071766286986,0.06508316040704898,0.010376360626946024,0.015722386858667114,-0.003178813654583834
223,0.007777860911481582,0.0052056014974013465,-0.005942183180412286,0.007832254744675637,0.0021127999014094456,-0.0013989283477977565,-0.013578263661322865,0.0054203279189515285,-0.009114577783948086,-0.007039417303505324,0.001749414762528545,-0.005351675608320505,-0.00690073873312258,-0.005453734610918914
224,0.004472758082441075,0.0026981931063474462,-0.0048990103320321055,-0.004665754253544208,0.0011151290764868094,-0.00011550945718319383,-0.01380340542444003,-0.0035789705769069258,-0.0050671792221956835,0.00011520579333268444,0.016996249533823615,0.005951394556525713,-0.009757561098103551,0.003222513237689739
225,-0.0010549545508578007,0.004625434226261049,-0.0024411354299687105,-0.003654460965384132,0.0028774074375306213,0.007452955022089647,0.004565587529274495,0.010905407427502567,-0.0034856032345187415,0.005504255908341804,-0.00025289489069457716,0.004837135693156469,0.003681422420550362,0.003258033676873495
226,-0.0006017424669071403,0.0009103803399419519,0.005862618708070144,0.000281587016006668,-0.002906494571977447,-0.0015835165223760939,-0.0019451370125800338,0.003587440336284331,0.006141109877223272,-0.0042605552107364275,0.010923754747317105,0.007966185783661928,-0.001273373364020003,-0.007689160798822314
227,0.0010590134061505552,-0.0020681697409266064,0.006798185976921722,0.0020250526298823956,0.0018892160865657814,0.004665469361198049,-0.0007924152354554792,0.007412171175731785,0.00045453482799473477,0.005497363430591484,2.3508676534333972e-05,-0.0014561199642564304,0.006951466105217463,0.005085558044335414
228,-0.004873051773513382,-0.005157825702031715,-0.002190599202243071,0.0039072956607100195,-0.0019003957085175216,-0.002389651365549028,0.003646512918448863,-0.0023387881017846723,-0.0030189133101927723,-0.0040828527405105675,0.005848700843735344,0.006317808368146771,0.008906408302159718,-0.0069145168396556045
229,0.007890222427329618,0.0009922141723226474,0.009997486371342568,-0.001512524750397759,0.004693235811149776,0.007433702070874126,0.0006070584204653784,0.00885851639237245,-0.004329216667571245,0.006186606933645145,0.007684883769558226,-0.001297116196948167,-0.007773244246878086,0.004010673875328052
230,0.009341783412597948,0.007829844582946777,0.0035927321143347513,0.011519366784344953,0.003537586599431819,0.002163091103593473,0.01422406454407188,0.003252423682390315,0.008821342720746195,0.004739962864435121,0.003138770463756657,-0.004765358113125728,0.001961396944511584,0.003738541971598508
231,-0.002223623723946133,-0.0010747049898593986,0.009427044103667015,0.013048828363299236,0.003112841145725298,0.0008076981569082875,-6.089148669552458e-05,-0.001053200790767761,0.002256111142690642,-0.0024924655455738076,0.0,0.005130310954863049,0.006178165311766293,-0.00401226434395241
232,0.00018483196913621214,-0.0005770084808176534,0.008222114552339121,0.0001276622113035586,0.0,0.0,-0.0030119907121815004,0.0,-0.008430995291093701,0.0020604804466097804,0.009341862663067246,0.0046305869159297686,0.0014181732567726257,0.0027862910531553098
233,0.006212478991583836,0.006277181060573511,-0.0022946598145363595,0.004129891019976739,0.0036071889400641766,0.0039067456134240786,0.005071886718097218,0.0033841261894274055,0.0016219863027187031,0.0032244518931809907,0.002604442576776833,0.0023754304794163517,0.005474315067203861,0.0025553670449376398
234,0.004606876035389007,0.0029259141332254046,-0.0016695291814592395,-0.00791092576561958,-0.002836089546109477,-0.005268389254735162,0.004703044530421252,-0.005592625709565979,0.0018570329995011292,-0.007738025140124449,-0.001324514560078427,0.0004825301540538618,0.005343534760716473,-0.010413580379548648
235,0.001806140989071281,-0.0030917497931213234,-0.00373542615311262,-0.0012634987178756774,0.001240163884272505,0.0013344023532617655,-0.0041037951466442735,0.002067196265558735,0.0001314335652118359,0.005207018173546629,-0.0027193807999328357,-0.00017388212689084526,0.00156070739662173,0.007140934606225002
236,-0.010069072711887728,-0.0020420135513052884,0.008621666917560944,-0.003119841033031534,0.00010356697329960696,-0.002656930555156478,0.002315084572886761,-0.010508663091915338,0.002569477861214864,0.005293067199191981,7.873198409846793e-05,-0.0006956894219243281,0.009000280360239366,0.004331737646092293
237,0.0071359869288674105,0.006874906803432168,0.008025161463233843,0.010913522314789148,0.0035677292194815635,-0.003521722966763896,0.0038740933756482576,-0.013725369770224205,0.00013612497031800785,-0.007955881830155498,0.011115257400510004,0.005175838048378623,0.00802580909738193,-0.006783362272056337
238,-0.00904268146250864,-0.015956976012416746,0.003349853688398241,-0.01027040593450046,-0.001121399919355781,0.0003969277200850385,-0.013793753727519231,0.0008642130297715767,-0.006645860802004577,-0.006412863008691261,-0.004712566889546466,-0.004031073881561653,-0.0031498108720056095,-0.005243084999943193
239,-0.012137457717223299,-0.01182661343564817,0.013687126439250186,-0.0080410779714164,0.002387305072918622,0.005804426926743211,-0.002630089967198046,0.010079129786106478,-0.0036858482712789353,0.010063876187262899,-0.008233585343344174,-0.00728807584576785,0.008078595445761394,0.012399915603262812
240,-0.0015808030680517504,-0.00042298058651546455,-0.0027744968594145547,0.005226723761095897,0.0018477204204501163,0.003405084468874442,0.007507648247843335,0.004531132011658556,0.013406993356065655,0.011670654630673738,0.004670274198968372,0.008085713512180348,0.0020603853370584346,0.015604422152739161
241,0.0070368903094895074,0.007020816902128857,0.0037839956050920165,0.009058612759567097,0.015352317474851773,0.01307735874472371,0.00553125417579281,0.011328754774108774,0.0010196669669184644,0.009415179097890913,0.00738802212741696,-0.0029840094554227647,0.0036283820137255063,0.01328867239318754
242,-0.0021361907320951445,-0.004007793067009047,0.021298888700957974,0.011885783490079405,0.003329116087222417,0.0021570150168708224,0.0026682556346315778,0.004365900286607882,0.01947877723188629,0.008500978193284325,0.014426748780412169,0.0038012742631590157,-0.00033114719291926775,0.013764389929034948
243,0.005433144058400785,-0.0020996279071443524,0.0006839509496172624,0.003061906842928508,0.007215325854156518,0.005921418532969902,-0.004421451309646329,0.004997338124796968,-0.003146147859857784,0.006361481158824844,0.012229346671304597,-0.0032890828169236386,-0.0009231544965508931,0.00368146817634063
244,-0.02502946983277532,-0.046164200475358186,0.008278795905499514,0.0003955098403789492,0.0020013557429301443,-0.001138082290599307,-0.014513727243160801,-0.005887433985410695,0.0012586837422237096,0.00021903303586245926,0.008317444571954269,-0.002506986516511489,-0.001333692862769631,0.0004909033181270672
245,0.0006554015300324068,0.002852515654538479,0.008998957598739032,-0.0032049227095214405,0.005781334166197638,0.006518483201237046,0.0006096155815900062,0.00943153252656792,0.004302008641836608,0.009177457570423542,0.004972741390940172,-0.0037650330801621834,0.001029227436364799,0.011684690036021905
246,-0.004608362239046926,-0.009672687713836225,-0.008029394971043047,0.0071162062288561145,-0.005978378530974382,-0.00815029546185908,0.00044183469724679014,-0.004983296629735179,0.0004370476044730509,-0.006269077826309477,0.0001604941518955627,-0.007670040782748799,-0.00039596021943477666,-0.0077538763164213265
247,-0.007303721919107886,0.0022734528449053215,0.0036629771232812303,-0.008271048157226346,0.0030123006569198196,0.003875707687553742,-0.01784657734384787,0.0037049913764217735,-0.00010800030552626794,0.006930677942909469,0.0010475500637863178,-0.007269779754350836,-0.007915321377534923,0.011771496716402652
248,0.0017001194819954435,0.007639184090438178,-0.002604851494042215,-0.0010297061493300674,-0.00044488895804661865,-0.0017521567509799496,-0.0017536419539183612,-0.0036148236302260273,0.0027409267226481404,0.003852524214672748,0.006586269575368675,0.0017203701498242907,0.0024162679149242194,0.0029190462327939315
249,-0.0015692745307660516,-0.005005288599232216,-0.007069792312800693,0.0052636796271539055,0.001996170467169378,0.0019731727152114686,-0.008577275112164884,0.003722910138549196,-0.0018869521243916054,-0.0001836134586508109,-0.0004924003295947443,0.0038400791846591176,-0.00847049420205348,-0.0004265377892451738
250,-0.004889603014527566,-0.003685567409558388,0.004804172137043317,0.005200312887183145,0.0045942842390793714,0.0036309124011522087,-0.004757355215691206,0.004844005436424936,0.0017400198962889135,0.006503714263467408,0.005293914862871674,0.0005038217619173224,-0.000607795681330181,0.006596002786556809
251,0.011074555877161885,0.006638418935299484,-0.006321718991497249,0.003998345677729276,-0.0016363230691638364,-0.0024603857246772165,0.0037088855549320954,-0.002283769681598713,-0.0019510193026741618,-0.0025361474759275637,-0.002570125835061887,0.0019260497346724748,-0.0033064165246052823,-0.002644184957684814
252,0.000678087610518574,-0.0006450346951094588,-0.017183209900920815,0.005400887683387978,-0.0011580327792319878,-0.001864711222396842,-0.007991644176259527,-0.004397952603433453,-0.0010948210215158127,-0.0005165968679472499,-0.0008654169710240467,0.007193247088018495,-0.006798365024113018,-0.0003791868358078432
253,-0.00940979966860489,-0.01044140441468322,-0.0006715830238599452,-0.002838945159316708,0.0007492436606710839,0.00125093253507913,-0.0028436996526917113,0.002799243947793073,8.352622669960397e-05,0.001387782192893816,0.0,0.0036594654731167964,-0.003820556756306104,0.0013631772822595423
254,0.003983830243836195,0.0032848348730585286,0.0021512914357213475,0.0,0.0,0.0,0.0,0.0,0.0009082644321560807,0.0,-0.0015984471092806984,0.0,0.0,0.0
255,-0.0025347885300757156,-0.0002785029881184897,0.005298412142110465,0.0,0.0005631313857712428,0.0022458489045487084,0.0,0.004520502023614981,0.002166731517748488,0.0021800502651929676,0.0003309263597230938,0.0,0.005110466665604996,0.0013918532865062616
256,-0.003998132438338686,-0.004252255908715696,-0.0029502978815019176,0.010094773761730735,-0.005598956900069396,-0.008391640709771053,0.008307573541035396,-0.008947503004471002,-0.008695177347276761,0.00033248875996427785,-6.905560126213572e-05,-0.00017602987909448586,0.004336074861995165,5.7933251378372574e-05
257,-0.0019809074975540852,-0.0027238236550477524,0.010639630200076411,0.002477157569858335,-0.0007010935010676178,-0.00029334773186828755,0.0016612419320320981,-0.001190400880524578,0.0009725969869593953,-0.0018999276143194521,-0.013312828011251554,0.002396853066327864,-0.0031620676414245708,-0.0021250239913275237
258,0.0024323762657552095,0.0017396875774409182,0.011890022949889278,-0.005860216729599799,-0.0028891506197528116,-0.0046478346968550355,0.009575014905927048,-0.009055776336158061,0.0,0.003378715780034902,-0.0016085669261620694,-0.0016059204544038863,-0.002908155801029544,0.005717543532952618
259,0.0,0.0,0.0,0.0,0.0,0.0,0.0,0.0,-0.00014801622590976393,0.005424824655836602,0.0,0.0,0.0,0.0
260,0.010348240808262688,0.008386640566961034,0.02333360051364064,0.011825805091090658,0.006011473862985284,0.008450766753157701,0.006787640216824542,0.008501551381813854,0.008751587872759536,0.0025314906205409216,0.0,0.0,0.0063013397698723494,0.007418049759065681
261,0.007267413413710955,0.011819352331931654,-0.009465213920478277,0.000557945715110364,0.003033374768596886,0.005705963770549438,-0.0007194189705703735,0.008787800917978927,0.0008167253327959756,-8.494125733626845e-05,0.024791207392476977,0.013437413456163227,0.007676674486104318,0.0007538590355036234
262,0.0020925779438343284,-0.0012912240445146494,-0.0194240615202812,0.002941750430762724,-0.002152085887287214,-0.0007709676024818535,0.014452387306249648,0.0019954409408065032,-0.0018054963975497884,-0.00010628399423939783,-0.003756669922738709,0.0001849530286186507,0.011175374117804004,-0.00031656630125809215
263,-0.0035095966884597374,-0.007948349626401452,-0.0028956991707049795,0.0003997415945757865,0.00323666706829151,0.0035107891805798985,0.0020605266357947016,0.006016934709686339,0.003505280152849899,0.0005736309015000884,-0.00340522929410092,-0.0007084252728564167,0.002869807811858749,0.001416151533803145
264,0.0053481706151981,0.004115119304305637,-0.001211219434987143,0.008959638710834383,-0.003835269741195191,-0.0035549054715602324,0.002471265700245695,0.0019469620837213597,-0.0001659815413983523,-0.0037022941949835797,0.0,0.006018594043409209,0.006362610858436035,-0.0036801531004577726
265,-0.0030207905617718467,-0.002466356687895299,0.011796731026740837,-0.008073920579157345,-0.001602880573880583,0.0,0.0082183956443167,0.003608926731946127,-0.0017880432511709898,-0.0006503562449040601,-0.007889995218482326,0.0035358438920809476,0.008176992507756609,-0.0008344474237436117
266,-0.007912175805515176,-0.00885487101477267,-0.008473775440811515,0.0018729830668551273,0.004961099087314125,0.002825642389102434,0.00834064244999233,0.0021285798770023234,0.014586575297857785,0.000597075998373775,0.003270591540525558,0.004538092436272123,-0.0016913977683010728,0.0005231149985238659
267,-0.005583366101523879,-0.008281480714952494,-0.002983838417698337,-0.0007973545619659461,-0.003176253307369592,-0.0021471123937297776,-0.0046468583072964975,-0.002908734686714709,0.005751615922410913,-0.005172241343642803,-0.01194686788468502,-0.000849065885120126,-0.0026493245271108634,-0.006441614409688157
268,-0.0020940607826389623,-0.012208089222964347,-0.007628507206502988,-0.00797354584611476,-0.00026495547616534054,0.0018481313951461686,0.004735418546923498,0.004788862918781334,-0.004971205087543673,0.01057239168420665,0.007942374968614274,-0.0023556310341223963,0.01065802543799066,0.011387177576189345
269,-0.0030037504240123525,-0.029970085294312554,-0.002791749124381404,0.004760426564782705,0.0,0.0,-0.009603749983877918,0.0,-0.0060952805044598435,-0.007715800170082332,-0.010006673209822736,0.003961186953574725,-0.003958128646532444,-0.00900765829398864
270,0.001721426441168461,0.011667680996241714,-0.004734698059199793,-0.00856064922195543,-0.002969391542862354,-0.0029719144562179167,0.005391702345793448,-0.006369249301117819,0.003723466956895294,-0.003424637281284504,-0.014862847140248547,-0.0016947330818339879,-0.00011619782262961564,-0.002884685995169889
271,0.0013620078262572832,-0.002244300924484577,-0.003973447422396248,-0.0036209805935634165,-0.0011126924710342934,0.0017622004698090166,0.01120139584698343,0.003050181293906107,-0.0006421759895998136,0.0007394296486085139,0.004287694140938214,-0.00052118869679596,-0.0041743182916142985,0.0027237914418591913
272,-0.0037696550523591554,-0.003697878559735912,-0.003619335643124444,0.00235694254304164,-0.003658354030738664,-0.0036158376243191626,-0.002093205112753793,-0.0028064551796767034,0.0010860830195742466,-1.0722891581771421e-05,0.009370450410049358,0.0004362210409727396,0.0026629224242729066,-0.0011147443130852253
273,0.00701747962349053,0.013984568848105283,-0.0010596612832243224,-0.0065921434855553684,0.00479527954325043,0.0033605840613004645,-0.007142630575794229,0.002748886140869544,-0.003469910395568654,0.0018836331380605031,0.0034367938061770076,-0.0019686514324792626,0.0009503123665286495,0.002764851901519094
274,0.00435661202101123,0.007046644465681595,-0.006442062148093619,-0.007775750702663231,-0.001382911959840527,-0.002693749646070387,0.0005508149999844392,-0.00043033465182951147,0.0001838913760243699,-0.00542500424767578,-0.01298402381346797,0.0027457431623911788,0.0047709057866160975,-0.008033510761103813
275,0.001840349130452168,-0.0034784113824954943,0.013192558668014165,0.006944304631916864,0.00568392621486602,0.006543140528962432,0.0022395498568545946,0.008610497967117325,-0.00011132351617959557,0.0013536558605444782,-0.0054693206265135075,-0.0005222104178823628,0.005428990970338887,0.0025905573954805305
276,0.002225631255944549,0.003655773080723179,0.0006481475525159652,0.003780371616208811,0.007793639813725051,0.007994052795968543,0.004315744518372355,0.009839007671766709,0.0005710221824122286,0.008658499401613895,0.014242876495591972,0.003779568911124187,-0.0006609819889238366,0.013505663633672782
277,0.003046922347738956,0.007397902763065289,0.024154425815670066,0.0,0.0016131872312072915,-0.0007356549352630637,0.014004009625397273,-0.0002050419343824217,0.008023185319945725,-0.002237588132250501,0.017935561689816026,0.0031553539463384794,0.003887277437939929,-0.0021127845236250664
278,0.0,0.0,0.01639549441402277,0.007465670791621193,-0.00035481599917019935,-0.0008668394897410892,-0.0005730454655576978,0.000989683571059885,0.0,-0.003558531704240586,0.003345005184893779,0.00293944053465367,0.004273623868236598,-0.004771590846386786
279,0.0,0.0,-0.014181930761568928,-0.00923042903662541,-0.006122505711120496,-0.006027673496096675,0.0,-0.008349840880347514,0.0,-0.011304178051120495,-0.005075206426308654,-0.006849580098169383,0.0,-0.01236987989569549
280,0.0,0.0,-0.007525538347300298,-0.007197098712794059,-0.005374202595886501,-0.0008903016080328285,0.0,0.00019238155200262952,-0.007718371953179037,-0.007520448071120178,-0.017053688496469377,-0.004924924369785089,-0.0059067848702554215,-0.009868574112863016
281,0.0,0.0,0.00642385431922321,0.0057300150017116636,0.0013507530459513362,0.0002983189881167192,-0.0018161712642896788,0.00494960138422762,0.0062245892121879365,0.007769416090719794,0.0055900567513891275,0.0006748444853172941,0.006767758887797015,0.008703207940925495
282,0.0,0.0,-0.0063471156783894145,-0.0013807541006123358,-0.00030316370261829206,0.0005701468386902775,-0.005757552080600803,-0.0011436817899745932,-0.004562211230608071,0.002670060836082122,-0.012269396214259487,-0.0002792146321066724,-0.007660887902728675,-0.0016306460333570527
283,-0.00603115995723158,-0.004707569196416017,0.004072778944044231,-0.004224698692800288,0.009337791779184812,0.007238496854554022,-0.002388432954246511,0.005409179742155601,0.001037555205093632,0.00667086474293388,0.0001913230115953013,0.005773280794738156,-0.0007032960128618981,0.005975453943298348
284,0.0053401918748381405,0.007358236655431227,-0.007257035144275115,-0.0010678817616316394,-0.0009491114342168316,-0.00211759751370888,0.009425255164108748,-0.0005684243658450328,0.002168247215516672,-0.009146049601104878,0.0030881068200461215,0.0,0.004909122581048919,-0.010689029207512135
285,-0.0012348501653534072,-0.0023005941284832687,0.003729734533084006,0.0011212111853122764,0.0018867262731792067,0.00022680346384529315,-0.0007142240891013785,0.0018822772535109777,-0.0011798835653369366,-0.0010936464520119316,-0.0034803945455568197,-0.003859795607990435,0.004807012850490011,-0.0008032405794864417
286,0.0043968075475078194,0.007386517757018041,-0.013229502250274194,0.0052336171035367585,-0.0017909857103557414,0.0006930821486097472,0.006560099013215748,0.001449365282644166,-0.0048933301435338805,0.001656195549156081,0.005106785981338291,-0.00011034706165879982,-0.0016649472160867873,0.0007198542500468363
287,0.005101305901801467,0.0051799802038328124,-0.007163914797344795,0.002333015429453411,0.005869771458515416,0.005736063735960251,0.0017021716327931813,0.005743311437779397,0.000387224618518367,0.010362011856862807,-0.005271222919988716,0.007803853229004787,0.004369958475180624,0.012201206186214009
288,0.004238338074541659,0.0003583322963862656,-0.005438010193072884,0.009837411842342547,0.004795484319986443,0.0035597068220090122,0.0021163369093279982,0.003310194979006198,0.004443515772820206,-0.0002569323558683223,0.02461872153754996,-0.002416682890627797,0.006611278176515967,-0.002125627516498696
289,0.006280528049012801,0.008256416057665916,-0.000323775667513182,0.006985316939498887,0.007019972183332612,0.0052321335840117555,0.005752251717222379,0.005188713161224712,0.0017188527489473415,0.010618595215321491,0.004131039281414672,0.004362393097000705,0.0036187916030634426,0.010462257284073573
290,0.0003384325128443777,-0.0005756032460801919,-0.009291276106712765,-0.0009552011100506519,0.004509183228371683,0.003999327195672642,-0.0003362173552847736,0.003223458431513393,-0.0019646613112067612,0.0016725071332492902,-0.0113789628919303,0.002154518044770626,-0.012664878145651315,0.0011066967497317393
291,-0.0015369185331977064,-0.008577508138619905,-0.0020660702226207306,0.0093218424441055,0.00522661538017033,0.0049798886657344,0.012237987277053719,0.0063558369715917,0.004468058437906208,0.004169038374526757,0.010290454639648061,0.0040666877989004035,0.005197265334226486,0.0044688638997261165
292,0.005163090226973921,0.0075092155121989634,0.005320158428080646,0.0012386168238851525,0.0003836936137080471,-0.0008644916015505544,0.004691237449508279,-0.0007804549899557145,-0.0009698344071207288,-0.004063239973313593,-0.004664181876112394,-0.011211567010974477,0.002654726018166187,-0.0038192659184215216
293,-0.008564512301765248,-0.005480259594850878,-0.009479373812417258,-0.0018069029193856778,0.00020760686003029605,0.0016771493272376148,-0.0030725729600327156,0.004064057846044022,-0.0006054217276760809,-0.0012592686378019025,-0.005852990730556229,-0.0009102703890597752,0.003533001935352331,-0.000673725392630331
294,0.01176194651439566,0.012771655851338437,-0.004294439741912903,-0.001844634494787556,0.0,0.0,0.004663365143700915,0.0,0.0018294564150593828,-0.0015365591588079042,0.0008554314375448513,0.00084128949237261,-0.003533001935352331,0.0010813249439944883
295,0.004116562038745997,0.0074031479386356125,0.0040641773812017945,-0.0007077615060886444,0.005750931929615177,0.006029850020069283,-0.007584751180674587,0.004676850148923606,0.008855382916239662,0.005288499221391518,0.006748711777056826,0.0022792133260089997,-0.0008076396839271638,0.008100260675529825
296,0.0024229151789860737,0.0037054333077968238,-0.010118093214502188,0.0024318701091736727,0.0015703620247808914,-0.0010827861468039046,0.009896360217341638,-0.000907393772029863,0.0017484935098348586,0.0014230869034292937,-8.102474131099768e-05,-0.007505934975679196,0.009011725393653691,-1.798538402475458e-05
297,-0.0030227668292148735,-0.0011247168110166683,0.0,-0.0035203235423431067,0.0016698301376028013,0.00041889897125901854,-0.003605438283841522,-0.004295460992565836,0.0004839664627036555,-0.0013703557737496652,-0.00043395688560998735,0.003821378175212331,0.004910770851937585,-0.0015914511353667393
298,0.0006327951583067204,0.0010625358536575646,-0.006291391883118891,-0.007931555684256963,0.0005495499331971132,0.0014922502320313669,-0.006204613221363786,0.0016780149708353065,-0.0064305644932707295,-0.008155541954050882,-0.00454906359441587,-0.004373730821079391,-0.006568001976424043,-0.008999653341868807
299,-0.007643615698286865,-0.008672409428864825,-0.017655446026575206,-0.002582143320964292,0.0007527599442358479,0.0010174652677337193,-0.001697548994798126,0.0028341261342141877,-0.0041152393564800605,0.0005103892550728517,-0.009172438802073302,0.0029141974209796473,-0.002701699268977009,0.0015755798183931802
300,0.004040872384312166,0.003643355535064785,-0.010111903681497836,-0.0020985631831855756,-0.0012100559722849624,-0.002581706115194926,-0.007733901612361649,-0.006239243438020736,0.002930161906335549,0.0023357032324975435,0.0006026993509831158,0.012393225943650776,-0.0038709360740991627,0.003110637092412105
301,0.0016031560859044447,0.002621784810001415,0.011768795604853999,-0.0012963811266395453,0.014468486447221096,0.013581211083725009,0.0015051289552197034,0.013400609175272749,0.0,0.017513176607771186,0.01425787836536685,-0.0026096498401777524,0.008412435275300112,0.02104156379098221
302,-0.005220362213091079,-0.004937017631528207,-0.00529106164801707,0.012507399721963353,-0.005345883106580018,-0.005877116972104801,-0.002038538535483525,-0.007277322495173877,0.005250011607529359,-0.0015956507589720559,0.008792100621388244,0.003776762561850333,0.004380711063697973,-0.0016206832289356043
303,-0.0036338273681888467,0.0028645803196098996,0.0038432118229518863,-0.008169553911203664,0.00013046038446695718,0.0005037503685345612,-0.0074174060778204876,0.001624584290226494,-0.011431655989285971,0.005308900735029987,-0.004899888429745758,-0.0020869469492073023,-0.004518396911956657,0.005503743078863366
304,0.004821313131561311,0.01197288679069608,-0.004614595673281485,0.0029452365204800657,-0.002448572795305637,-0.0032826227635656124,0.0018477001057259912,-0.003680883460768669,0.0012548262891911577,-0.004244850712408876,-0.004634922691815646,0.0024924145078344395,-0.0002658866298528295,-0.0046915956629298705
305,0.0026373333450475656,0.002833556205807497,-0.011089817195442109,0.002589509953372371,-0.001412641786474822,-0.002917625902089327,0.0035869653116300526,-0.002610607655354258,0.006078435412579353,-0.0027144452940284225,-0.0018071937059218612,-0.001548873156471231,0.0028566888037229177,-0.0006909756152317925
306,-0.0005370809070761595,-0.005114270587755598,0.0,-0.0002950598517799108,-0.0033043824664726884,-0.0022868279640642086,0.004264317363128711,0.0006202519352029867,0.0006491831127108938,-0.00042876028623695106,-0.004669715424222787,0.001476431704352521,0.004732557142849814,0.0013284644152022906
307,-0.007408248975959708,-0.0073856162803664915,-0.02530715898942848,-0.003217142193724598,0.00011789754510971306,0.0007995756127661124,-0.011873500169773621,0.00021586417786068068,-0.0020780538789955116,0.0049661132481437775,0.0033469782083965782,-0.005201452291824893,-0.008444942180320325,0.0059621459210834615
308,-0.0012399348972973456,0.0028699168928287833,-0.00014185162899948978,0.005973882288799359,0.00214510431025694,0.00326333970585857,0.002851459183558447,0.003917759541808508,0.003003547196448686,0.003739539419687077,0.014697379619281747,0.00511363125050579,0.0046415849120649,0.0018693171250419027
309,0.0075239824228656715,0.010363232093743235,0.01317552784120224,-0.003173583137492386,-0.0010290907871031152,0.0003665656191698119,0.011013155266772046,0.002394002080217561,0.009604001440529863,0.0009845146115470271,0.0014853133934025209,0.0023935080570147704,0.004394499449261957,-0.0002283538353662351
310,0.0007114978444988651,-0.0026690985249828714,0.0005547998950214961,0.00031264857050494754,-0.0021146961134661524,-0.003384748980891139,-7.22110401980558e-05,-0.003232016445338104,0.007616377414200848,-0.0037566669359376803,-0.0012358814872186485,-0.0024631717501222283,-0.0011922647656081864,-0.004713214097366247
311,0.0007505311026356765,0.0010703284800204216,-0.004336702434862616,0.002583851784388358,0.005395432917756793,0.008339879124686256,-0.0014741296490132783,0.00735402818308728,-0.0003656290224522962,0.001350693018046023,-0.0016392806527729675,-0.006400468048047614,-0.0019010139293076378,0.002905127571027677
312,0.008347866504154311,0.00769205283479657,0.010871206107091247,0.0020415247642961987,-0.0007424595260676625,-0.0016280347991832755,0.020608801567931323,0.00012032410727869092,0.007975647596291324,0.006323977636739642,0.0006515483029208013,0.00289715382142397,0.008281366206594143,0.008946954084304792
313,-0.009679198840808922,-0.010313233072048789,0.0111519921533203,0.002382360490306823,-0.0009525465938420297,-0.0013151792642318583,0.0008909954712219559,4.071161924912303e-05,0.006721296260799647,0.004036377702485439,-0.003505385756286117,0.0008595173576875226,0.0018506103188098422,0.002453397702526061
314,0.004118550398940712,0.0016077843743431686,0.002823757593477083,-0.0035756302400233864,-0.00041892231098294985,-0.002011916080379983,0.007869452311908276,8.977484763939003e-05,-0.0035033753540281154,-0.0028402193888092953,0.0,-0.01422310030719487,-0.0011617634350180595,-0.0031745906456475126
315,0.0033176575740139214,0.005141241636120952,0.002615680910295737,-0.0007443294042523974,-0.01144238962547206,-0.012485594590102345,0.0037123457740655397,-0.018418031219059827,0.00985841949696642,-0.0028792808032331862,-0.0033716424097214315,0.004029003630822814,-0.0022547695816808044,-0.002289137074372505
316,-0.005038135404014099,-0.0031305589733072736,0.006550520122359238,-0.015725834264047833,-0.00032465987673901964,0.0018881028474631023,-0.011150772148424082,0.00478846077140993,-0.004637954582126014,-0.003499335590113617,-0.021534831311717184,-0.0034934737128420323,-0.012866728686574902,-0.002604307818701912
317,0.0010256225295623977,0.0027923278982910915,-0.0051014391535648684,0.004125527027566633,-0.00022850654715789176,-0.001060832144830215,0.0002996647823803045,-0.000678766808338338,0.002036352462078561,0.007120288461430313,0.002304406982073459,0.00024352903982816088,0.0027989842046363123,0.009160701525747328
318,0.0064115086721994174,0.005999181708707724,-0.005509934649801984,0.007939665666786055,-0.002902042545782635,-0.0008443522139387483,0.0012558162979008358,0.0018976280487610353,-0.0017366684002357857,-0.00215448262678386,0.009242763730663128,0.0015959214346548123,0.0050942388111714365,-0.0023287844750008446
319,-0.0007618843091048433,-0.0061050292795385985,-0.013131422141782423,-0.0011825542798273858,-0.002223222776116529,-0.0010201075858455866,-0.00677916661264355,0.0019932773472408627,-0.006146256573513753,-0.0006090820065143276,-0.01448145943590795,-0.001573244860535894,-0.005110244679469744,-0.0020374122873612066
320,-0.0042967208144499835,-0.0017621104360170392,0.00958061782622277,0.012880648607415779,0.007297510235279248,0.007225308829624133,0.0062699535875854195,0.005935741741570411,0.0035425828551609584,0.006002084392435769,0.0113794401399403,0.0003567426770523241,0.00984627293440532,0.008093155203741986
321,-0.003582869220570828,-0.004028465624747568,-0.004353820436803879,0.008944248672838384,-0.002039596981077807,0.0010847362038299835,0.0018951015767800783,0.0038070645106476064,0.0016950008985743281,0.003146194955937709,0.0007606036372891367,0.00962621804799646,0.008435355769682573,0.0029393252740810283
322,-0.009634007245315601,-0.016536961419399532,-0.000904667153593941,0.0038574004576439336,0.003342529375732539,0.002930810911704995,-0.0037360926873120093,0.0028429067440498557,-0.0010804679020157693,0.004043732558691282,-0.008059444884370492,0.004969713786014296,-0.003564148665832434,0.0018140567169329103
323,0.003816989160320361,0.007744194652541836,-0.012932685405222522,-0.00532269372871319,-0.0031537515057991072,-0.0022575939382667443,-0.007828567599965197,-0.0004396400835595671,-0.0020393277796433296,0.005072298858137536,-0.008109124254060518,0.0038521743893156213,0.000589166385857709,0.005542391782070055
324,0.0,0.0,0.006347844598018071,0.0013291122635212815,-0.0006298080570115161,-0.0016434753080130093,0.006197295468830077,-0.002889964930053779,0.0033643593100025626,-0.005663555746047599,0.0039042457557982857,0.003916330950691105,0.003897739551952384,-0.008027147348187214
325,0.0,0.0,0.008467421071031822,-0.0027452801728546916,0.0018882354441078775,0.0005593660746612272,0.0,0.0006664277114243333,-0.0029616512624670577,0.002240795565851883,-0.009154048504354861,0.002698082221405329,-0.0026544767568239536,0.0025076856918904156
326,0.014721457614703226,0.01884666794278189,0.015007656413879467,0.0033410806285854022,-0.001988023755821189,-0.0030595368115227117,0.005726023917620893,-0.005802893464000647,-0.00011568851512944178,-0.0008142991067003891,0.0027086543403740393,0.0028270653417337144,-0.0007898564744195369,-0.002611310267317535
327,0.0032665103587028455,0.0027289360651892025,-0.0007930542784810868,-0.0033923562258006967,0.0007164577509666259,0.0019276502937355389,-0.005221638055857625,0.00246439446577007,-0.003755613405791003,0.004439773454550711,-0.014107055251711742,0.003362550483569038,-0.0003022480374017533,0.004880683008417819
328,0.0017087117171001864,0.0012483274447632198,-0.016913599820668423,0.001058162268213536,-0.00033154729510975756,-0.0008274724629453445,-0.0002645153198717054,-0.0001939542352999979,-0.00047393392696459813,0.0037841792768888993,0.003626801898491294,-0.006297326660773095,0.0005288741295661481,0.001783722842468194
329,-0.005254092825051515,-0.006224030003231462,-0.024553653160757527,0.008560254518432231,9.29426509053144e-05,0.0006874501357838625,-0.000211050838357707,0.0005306890361609362,-0.008592676945530897,-0.0025178369246896537,0.007113808221953732,-0.0006766597005594122,0.001314708702993883,-0.004403556146122867
330,0.005968888183133458,0.00494005242956419,0.003403226647207269,0.0027697409659932504,-0.00032528978973367373,-0.001434908291958692,-0.007185819888452016,-0.002410712373020374,-0.004448958323924224,-0.0022399435275017865,-0.002664043111579417,0.0021416916763215,-0.0021081632751496215,-0.00299257321345614
331,-0.004612672049024269,-0.006447408841452784,-0.015319325949245233,0.000792392611806747,-0.0028824875291650898,-0.003767037418986874,0.009298825076426098,-0.005231157090523908,0.0023795449679706593,0.0004869190750529384,-0.010469653848252491,-0.0003915427358727186,0.00354046419303522,-0.0004410227816773471
332,0.0006503667674451208,0.006287838319535055,-0.0016339057665133438,-0.007459518858244252,-0.0067540276549848954,-0.006838020289804625,-0.0021344186314156133,-0.00532763530890179,0.009211101063199223,-0.0053897946214309655,-0.006802157352053584,-0.003002519234012624,-0.005277544850356364,-0.005855350922164604
333,-0.009654956242272306,-0.012678865694514485,0.0,0.0,0.0,0.0,0.0,0.0,-0.006410787308759325,0.0,-0.004962080609814734,0.0,0.0,0.0
334,-0.006901875590058282,-0.00658070088862317,-0.001018660540798244,0.0,0.008939906819263044,0.008576465691107593,0.0,0.008856240814480998,0.005083422411491512,0.0,0.0010699608425017715,0.0,-0.00981054083521471,0.0
335,-0.007931051975532455,-0.0037791049095918794,-0.011612801236902115,-0.009073400911940865,-0.005521883562764174,-0.002907602845833246,-0.013992661788574168,-0.0012505830237792281,0.0012574817061405952,-0.012993299241251144,0.003444303025434081,0.0005268548384300686,-0.0002422017638110674,-0.011221977145931206
336,-0.008174772824387944,-0.006072317228113633,-0.0019756308042193638,-0.005618267076505035,-0.0058048311657667995,-0.0017178253968683777,-0.0041322502994880494,0.0023154025819138724,-0.004693448063094685,0.002218504946661426,0.0007386205812665025,-0.0020896731467523466,-0.003595257134312746,0.0032821983375299624
337,0.0004455725650291953,0.0010314918090106318,0.008143140543255711,0.0029934308467236548,0.008502105624529577,0.0075288503629735715,0.009652781700063784,0.00912584752895107,0.005014529517263888,0.008089401607111135,-9.272163271667466e-05,-0.004228630184396565,0.0037035666194356054,0.005550220779291237
338,0.00033120242634687713,-0.004328337074763766,0.006474246391884542,0.005601521273677079,-0.0015051706207351856,-0.0030396881071155235,-0.0006220893566393215,-0.0010585283729778183,0.007366485384818766,-0.0015655135380532315,0.010270179176062655,0.0012749724386189598,0.000621307893283074,6.976156062066252e-05
339,-0.013841907397626585,-0.02180395353830278,0.017761629497837994,0.003018910381516804,0.010463529259164162,0.01078173658811199,0.004045580582850761,0.012325313314224928,0.004010326761455296,0.03421484634579386,0.013608411785190455,0.0035671939225583316,0.001336742615359654,0.0390806937964463
340,0.001607857934807555,0.007239951584171678,0.009472259211849021,0.0,0.01112216739712757,0.006072214211751081,0.0130244149932075,0.006939712138112952,0.01057537876593706,0.002806458562241154,0.010720592101819193,0.0,0.0063094783365968965,0.0016144119627288234
341,0.0020014716399820998,0.003890083039426173,0.014165539695649265,0.0068229861220423516,-0.0010020821007348246,-0.00048582147568687617,0.0049961074777744585,-4.319308749245465e-05,0.004990141225387212,0.0012623564761904404,0.010951707097015984,0.015413054582104735,0.003102103794544675,-0.001242678748262449
342,0.0036040168482820434,0.002383364363902629,-0.00755217645291939,0.001605611533511464,0.00029746267353658595,0.0005527670002987151,0.004872505941742489,0.003927390713712953,0.0007334222722397143,-0.0028226993303288594,-0.0019491070570101243,0.0026521901986207297,-0.0007564561155231075,-0.004318103006159646
343,0.0007835763851922195,0.000533626320297742,0.002502206651642247,0.00043899805439551187,-0.0019474491364519508,-0.001914979471489886,-0.003380392816515254,-0.00021991033010948513,-0.0018211151922766788,-0.0008404928654144328,-0.002867669074415602,0.0032769386677333756,0.0012856351279175726,-0.001038891975916556
344,0.0,0.0,0.0,0.005437462104925572,-0.0012925336084652628,0.0017307918268940625,0.0,0.007247658962711512,0.0,0.0,0.005909515695877943,0.0004701879154520583,0.0,0.0
345,-0.0034758377684536157,-0.001044135359306253,0.0050154003219802235,-0.001007827561776864,0.0017404099450164523,0.0011883435858113245,0.0032852565531218403,0.0006186967860006831,0.006431492080069212,0.006468108660357075,0.006975924899428776,0.005440176488018977,0.011170518246576222,0.005217270070726698
346,-0.0026647219796398502,-0.003903406627303596,-0.016510689089162867,-0.00981204712290129,0.0003822566414690698,-0.001272169395827305,0.0,-0.0037509022744952603,0.0,0.0009626717256079331,0.0,-0.002245754921178289,0.008280488219579496,0.0022444238592811416
347,-0.0025474751108038873,-0.003610114998538805,0.0026098558340237332,-0.00270206775829962,-0.0003068377015758017,0.000581933287869596,-0.0004961521808084512,0.00045934548177584134,0.009670778784577116,0.014407702005367007,0.0,-0.003709344092898803,-0.0028423557800980603,0.011541335015531118
348,-0.007810383591715819,-0.012195288444729613,0.0017694537549104439,-0.006795860644180252,0.00264398875491878,0.004080359407478085,-0.008443104552574354,0.004175386145167437,0.0,0.009622071242872288,0.0,-0.0017525766893005112,0.00034369870799544344,0.008484079007164524
349,-0.007902476361756783,-0.019264817013660007,0.0,0.005859475178018769,0.00025416197338223867,3.744527190807645e-05,0.004140749140711719,0.00031145214251893094,0.022727056507127585,-0.004948792390800705,0.022877662957180078,0.008242356822897534,0.0022422539688236043,-0.004569288807353189
350,0.0006215356426810814,0.005291439785212404,0.0,-0.005294270745981322,-0.001738589990415207,-0.001025774556793202,0.012579037493546608,0.002933704270057902,0.0,0.0020978603570513954,-0.0026522886093083287,-0.0019327790312182458,0.004004966184467662,0.001911888909457815
351,-0.009046458632722576,-0.013087325252607585,0.012802139204815433,0.006060469514098443,-0.0015587211171244064,0.001129962717449473,0.005065315706982432,0.0013959971968287022,-0.009923591127332543,0.0006342823165361722,0.002872946378447594,0.001628447019218271,0.0,-0.0009157424289405469
352,0.00285073198843655,0.0020110162676143517,-0.01273721710567255,0.000493445038561191,-0.0011317737390239557,-0.0021651513741067774,0.004392856178565552,-0.002152727338467386,0.011496921177560182,-0.0037923193532920507,0.003083715835101586,0.00878511218925837,0.006483653174759851,-0.006105138248781117
353,0.0071645198572944935,0.0011797086119553768,-0.003982914468668497,-0.007067753980617653,-0.001090995463755462,-0.0014795353407937029,0.001224658260275291,0.00086131209571505,-0.004517343546979191,0.004157315575183951,-0.0038975836207750802,-0.004996644536603867,-0.004848032296443705,0.0038479143731535714
354,0.0021756876669023484,0.005868433531533768,0.0042724827564368795,0.00025695271784798024,0.004075126698515064,0.004765142303014613,0.008520091895634962,0.004635355606438907,0.0020232546680993835,0.0012763801324435775,-0.0007068908887877257,-0.0030156532956340243,0.0027363839070098095,0.0011978635220089018
355,0.007330163287949887,0.020215671212769237,-0.005095056578303669,0.002070357703372494,-0.0001043548606141087,-0.0006871330369859763,-0.0014061184598528342,0.0032793778585435973,0.0020410806091559763,-9.589156182077119e-05,0.0025117438518389434,-0.0030099437275978858,-0.011244865940460258,2.748512359929123e-06
356,-0.0027414076308041047,-0.0016486708938785455,0.0007072644667527328,-0.011085921122932163,-0.017930274961253545,-0.018345468171115265,-0.0016713001250856507,-0.02604669794648551,-0.000980731932728851,-0.01451192980072058,-0.005282017682864293,0.002008095942601429,-0.0011190235376297153,-0.015791673252328664
357,-0.004617908578719465,-0.005574810167324529,-0.013473133627094569,-0.008278241372684292,0.002718194683888342,0.00368003862721622,-0.006230869240393844,0.007274738230481859,-0.0027336900211158977,-0.008915358693138309,-0.013260536541652712,-0.006859475787619473,-0.0007571444359548707,-0.0063271371253659225
358,0.00015926413682620932,-0.00033989808966339297,-0.0026768104446261987,-0.001901306663496527,0.006840037926830078,0.00674470320820042,0.0015244904907074641,0.004707268340041537,0.0007255970819342039,0.007473978180512653,0.0018853371096856364,0.002756744817659751,-0.00147237161389846,0.0069350513234081035
359,-0.004850587923867167,-0.00717750227533287,-0.006077344554387132,0.007618406491989305,0.004316119252024464,0.005146863296008775,0.008561924251967667,0.008172037469972082,0.006771943107842127,-0.001453230955711149,0.004457439155535425,0.002349763962278928,-0.0010418658060977748,-0.0029259243022927706
360,-0.004473727597590127,-0.013819750359136407,0.00493523815223984,-0.001907834775289885,0.002059635257589676,0.001836185172380489,0.00046503260622721143,0.0008294829114650071,0.003340707216930916,0.0033811016367204516,-0.003308601726262239,-0.00335264192584539,0.002833906379335005,0.005159279399508776
361,0.0006950370096063807,0.004973310203901349,-0.004181887970009512,0.001526525040290494,0.003552288806211834,0.0024860338045762376,0.000997394783826877,0.00395230431449356,0.0024195305735528194,-0.0002334762425970638,0.006591156893540173,0.005008572923058452,0.0026495651240736606,-0.002342056708981133
362,0.014179040655813324,0.008253295541457817,-0.002420970763686192,0.003564466162558233,0.003350932148173058,0.004432112041977909,0.007923353322231819,0.006830361383777017,0.01098223958723743,0.00035019392539314964,0.0035468837462975245,0.0017084301589118667,0.0009682387727227848,0.0
363,0.0007166506291103047,-0.0034981250745396153,-0.006703606819793428,-0.006567724193278224,-0.00012664693727515441,0.00031050178530289685,0.00033119665951808486,0.0007942001549245958,0.005265874945931337,-7.777069534142811e-05,-0.006394508335601401,0.0009545026627222342,-0.004633005401116108,-0.002121262123445433
364,0.0,0.0,0.0033651571611317266,-0.007784466390630129,0.0,0.0,0.002429305225245315,0.0,-0.0009897810896823955,-0.0015576367857752516,-0.0002168958716826097,-0.0038816513090811355,-0.0015138006546600025,-1.9577718170182834e-05
365,0.0,0.0,-0.0040581545349640535,0.0018905571823601974,-0.0024131522227577307,-0.0012053507295339827,0.0,-0.001127815439156521,-0.003956033075309229,-0.003728418095453101,-0.00023987056830243603,-0.00010658422406883972,-0.0030408163931312515,-0.004966273100937002
366,0.0022863750059087806,0.0005687911094760523,-0.01697278832914595,0.0011711070270088442,-0.0009905444706213018,-0.00046007461995145604,-0.001595742106802689,-0.0007531093874035832,0.001577448203796017,-0.0025947194494513326,-0.0013872564066410575,0.0009371961140693941,0.0018797997295898483,-0.0018634237497465733
367,-0.004680200588133232,-0.013729039083171912,-0.016297254309469267,0.0023554670386065624,0.006430399270238141,0.007542595584847156,0.005773114328146534,0.007763590556333355,-0.0011806400772913506,0.006449783157650657,0.01060277235488627,0.004304032309713435,0.007799248585634189,0.0034907679794784485
368,0.0009397280199578972,0.006612939570743492,0.006509346296082796,0.008675940515599834,0.002933116036791361,0.00370087461804669,0.004439319742022718,0.009395666235020528,0.011496295387448008,0.003733646065765761,0.015848050289907434,0.006564231822634881,0.0012507931242620174,0.0069285380685570885
369,-0.0044807543062397315,0.00485903380480579,-0.0022236939982231974,-0.005752453757947862,-0.0010497678610885686,-0.0012184071404286456,-0.0023581411091697646,-0.001606101997111864,-0.0013078614192272298,-0.005147040057233099,-0.00032016300607473624,0.0,-0.0005248123565841922,0.0
370,0.003380803749742256,0.007421658791663788,-0.004082424832192011,-0.015303545459483203,-0.0022593719093553233,-0.0027829086662043423,0.005173557706889653,-0.003280655760450557,0.0,-0.006311712388892943,-0.009510233315934258,-0.0006668916370493605,-0.0007908665363043355,-0.010534700483171733
371,0.012238606870409896,0.019371635648644414,-0.0008666644461179374,-5.2900329501781584e-05,0.0017706955830423254,0.0015670287963471807,-0.0008843523214636662,0.003550599210836225,-0.003586662754195835,0.0009223306494234862,0.00023614696622153986,-0.0036183354961298875,-0.001626914848127825,-0.0015035420824585088
372,0.0031821918027734597,0.0038343569402030653,0.003094039006568572,0.0016572760895723349,0.00041740477026763756,0.00026716903566459393,0.0034168034308166284,0.003863958054937555,0.0014523230310654611,-0.0020027082763744986,-0.0037779963594104515,-0.001238027681880638,0.002028610817660592,0.004228991833951312
373,0.002557065334679365,0.0028269773399216547,0.004859561697443837,0.0002113202011599924,0.0042135245298808854,-0.0008303338661868054,-0.0012581832016529404,-0.01817172971323977,0.007637078296902189,0.006113400999612217,0.00521010379501341,-0.003029263373283797,0.005280942450905712,0.006207108285797958
374,-0.005881927088024597,-0.005661776143872643,0.0,0.0,-0.0017079654170775171,-0.0009792424797181454,-0.012457076943309886,-0.005242516274025277,-0.010051576296243425,-0.011740522317424507,-0.0052442436430180095,-0.00045193347475702694,-0.0017992550799217355,-0.011815003898558274
375,0.004406363749877684,0.010305448804531991,-0.011787717239927886,0.016593398252100044,0.004360521647155835,0.004501358843230108,0.005588073479318112,0.007246042010562448,0.007112374328197113,0.004230649591289826,-0.0004938828253742145,0.0009870144588113305,0.0028220519904955665,0.003920173619846423
376,-0.007341636082291103,-0.007193749121917392,-0.012406979071473145,0.010528516048116998,0.002158622481717387,-0.0009963269653177065,0.0009202282295692754,-0.004104628613735173,-0.0008678791874432434,-0.0023546931729194753,-0.0007656913330276183,0.005884491568020067,-0.0012563722526834908,-0.0030176475081873377
377,0.0005786253980755163,0.006887592452233804,-0.011214130441542736,-0.01219280377190124,-0.0006861046800867854,-0.0022421097968399195,-0.012074526920867967,-0.004755544409571044,-0.004642728033614318,-0.004468549277580003,-0.0026034901453968473,0.004314557238606298,-0.006580789419821542,-0.006133523500846394
378,-0.0029797294053057755,-0.002983457817348878,0.0027961926506039347,0.0018721713516516303,0.0011406890515459622,0.000283599150058933,0.0023890694908601517,-0.002231054688445866,7.628942308723907e-05,0.007924808502408176,0.005603495681119952,0.004831074570274652,-0.00020117381171580462,0.005211225932756136
379,0.006767595779134439,0.0069972153795792025,0.01463258488173036,0.005389020017730672,0.0067443701033962355,0.00831258320689443,0.011563835082279539,0.014083296742271045,0.003832813348532582,0.007999047085627708,0.006222819010494263,0.005187249176328734,0.004859066131960077,0.01002335786284192
380,-0.001387599926507832,0.002503954036242817,0.004412361672273768,-0.008285520372623978,-0.002876986872996312,-0.00671916044693166,-0.003149143561033796,-0.008204732309369689,-0.0007045891084711542,-0.003996395745212489,0.008072876727705847,-0.0007247064802466952,-0.00517477076230044,-0.005299600664336879
381,0.00514531537459284,0.007614356543728107,-0.0038556778467153663,-0.01603809381207455,-0.0026639520287350393,-0.0005828141932715525,-0.005761205018059101,0.0073934460379714295,-0.004950526382812903,-0.003756930561129579,-0.0045391661383771265,-0.007863126210741811,-0.008908347568286956,-0.0017736633114004974
382,-0.0027790306512986973,-0.009884442949696037,0.0049799825717169455,0.007087765717532335,-0.000595236293206014,-0.00045588597243817475,-0.0007806552425080326,0.0004393914198121962,0.005431637327723671,-0.00026534025093472025,-0.0014052071639376607,0.004848006764923696,0.00429464334954055,0.00039659361291199957
383,0.0033051980567435635,0.009846856980619378,0.003975802533418005,0.001733495286686093,-0.00011821340399364999,0.0015596985554084952,-0.00017444940165312062,0.0045689082510413925,0.0034660098233816328,-0.00330847041005633,0.0011013125037280247,-0.0013295742192607207,-0.001892625990716823,-0.0034031106349630136
384,0.008692997037174521,0.016342449114176816,-0.003793046829544622,0.0007520558817617484,0.0006910993787645481,0.0003157519397332109,0.007832102168086053,-0.0028931476651639088,0.004220382091313368,0.005380486791036532,0.0010266434637618005,0.005526382281754394,0.0,0.005089091539772994
385,0.0018043766761071112,-0.0002115998919958173,0.009921605819283918,-0.0010494648334358203,-0.00462969631776744,-0.008105586575672952,-0.0012337742948584918,-0.01622298781057907,0.0013764099878494918,-0.007374720355760367,0.0035533968540182315,0.004053402141975582,0.0031295899221390755,-0.006602749914415895
386,-0.005655253444549757,-0.007985104765950268,0.00691613256774648,0.007236362946834163,0.006732087228146,0.008769501646550992,-0.0060745386180389715,0.014181616306052192,-0.003933347993830161,-0.0025133486492192603,-0.004692290330593707,-0.0002439030571395051,-0.0011903470703824581,-0.0007407718101113403
387,0.004672683851691062,0.005752005033825114,-0.005799053282459887,0.010783062674171617,-0.0078415775363041,-0.008637216844141982,0.010916887408049192,-0.014550996349676382,0.005483165872076867,-0.018508718793454726,0.004455474097722956,0.00796349056695611,0.01326792101429497,-0.018373457405054694
388,0.001367924519607655,0.001687163618495191,-0.0008190521215549751,-0.016742755971694834,0.002936515536426043,0.0015320576108743822,-0.0077649662818668475,-0.00063984525702665,-0.001616674400449547,-0.0046736715808144424,-0.009284726360760942,-0.009676585338294075,-0.009921215559614893,-0.008520028649503075
389,0.0010910841478146693,0.0005164587254729014,0.012210313823969976,-0.006487836188608043,0.006053812571225947,0.0023081679791472354,0.0007600512017482686,-0.004956528313060815,0.0011240242102878995,0.011863822695628023,0.0011160651282420275,-0.003027628923701897,-0.0009364489528227438,0.01440244351463349
390,-0.0041099721687540836,-0.005732594722262618,0.00775401654759289,0.017317699756100424,0.0,0.0,-0.015444340701550985,0.0,-0.005847120716381937,-0.003412627497432652,-0.0011699803718361323,0.0042356315581564274,-0.0038199723157976706,-0.00354026827999121
391,0.007615158627801932,0.008201140274879393,0.0020735660102575437,-0.0035506789117594195,-5.119529419062019e-05,0.0014522240362886407,0.005223283408410495,0.006655284520606486,0.0032838324252608686,0.000713568048885449,0.0024570623118105317,-0.003282035810524775,0.011622650060688855,-0.00030470735908316726
392,0.001654332948804793,9.181751105202807e-05,0.0009571690019631873,-0.0007811076767882952,-0.007389635347401224,-0.009412987306865794,-0.0022260501851238956,-0.010032485787997203,-0.00022613942880234106,-0.005581687623978482,-0.004370252829252408,0.004458374243904828,-0.0069095873784430495,-0.004711463007252448
393,0.001714649117003475,0.00015717053136654613,-0.005600030470870543,-0.00963151420688746,0.00441335228108386,0.006382712569615201,-0.004895924499454196,0.01039338073358742,-0.0033307388305692243,-0.00012124392831580622,-0.0032547912599980577,-0.0009808692244916983,0.0008271966622572791,0.0005140210798355582
394,-0.0016561320578212246,-0.005516928425441492,0.006909485449311248,0.003640151847246642,-0.0002718320364767379,0.0009273361035129213,0.006263123828977868,0.003781198374374739,0.0009365789919497658,0.004033727324999958,0.007592656223842198,-0.005021644965038874,0.0053557266472452625,0.0040968582930762665
395,-0.0029908025331124577,-0.0036131744444247715,0.006160440875010664,0.0007857997796776317,2.5726868422282223e-05,-0.0007829870660822635,0.014698472969744358,0.002734050502834151,0.005818187677302689,-0.00474131784971199,0.00568571844654997,0.005866188745027756,-0.008522683917455254,-0.0039121403315398595
396,-0.0017167632404593292,-0.0013880565341839457,0.008607386524273508,-0.009664470334714181,0.005732053045727881,0.007279050947821553,0.006394316997219818,0.010899025093285886,-0.0017669944680251959,0.014007460656483062,-0.00481958264261273,-0.00559330432900218,-0.003077346234933387,0.014542407828381343
397,0.006427728546736233,0.001234203066664108,0.0028204394766104812,0.011042476700779957,0.0009724548376777165,0.0018728294734726703,0.011549293898132973,0.002117172540115675,0.0073814170128372325,0.003911009690196643,7.113193159113962e-05,0.0032730521052393158,0.00830470387635529,0.0035780217672094494
398,0.0013209701042367072,-0.0036671049409289225,0.00039785096245825713,0.004920987022886791,0.003919836634789675,0.004662616170009848,0.0016330797197365854,0.006042847480671298,0.0021309149267940697,0.0018952382504089371,0.000947263029154044,0.005095450201528351,0.015870091606423387,-0.0005359224241097138
399,-0.014362725758200412,-0.036324825746911316,-0.0008061412162723158,-0.0016665971905851507,-0.0003706957222853191,-5.291423670694684e-05,0.0030779404147285305,0.00031044213427122713,0.0043267831967703785,0.00024780568676252557,0.0,0.006488875734266486,0.003282906198077029,-0.002723503185611875
400,0.0034889258673675982,0.0047580990304947335,-0.0058359775605447695,-0.011902734838697526,-0.002545583271082563,0.0005976786981110038,0.0020514713147541386,0.004720839159659818,0.0003875136118614009,-0.009029931120180024,-0.005929871164756406,0.0010073739183997787,0.0023742312584307257,-0.010770655743904456
401,0.01352638496098102,0.01880614655759416,0.0021438380029144,0.00782878823385147,0.003055367284735766,0.00535825821605318,0.005534928785719373,0.0063994028218630206,0.0016062270429051395,0.008504541613894467,0.0010469174335625553,0.003292721891765993,0.005727525912709197,0.00619008183116776
402,0.004289462070833139,0.006912047271400823,-0.0027601109504518107,0.005115884703798201,-0.0013396075525946571,-0.00015367108860697698,0.0025481294568070467,0.0007765081238986227,0.004885347893718084,-0.0009524311676596398,0.0061610594450343115,-0.007829876417195791,-0.009652302367086918,-0.000225732863695427
403,-0.0021234680713178022,-0.00020839294166030697,-0.011044530034898692,-0.006739695490727726,-0.0014682858158856504,-0.0003679393292088662,-0.0012768366710851353,-0.00035217468228054827,0.003360648497849894,-0.012233454229328089,-0.0022283810582628405,-0.00020596327396305014,0.006353719017489823,-0.013747491696348035
404,0.0038890485596922986,0.0037940995026986,0.0034328273681358823,-0.006081871594277644,-0.0031049159453910846,-0.0010643009954085514,0.005256130145593119,0.0036035434364620755,0.0005997934224755141,-0.0006834784465006294,-0.0061923480705115,0.0014889684482604082,-0.001002296949735637,0.0004228780178756608
405,-0.002128072782232593,-0.004914909046368265,-0.004160328228722143,0.006745713042866086,0.004649564174071585,0.002918907519897651,0.00019444364790821567,0.0002120978568811438,-0.004755316556381395,0.005804767496490726,-0.0010253072552082187,0.003997318710878162,0.0051305966224983734,0.005881630969186702
406,0.0012281192294842924,-0.005410984563777532,0.004858919713187859,0.008693287787606252,0.004504628074220918,0.0002826240061200025,0.00330781755364562,0.0016486398958157622,-0.0022115065708607773,0.007429743037569381,0.004747419712554546,-0.0003203152146866728,0.002667816367381448,0.005068377432133175
407,0.0006482405074450526,0.009457657609901915,0.006198749999036579,0.0014530694282406387,0.003932241880404419,-0.0009731616373942487,0.007033233770819436,-0.006335085432658261,0.00357951505925147,0.003931527487450737,0.0014692559384492654,0.00014658907666564858,0.005377037124446815,0.0005583789050316312
408,0.0010638085601399894,0.004103997873434295,-0.0146926258581912,-0.014311112596498532,0.0015476599203267938,-0.001342015678115871,-0.00560998420294645,-0.0011773681825584248,-0.017443875090567218,-0.010971468307190868,-0.005984150511112674,-0.009407843137925198,-0.007167813033380099,-0.007300818845692447
409,0.006064153778741144,0.006407931288077151,0.0014493362123113585,0.0031164640173333424,0.0027816397310704843,-0.0007284108345597673,0.012691815118941463,-0.004175196743741338,0.000716102501866267,-0.004968616485601096,-0.0017380041620658204,0.007106100760640999,-0.0003693485336562219,-0.0053114578530504275
410,0.005973475210325319,0.0019314718662144514,0.01067976330094389,0.009014209595520128,0.0033200676446281108,0.002446120774938443,0.007882782306397829,0.002331800945855278,0.008392666382028402,0.004858706422052883,0.0030372312920761146,0.004596872297781829,0.0026035696105690675,0.0
411,-0.0023050805021682663,-0.005335684903228,0.012976337392888837,-0.004897237579045921,0.0023792699706355336,0.0004925274073475094,0.0024352976382857605,-4.558359433382009e-05,0.0019255073994184357,-0.0037045359768974606,0.004704766044346442,0.002438355256671798,0.0031703623552825633,0.002883319992903921
412,-0.0036986793841133903,-0.0031733568767524645,-9.664335763925891e-05,-0.0015854798341834453,0.0004477225869337076,-0.002186041834946195,-0.002770162194519088,-0.003512571761206118,-0.016940878604132514,0.004343943202470335,-0.002532047454758768,0.0007018346734533054,-0.0017574341103028246,0.002035912977456533
413,-0.003319936874831342,-0.007206635492380542,-0.0060223255217000116,-0.002531492182290762,0.0030241448895953482,0.0018873214175396669,0.0011496752414892342,0.0017680911215958162,0.003596538359285084,0.0108075916078203,-0.0038482602987510717,-0.0009845093373161973,-0.0049179348017034386,0.011769877604015377
414,0.005312517392953353,0.00863433191874563,0.00860382841153573,0.00922210762372444,0.0011585010230543702,0.0016458446442806363,0.004621643150558796,0.0050583737398177675,0.0013766840694753313,0.0008591823420527334,0.005176974949113955,0.00328009258403128,-0.0017601721082787236,-0.00045909457110049345
415,0.0007364408452019688,0.004312768942144274,0.009717292372659614,-0.0051748414960304245,-0.001496709079757963,-0.0024173522303856387,0.005924942448464421,-0.0020871606433239265,-0.0016772868521766071,0.0023072272973587715,-0.002990165430736269,0.0014337385386369306,-0.0007802203370754768,0.0027999539985508193
416,-0.001921495266101303,0.0045948254244585485,-0.0069095632399713836,0.003805624407059227,-0.0016604251138829795,-0.00036367479271248726,-0.003517960633882211,-0.002849987310705515,-0.011060127437277245,-0.011848957586501285,-0.012951012108738169,0.002171677222582602,0.0,-0.01351091352451661
417,-0.004229253253624776,-0.006083180382930209,-0.007967265695062231,-0.0008329070507500091,-0.009326876453869204,-0.01458021840074153,-0.011343732596687417,-0.02155510352351797,-0.0037733489217322003,-0.006589358745111795,-0.00045457589609476656,-0.0012739693524235207,0.0015538817869042987,-0.010115983900771397
418,-0.016447240211785896,-0.01822602944390539,-0.00788725627727871,-0.011838763151132525,0.0006549100407653441,0.0012747571279874137,-0.020634486059593726,0.00636393915698541,-0.016994844102908857,-0.01072129134094535,0.0,-0.009104572255656862,-0.013182163754137832,-0.00795338340660301
419,0.008941894475773537,0.021955536036331935,0.0035518589627088204,0.006530386876972827,0.0061749046207371094,0.009993651246049673,0.013548899873246256,0.013284519644583881,0.0062356146287774195,0.010370134110761597,-0.009811951829794552,0.005533240696436792,0.008794278983616621,0.012927064723298187
420,0.004285001218862661,0.0037931506818580374,-0.0007534389851571177,0.004718033436384772,0.00024000785401767644,-0.0004989323268835832,-0.002765983078559131,-0.0011394427580633248,0.0,0.0031461541307722385,0.011005897831108058,0.00665145706159187,-0.004167420276992573,0.0032549428703259053
421,-0.0014808398328476358,0.003875182125632648,-0.0038015561965520916,0.004782310748886687,0.0011756765353272414,0.0014190955233326363,0.008577996353771766,0.0019088163993394858,0.005996856877994894,0.006759843249611208,-0.0012173088474014548,0.005055146652283682,-0.004861668368937089,0.006524235783404109
422,0.006747348958976218,0.004982556326433851,-0.0007002293268376647,-0.001020364865349066,-0.01252488866192536,-0.015557342487191761,-0.0023687942220700364,-0.019607457273009388,0.005694330293286143,-0.0036234955004985636,-0.001351618090593476,0.0021267946182241815,-0.0030758515581457146,-0.006506887535088879
423,9.000536042158558e-05,-0.0037287224013411446,-0.005583390827104573,-0.005569901846946834,-0.003510436832909747,-0.001837053661351895,-0.010908018525917385,-0.0008651199756037897,-0.0013982106921899273,-0.006935048402952226,-0.011856287763219342,0.0004433222343802612,-0.005180269098209678,-0.004614930427454311
424,0.00554696681573752,0.007105724689926873,0.0035932864379928375,-0.0036956714794449397,0.0013481517682691901,0.0011619757145657772,0.0039522165379040075,-0.000547062835083878,-0.0014300246651650639,-0.004922686596991355,-0.003976961270691248,-0.000733104501337678,-0.0015387033046820875,-0.0065506612552947985
425,0.0010095794339992636,-0.0033535363427130704,0.005014084978661515,0.004217537675931027,0.008996585841535065,0.00989169526062561,0.00905456188329623,0.013484774404012967,0.004376852654367269,0.00834115801798152,-0.00047920276567836595,-8.893717996727446e-05,0.005160698422786325,0.009321044019310776
426,-0.0007665012475168709,-0.003256759464100867,0.005693933841654619,-0.0022459424646861237,-0.004017246456820445,-0.0034595701326392003,0.0,-0.003032761677761897,0.00045219158379516955,-0.004222148130170744,0.0026173518199357204,0.0015723943586944955,-0.001146561103187338,-0.004920132912543451
427,-0.004937524717043118,-0.006270537258888709,0.007619520179843242,0.0014456192344578511,-0.001316166287491427,-0.002076616747138438,0.004258167892425391,-0.0011283227770331195,0.003981324452564827,-0.00012060416690307108,-0.004169864689213654,-0.0014033398064228209,0.0037077427782890027,0.0017724191018189117
428,0.018176996403139967,0.009999248630412794,0.002853798198319879,-0.00027853459365978495,0.0013886041377055847,0.001671471668937663,0.011904776095708058,-0.0009077060405218162,0.0011231491584871023,-0.0024051804456961534,0.005094010843999186,-0.0013480797186797844,-0.0038549846301112467,-0.0017956361719466685
429,0.009300366548405492,0.0,0.004039049376767245,-0.005936911845152437,-0.00024159932061351697,0.00048695347329630323,0.0005431166065150705,0.0027699999376711304,-0.0034576953029583635,-0.005323990676918022,-0.00013927041703354348,-0.0039452486363948935,0.002466621220099441,-0.00510820121015243
430,0.000765529885937255,0.009650296307532003,0.0009908637263702502,-0.007188757934573076,0.002608832849659848,0.0008424667620099413,-0.0035334317675683735,0.0029988503843032532,-0.0023484748189446236,-0.008340706385241425,-0.004501120347386589,-0.01137552636016359,-0.005610001185891278,-0.009636982786592085
431,-0.0004753027350599126,0.004779159959168666,0.009885027847652772,0.00012350539326888565,0.0012368332525571901,0.0046045317880603065,0.011801134330179153,0.010484527361194651,0.003187674629294257,0.006830302740216787,0.0074089174961038395,0.004753288199177419,0.004887469169785774,0.004561300616066077
432,-0.0008378083372964085,0.0002505705233009081,0.006618548087470977,0.007870563620080873,0.0025396569197386754,0.005704673584713937,-0.0044344598826011605,0.009432005240531893,-0.003843373383747739,0.005947346217310745,0.0071362374396137795,0.005373191957589896,0.0036683153955081593,0.005204273009212557
433,0.0018754180615960792,0.005892080853589832,-0.005573747629434855,0.0017658907072544139,0.0017963061426851112,0.0019805780423354236,-0.0006130030312654355,0.0010369912214152066,-0.0023300751660428887,0.005922219109712579,0.0022995994227539285,0.0006240626618065903,0.0,0.006528433999971384
434,0.0037697172690336345,0.0,-0.003816378256058961,0.0,0.0,0.0,-0.007645478693328656,0.0,-0.011964301492055185,-0.003434410733961002,-0.009348129736828525,-0.001760664483832386,-0.014225317729044562,-0.003916028838119701
435,0.001324913199924893,0.009730571207379413,0.00034939548692225486,-0.0032193578339150264,-0.010710908751372372,-0.007579458552145368,3.928666678731929e-05,-0.009329662683368767,-0.001301378816580545,-0.0015201417678873952,-0.006296069675755689,-0.003954972909905763,0.006260223839067436,-0.002790667033437444
436,0.00031671139731592746,0.0034200338443621803,0.005265479449104049,-0.0028957802305278335,0.0024944407702136573,0.0031238424931441244,-0.0046098750825702695,0.0027786690692011007,-0.0029269950376704656,0.002515522046337537,-0.0014371260441468081,0.0016457325944720935,-0.005796074704695897,0.0037755210272667483
437,-0.005893123750537299,-0.005043321433968018,-0.0022013349374176983,3.5099129943816365e-05,-0.0010488672233304186,-0.00017845204485311683,-0.0032950814759402647,0.000713000477558623,0.011303084966273858,0.003751436455930346,0.0019893870674323466,0.0018018962792964999,-0.0013651860681047623,0.004028180677076776
438,-7.551930132798645e-05,0.0001494689470806776,0.011170238635349605,-0.0030450724849551136,0.0005970169497189204,-0.0014899601434583687,0.005274413890646201,-0.005906898880834177,-0.0010533127406606724,0.00107069801489601,-0.006294047271250491,0.006038681475917684,0.00015487979528749918,8.710013998936006e-06
439,0.003315513548990623,0.007540789773596401,0.005582717384682745,0.0071142169775928465,0.011838201948501492,0.010780975197147491,0.010307232400203148,0.011267675600763027,0.006532347487597789,0.010970781827902343,0.013959273654513993,2.8046987225138764e-05,-1.5502024167446393e-05,0.013683296248379051
440,0.0009085655015628191,-0.0009158732008298642,0.0071510390227587095,0.00581175416320967,0.0027838625502010217,0.0033583025948829004,0.0006118426523240572,0.0034175258418045473,0.0027049756731400976,0.005091312605807197,0.011741517710674998,-0.0014452880433317716,0.0022214457001634713,0.004957412225433444
441,0.0013776427252505385,0.004326085506964006,-0.002241731374713396,-0.00036552999089245475,0.0017761044400899095,0.0007568342480830381,-0.0027981154587859436,0.0009152767070936818,-0.0022388629634084722,0.0021530250428547504,0.004500294313476871,-0.001656895036351358,-0.0016485598321160921,0.003007473892365553
442,-0.003766064641640199,-0.0018951455712752363,-0.0009448288922992987,-0.0009752869143699883,0.002042340022299527,-0.001101323850828173,-0.004198970549330383,-0.0048272592079090515,0.007378915437509903,0.0016386763541031968,-0.0029430856884431478,-0.001048172067569908,-0.002917287446532413,0.000947593827953952
443,-0.005295777420142755,-0.0006678224973466484,0.00075988107653302,-0.007644140979710556,0.0029168772733143555,0.0018454775461593798,0.0010934872126266981,0.0030114658349749135,0.003530915909251142,-0.003821255900660958,0.005139407664756845,-0.007261002646336223,-0.0035424575879083875,-0.003104201592991629
444,0.0027514409670814644,0.008140885609234871,0.002562685722322655,0.004485115167328857,0.0028255715821945415,0.0014548619291288034,0.01258534760001595,0.0009563465206667843,0.013379891204641225,0.0026341857766194465,0.0,-0.0005090008637065324,0.010010310279088941,0.003177929554638581
445,-0.0017899353152692754,-0.006262448808328713,-0.0049123349957866935,-0.0012243971165339929,0.0017650686498367207,0.0011095796167319705,-0.003855443341610254,0.0010343308767932768,-0.0008935854706759727,0.000647689247289307,0.019393381292214684,0.0007498208604150847,-0.004916719253948543,0.0012581446208148606
446,0.0027223992389728835,0.009627887574964689,0.004159264454282052,-0.0007879048133716537,0.0018662756011114112,0.000634146702309657,0.002719535244674276,-0.0008174712953969987,-0.0015948215077079553,-0.0007949062926648764,0.0005456843912536868,0.007021494019102903,-0.0024456431594543915,-0.001595607036840363
447,-0.0024343603935506053,-0.00832598909904192,0.0013162276260629824,-0.009450586473958467,-0.002383615403239503,-0.003050565946915107,-0.0006213116766158322,-0.005179108848942349,-0.002365764163823947,0.0020595474026618987,0.001821023898394003,-0.00305227411817377,-0.0013215401781430103,0.003974459748160797
448,-0.0015745727452980418,-0.0025730290521153165,-0.00418793408933027,0.0047100762379823635,-0.00043126278358762704,0.0006475839951667339,-0.008208556687746338,0.0006583827317037105,0.0,0.0017815442713020602,-0.0025111389183347654,0.0024816660040478666,0.001998714254854761,0.0005168285379024695
449,-0.003280508566135154,-0.012649883512027671,0.008484073007349657,0.00028156357239694785,-0.002396649619081259,-0.00222452269985407,-0.013730207984751885,-0.008803344236385513,-0.010904909997610623,0.0007038800453260663,0.004970314776750584,0.007012054585828764,-0.0013486577734962424,-0.0010198463968791316
450,0.0006084952653946374,0.0018371454959424938,0.0009756804222060822,-0.0022369944411000375,-0.0005280136042795647,7.21641258953909e-05,0.0004606126399853139,0.0015011374698996605,-0.002557390271339166,0.0012013465681546265,-0.0033093237011829757,0.0022098392289429114,-0.001204077052191721,-0.0004043362738581635
451,0.0005050086702667045,0.007823656373485477,0.004811971173237062,-0.0011821824227453703,0.0025273104997687312,0.004076822401987812,0.004692924602972326,0.011392193258407346,-0.0007373248711806113,0.0029630899281452017,-0.0031104933447156924,0.0033668377829734197,0.0074780599997730235,0.005299288181715767
452,-0.0016843549792522339,-0.0004858006085441957,-0.004565754368609731,0.0010763581573147718,0.0018106691852093348,0.001203890628937998,-0.008020890038846318,2.9508633586416977e-05,0.00024014287690565794,0.003119210210412504,0.004728446668945452,-2.0176146398043215e-05,-0.0027880586784583272,0.002379604153128767
453,0.002781165553145115,0.0050428004013660654,0.0026754783208273736,0.0019732556283873492,0.0010668723739399866,0.0036982630684985196,0.004827621872822263,0.00656553739747423,0.008947972277385752,0.005650145561093112,-0.00033547056632343697,0.0021181229775066868,-0.0022428812305346213,0.008719828588761303
454,0.0,0.0,-0.0007079232613396158,0.008360424730184945,0.00678386245860807,0.003866518829712895,0.0,0.0031907756494806705,0.0,0.004178232656175673,0.0021836716985124127,-0.00019039510921992076,0.013017808145642462,0.0021784795382764344
455,0.0,0.0,0.0005250234955429534,-0.004881583536096912,0.0037199897397108828,0.0021565111846602036,0.02221292805671915,0.0022975564854554875,0.0,0.003538752157408176,0.010400766571100561,0.0005711381586479547,-0.004923051130800715,0.0008434689642609072
456,0.0,0.0,0.0001348271684076252,-0.008684566793212056,0.0008816443733365986,0.0012459436611136354,0.007284207031476697,0.00044693800383655,0.0,-0.00037332623114583185,0.0006105538868013127,0.002048720352888722,-0.0029093244547304664,-0.00300530971263413
457,0.0,0.0,0.0053920297189673505,-5.313086128211353e-05,0.005006939692492551,0.0056309040312934044,0.0,0.00773327331339857,0.0,0.0037852389083168347,9.212849156803316e-05,0.0031411280753044224,0.007752666158905797,0.005168980449287375
458,0.0,0.0,0.0026493561109983688,0.010367598364805275,-7.555383602309007e-05,-0.00107421116523998,0.002774922043585093,0.000731706283124467,0.0,-0.004599699868279572,0.003008302676374086,0.0003309480737421211,0.008988116781949884,-0.0028322504199174148
459,0.007566182135942512,0.015845363408493185,0.0011598304729298903,0.0049955753453438945,-0.0005534064598471389,-0.001806063868014185,-0.004629754779733375,-0.0015869808346096193,0.0,0.002020314513164756,0.0,0.004120686979176114,8.20372718184359e-05,0.001990605239239329
460,0.0025483634078113937,0.005775013987243227,-0.004484673352425084,-0.00020905554321259956,0.00305359759557966,0.0023197196304787226,0.0057813498770080685,0.0011422543909151983,0.016296055012892552,0.000506863150216752,0.006397773044838573,0.0034309753636474483,-0.0007932842758009429,-0.003248578201803909
461,0.001564225905774208,-0.001502502339349121,0.006762310362812052,0.005907820596164015,0.0018471620144069334,0.0018018829296631012,-0.0035604486571934046,0.0024713911552218804,0.009955112054637283,0.0008409752938725035,0.0027699368527631663,0.0028784694771228914,-0.0026395565186714265,0.0023868006849276924
462,-0.0006447340320736572,-0.00045797960304483354,-0.002912329844100725,0.0038732090947668496,-0.001394799580484829,-0.0016881771203509643,0.002443649251391733,-0.0018249318754239852,0.00673035872519101,0.000687513257456196,0.003511390404947079,0.0008853732870335307,0.00692962706497724,-0.0005129270833670319
463,0.0013053263136821869,0.008083214687276907,0.0018170266849626415,0.003394043069846475,0.0013436494300602675,0.0008777220048461487,0.0006112321381834818,0.0021655996733542793,-0.0004607134331005014,0.0005822330326710201,0.009520825114702092,0.002624143338728402,0.0048382864636611345,-0.00027461244686932673
464,-0.003561236182871852,-0.011282654932797342,0.003624062602125555,0.005591234765820019,0.003719955696745103,0.0017492225323056942,0.0075695308510237425,0.00275139564660698,0.002596028817531959,0.0011536788114536733,0.0047337559433504595,0.00017430802384410526,0.0011893557493323215,0.0004770527400310698
465,-0.001904731963204398,0.0003672106331187308,-0.006582522456942463,0.007293630595778922,0.001761682265453146,0.0006723529054335486,0.0001634232220286691,-5.1306230091086036e-05,0.0017404124974831348,0.0005144895078661449,0.0037828369487282743,0.0026316270177790813,0.0017949162524999451,0.0004158557516991124
466,0.002888118090888625,0.0006569869558425978,0.0008740612489104294,0.00015278348028324729,0.006940121917319075,0.0007420595113298845,0.0004971161108660027,8.455067201751376e-05,-0.0005879294549835379,0.0038594067056143544,0.0012614598478410954,0.00036608148101890947,0.0,0.0032874507473117376
467,-0.0034425047573698464,-0.00829475354174214,-0.010400500018508119,0.00095024825331258,0.00023486088732660448,0.00032794411501058107,-0.019436576895051516,-0.002895152188040484,-0.003974950027142654,-0.0049457971818744895,0.003992792739165196,0.0011145705469246536,0.0017646870740399834,-0.004865831021644951
468,0.0025117974545274535,0.004398912600697358,-0.00043425712025868535,0.0018469563677481204,0.007123534060848868,0.005103796185029985,0.011586066069567025,0.0036239670466233775,0.006641696177402068,0.000762423197610218,0.0004251647714088591,0.0006743089602831986,0.0017436739930971612,0.0008352820514279102
469,0.000606870893500755,0.005981690942899576,-0.0038784948978607403,-0.002203204009594728,-0.002346219162742358,-0.003980395312996876,-0.0063866886684333934,-0.006389263607671225,0.00020484006048970826,0.0023790503411147412,0.011077100511336369,0.0,0.0027113170035892864,0.0010479762946769
470,0.0022305021361432864,0.0028986380026019276,-0.0009792610262069346,0.0006106207365057514,0.0071838579066323405,0.0016166008745583937,-0.0053456691297828485,0.001759555810917135,0.0001766641384044476,-0.0012078688472048071,0.004989205305781397,6.768816945701417e-05,-0.004526956619844924,0.000504137161412288
471,0.0025496598111942603,0.008612540202067365,-0.005988463576239944,0.0013555647777998558,-0.0048020574291332,-0.004673955687260367,0.00524002350987729,-0.005248332744709927,0.0008067485098628424,-0.0049224629631003936,-0.0044837826663979286,-0.0009143273780338745,0.002758073846917952,-0.0053400794004669905
472,0.0031358686687052995,0.002102358326791176,-0.001362267458229205,0.0018101506595780137,0.0030557673296787158,0.0012701392506020426,-0.003557539641510843,-0.0010853292138701676,-0.004773709920656621,0.011656460060533114,0.001480418311807341,-0.004433196026033315,0.0036925049093010642,0.012655347258540672
473,0.002709440073669356,-0.00146345563682182,0.01072557324005352,-0.0022166106414989173,0.0014232966372649258,0.008040609979727442,0.008349752358578044,0.021797426814504917,0.006429262633369959,0.005974973396602579,0.01228270532178577,-0.00021642705586799593,0.008954925531014624,0.004123793146366239
474,-0.0077786548935190325,-0.011592953811476292,-0.0016981142284544504,0.0026898169622153745,-0.0036530125130624924,-0.003197577376741201,-0.003616387406502497,-0.00034324880591718454,0.0021206311462060867,-5.6433848762083016e-05,0.00014632868759179019,0.007269716452400488,-0.0030965230458104287,0.0027206452547297033
475,0.0008859874323672301,0.004850928784472686,-0.0004552259364896116,-0.0017078144465649814,0.001219878245393602,0.0009440129366797834,-0.0032042311383140287,0.004276576467020732,0.008556653359759636,0.003779757576103826,-2.750675367479971e-06,0.0002897258400338387,-0.0005599640339948309,0.0032087844185504366
476,0.0007573864869421243,-0.0015230145093223513,0.008883465236318777,0.004862049143524061,0.0024681385994576033,0.0015908441079037772,0.01226348724112647,-0.001657240968025775,0.013008329142970787,0.00272980559971181,0.018386976327017024,-0.011423448787338586,0.005182048850846499,0.006362479259445664
477,-0.003718137489890694,-0.00511420145285868,-0.004663375943018799,-0.0010277787458488064,0.003461038728774568,0.00018994776966696492,-0.0026410925824773557,-0.00023673414596991904,-0.003962458617841946,-0.0015977682778292035,0.005295438652805018,0.003625242295703046,-0.003281139028498359,-0.002328628376849551
478,-0.003424450341681151,-0.006862576315503688,0.0039044308027591512,0.004742803266243101,0.0009745816773865101,0.0030922893263145568,0.002974981296013368,0.00734458453500153,0.004549033124608748,0.00189641786774164,0.0,-0.0022219158557330587,0.0005352977893195998,0.0003143921519050963
479,0.004861067312033285,0.014038031100634285,0.0,-0.0010240476660232645,0.00039205510709727776,0.0012704438847759292,-0.00023806101262380253,0.0032470244765487877,-0.00335203834660458,-0.000634779774963512,0.0004094471982956094,-0.0014256981864324558,-0.00013599942271724785,-0.002061727146196901
480,0.007468960381141088,0.008250730574802745,0.03512535544238826,0.010110296090994453,0.00037407601443462113,-0.00018912080508215467,0.013805782361616892,-0.0027534108809526003,-0.0015584253199811826,-0.005431330012168445,0.01711559323242362,-0.0004918198214465264,0.009198071928631535,-0.006426849457909611
481,0.0005520574540192058,-0.0017952511351815303,0.003454840621137656,0.00033248550917797104,0.0002601370782873147,0.0014426139320606879,-0.002996110323103096,0.003148263955816688,0.002730554695808074,-0.001174409300511492,-0.0010372328293186683,-0.0011497761801031459,0.0023849835289233567,-0.001019982953412324
482,0.003605002153955539,0.009203224716403113,0.0094787450193623,0.0054866574662728596,-0.0043134262471884455,-0.003768981339369759,0.007889574133951527,-0.005771464746720412,-0.0007171643467653865,-0.0102141857557978,-0.0019705939521426075,-0.002407007527905236,0.0007771658448909591,-0.011706994303052554
483,0.0014221113305286082,0.007915274168100339,-0.006593419632064723,-0.003311590323725966,-0.001694752909159547,-0.000898046976053557,-0.0005372833926937659,0.00013186243923968277,-0.00299208517616556,-0.0058293046949051686,-0.008223557982509178,-0.005834108582561726,-0.0011133282508968279,-0.0052010425528195015
484,0.004407483885188412,0.004280236627232981,-0.0007517493274082909,-0.001261301587987873,0.0007463751265603946,0.0009831509112929737,0.002101424746847158,0.0009860661137910398,-0.004967133542303159,-0.006969155334252797,-0.01333413538205086,0.00025077017369490306,-0.000283720492813444,-0.005368104024455533
485,-0.005318267763719575,-0.009629845504251833,-0.0003690446808990444,-0.009309499423608258,-0.0012904612769162327,-0.0023122805602824315,-0.0010306303543465845,-0.00292394325078682,-0.001467357361198296,-0.0056530427980678866,-4.380906370116122e-05,0.003950077033778143,-0.005878323877402281,-0.0050877662279660285
486,-0.007910727620162206,-0.010484705389789184,-0.016322067422541053,-0.005344427800674012,-0.00592071935178673,-0.0055409987421235485,-0.010359056805848255,-0.004709911662700961,-0.0033260984844094565,-0.004353274230874504,-0.015839226792005334,-0.0010070076854820087,-0.008980875826713586,-0.003001906572517754
487,-0.0009629553002952207,0.00659564771795651,0.0004220534554528754,0.0015659271466592628,0.008006955882274625,0.008162652782972124,0.00577395817425419,0.01290140908455406,0.0065465929449111115,0.005513454522943384,0.014547480765303433,0.004335651821484987,-0.00816693133787183,0.005366730947278242
488,-0.00481913654675914,-0.021465625119809317,-0.00034704179282218917,0.002319140074460435,-0.004277085225643518,-0.002629416978897403,0.006193290600091217,-0.0015468385621186798,-0.0003156770781700402,-0.004716962271413827,0.002041733183311578,0.0033894953463367017,0.012219601636681787,-0.004876121577138903
489,0.0028016363439515857,0.01272491040213275,-0.000713239173844471,-0.0019490234473575896,0.0030815175720952936,0.001274869888790775,0.0020962089801006556,0.0011669683978023926,-0.002497232826201845,0.004630024915740272,-0.00604772861306202,0.0034448032476301904,0.0012439723146275838,0.003924665756139589
490,0.005321016581662619,0.014284268974090963,0.011866182201221598,0.0029892549709416016,0.006826740250550856,0.006519838879752271,0.018882587164625875,0.01051339370629023,0.0011980261370085898,0.004117969346199679,0.0069260257703387396,-0.00016316001938498914,0.010804791502351918,0.005016348148213723
491,0.005837226016950581,-0.0035660485668653763,0.002011059009678462,0.0038326564344082215,-0.0027442501771481886,-0.0007505427033294154,0.0061991199819200205,0.0007108433999984953,0.003868927102688602,-0.003113519392010211,0.0047472629465676874,0.002039125574452072,0.0019377648732419317,-0.004668234774886315
492,-0.022843370537435348,-0.03389883691711759,-0.005384374765238675,-0.004319049936167829,0.0,0.0,-0.009899384302256564,0.0,-0.001323486791358519,0.004709757877276566,0.0,-0.0003751527453736969,-0.0019990982290369885,0.002640656263528385
493,0.000248115347535105,-0.0006337406705867465,0.0058518279904351544,0.0036841088692174395,0.0013512206657875225,0.0020539842782323348,0.005317102827218534,0.0031694514582500943,0.002826019422485615,0.0010084551878177805,0.0012290554304836832,0.0034918005322328582,0.0055292482536248855,0.002561032545374431
494,-0.00946406794371768,-0.019366332878735903,-0.007104586399790946,0.001035753151022334,0.000966892623717186,-0.00038433158680373225,-0.006049498482234128,-0.0015456690889461555,-0.01445749906234095,-0.004743615195060613,-0.002435660406417739,0.005618678165612678,-0.0016834448975160399,-0.004817184624087645
495,0.0034336560232652857,0.012425430030031492,0.0016668535784312155,-0.0007516850871880365,0.010794925023374091,0.009800332196793882,-0.00017989254134143096,0.0049075783351035795,0.002540775087466862,0.006508249260281929,-0.00043350452172319365,-0.0042420375162048884,0.0017416031697372603,0.005448056409678159
496,0.0012606060643101102,-0.0008126723775490063,-0.011873168509096033,0.00446843586378165,0.004352222369332637,-0.00036929388279105524,-0.0019229359005219493,-0.012808113878817196,-0.0005132349454308738,-0.0004984133360652621,0.0049223932231061696,5.769373897912544e-05,-0.000976585271475372,0.0017899249104811332
497,-0.006213067856531751,-0.012533388744877527,-0.01110620919692451,-0.006877615844304685,0.013758735298980085,0.008157586662811411,-0.015186397686191455,0.007238865580534437,-0.014643600279416802,-0.003591934807935182,0.005637950915581058,0.005494590132675725,-0.001586010476797739,-0.0055811394578579865
498,0.00012930450349024625,0.006289610870160445,0.0025530656878336444,0.0033278294934255825,-0.0016806789584116189,-0.0020265829358052656,-0.003540143126132378,-0.0038451026681372014,-0.000387822191001419,-0.008619251293888297,0.0041308850040469025,0.0002455174516242664,0.0046490898368460876,-0.011942375776763825
499,-0.0024139863719714327,0.00012705997553830173,0.006356768760224618,-0.0007013890538374312,0.0024096862775131456,-0.001052710549286573,0.002200182670293316,-0.01060274761671387,0.01055247427103101,0.011808530111960813,-0.0049145060075286295,-0.00048369775523759984,-0.003214303659483164,0.013702775648823717
500,-0.0017972506953825018,-0.01461349386591948,-0.0027072219495467564,-0.002324924232770087,-0.004514494796614699,-0.0037463905259551566,-0.010192327330520001,-0.0019442411892800493,0.0033721298195192873,-0.0007964252174241793,-0.003740580373316149,-0.001058629016842616,-0.00011922062671487765,-0.0015811024221719094
501,-0.0029434669811863046,0.005198054738942304,0.004922446592797058,-0.004296117807180977,-0.0016444206388506188,-0.0001141121705305892,-0.021659370395759936,0.002093264839636788,-0.014344741927389215,-0.0015657695762998358,-0.019882242582092147,-0.005562031077110063,-0.011952880836441082,-0.0025237879807757935
502,-0.0066741244589945126,-0.010139878043201378,-0.009921479709046999,0.0053003523809849185,0.0029190020057363597,0.002928067010109281,0.0027734480492664915,0.005366025299093025,-0.005019969205184438,0.0018825416898815561,0.014370241387588578,0.005120425440127363,-0.0026734284767417904,0.003240451496932195
503,0.005467207404498353,0.012312282293713395,0.0008745374701764064,0.002789772508739574,0.004848717138438374,0.005491202035518228,0.01182459118664525,0.0039903948279125245,0.000820149352002808,0.00318054571471027,0.013818667685969288,0.00761716590950634,0.010715258788550841,0.005114077506883419
504,0.00974090762708002,0.018860693786887595,0.02050580081144915,0.0006503794102226124,0.002334761173948152,0.0031968421216959086,0.011299093206341482,0.005103852317928315,0.003035158008272809,-0.001272898541595957,0.005580382535306683,0.005137896660144747,0.010402298972577384,-0.0025760895993069965
505,-0.012534471951635595,-0.009019001173268038,0.005638870949199237,0.002481022065229155,0.004858650091772887,0.0015477237220897777,-0.005935289809363198,-0.0018577398440466908,-0.004253432270627577,0.0072141241798018285,-0.0031682464955409273,0.00039856759182299584,0.0014698516209854517,0.005051172601476139
506,0.006750829774219369,0.009075525700918519,-0.013423047815911637,0.0014291002639961192,0.0032849297297659064,-0.00047306897015086946,0.014762364549513407,0.001962420645464036,0.00791255805765445,-0.006218683388985902,-0.004738700791664385,0.0004552271884499248,0.0009315939653866678,-0.0051795822912676925
507,-0.0032137645664107595,-0.0030295690507031736,0.009555767930630843,-0.0017451866943378747,-0.0031274474816598286,-0.004079167730762556,-0.001908553415535863,-0.002806520489277986,-0.004472735215306223,-0.006421204983626971,-0.002799454725753492,0.004716909444331563,-0.00955608723268675,-0.007153333025001984
508,-0.008020687187752173,-0.010137368764825183,-0.003919529301639635,-0.0023816546354531454,0.005820964882056856,0.008934313410143169,-0.010972247662515144,0.011607417404652765,0.005085322736772646,-0.00026004047937533414,-0.006242486054732765,0.004448460225077611,-0.00549858609120335,0.0012112436493332268
509,0.0005464157186221286,-0.003461132244641618,-0.004398631847047696,0.006962515798138114,0.0056815603192017505,0.005348478579596971,0.006988144296363075,0.008352394871156577,-7.662669802854793e-05,0.012157983539609951,0.015336298959390149,-0.0020005933271978193,-0.0006205935547747288,0.013637654556442058
510,0.00871850758984749,0.01042614558728161,-0.007722196819448968,0.005433209322779575,-0.0015116662669178993,-0.003235498043117957,0.006972097222172735,-0.004428767447945958,-0.001350635969291858,-0.0047594293544372945,-0.0014756262801203235,0.006813834696606236,-0.003035537583686576,-0.007564361195909086
511,-0.0027132256911492902,-0.00649140989025021,-0.007197128444807355,0.0006256965479511933,-0.001135764637774983,-0.0008282360735725192,-0.0006692106716492674,-0.00041510609452899416,0.0,-0.00640695426369664,0.0010367504383843595,-0.0021019820052821103,-0.002823762238788774,-0.00828893538070652
512,0.003780744697834848,0.01038989350754349,-0.004570688775286769,-0.0025049774655290236,0.0022476221834910604,0.001983687012658386,0.004538167952306438,0.0006318830165721323,-0.019844326110778354,0.004378036445983113,-0.0011198565076995237,-0.002283156070021164,-0.00364154432690178,0.005090291130724012
513,-0.0009083033250121275,-0.002169053096450213,0.004556409203207323,0.0015334242448563629,-0.0011397092802845066,-0.00045827163811384963,0.0071575152326968094,-0.0007755516832030906,0.0043980140904871234,-0.0026763478433009524,0.0016019697493323548,0.0038171403310940377,0.000939662860416135,-0.004882020347444893
514,-0.0049328523305582905,-0.00802365315968423,0.0,0.0,0.0,0.0,0.0,0.0,0.0,0.0,0.0015889349347766313,0.0,0.0,0.0
515,0.007677592423968704,0.001482716676900253,-0.002814265840559216,0.0,-0.0003171541975586223,-0.0010589757000589728,0.0,-0.0034124389329424076,-0.005423298512235775,0.0,-0.002028730278381019,0.0,-0.002232465173209519,0.0
516,-0.009219896766596847,-0.01008720071678404,0.00434902316820196,3.2901747943014925e-05,0.0011344732026294935,0.0007906283102423473,0.0006641375204790023,0.00044536395726169076,0.0038362772313060844,0.0009216923222377105,0.0008087296158869606,-0.0023848061957334465,0.0039912458751594215,-0.0009065795200626781
517,0.00626950448082475,0.005739053520173343,-0.0015585570675771265,0.0029939478380693885,0.0025481439955434837,0.0018323190029194691,0.008948752839136986,0.0015580567607038631,0.012569114655169855,-0.004742565742215099,-0.005568673360167864,0.0038249272144046387,0.002188317002334017,-0.00731077861023266
518,0.003267063117434077,0.006036113617817307,0.0032521744774118844,-0.0037850158129870692,-0.004773893920456018,-0.005196632292747694,0.0018546943985455755,-0.006752088270783219,0.0,-0.004183922682637231,-0.0008360688581348086,-0.0012435817146556616,0.0011231441863817082,-0.005790942712714298
519,0.012367018311365996,0.012386158402851066,0.0,-0.0006267801035360065,0.004230213402422578,0.008269078218397397,0.01972978613657439,0.014882748801404944,0.004915946127247217,-0.002074321683510405,0.0,0.0,0.008013871528955718,0.0
520,0.0061874963644559244,0.00910584334586595,0.020283558114187805,0.0015002183672141456,0.003966899198768914,0.006378433243936499,0.0014944818344986288,0.008332636701785745,0.002698429068921371,0.007453314617729134,0.0,0.00318969463799057,0.00985709215478181,0.0016880691354970168
521,0.004915627490841956,0.00539741510804248,0.02051762960463588,0.0011031399040071221,0.006098332813957441,0.004020542855326603,0.005727213382167307,0.0017506878534643278,-0.008031902460138518,0.012699305424130003,0.032048140768740296,0.0022041023550762873,0.01058948975406615,0.01666997277201432
522,0.0017823906585565652,0.0001322511699601847,0.004453942510144415,0.007410186439081201,0.00876455477531124,0.007009145888585699,0.002539683985350649,0.00825218728355459,0.01251433892607512,0.009568169682676597,0.008818160898984573,0.0014260928121920813,-0.003350200374239165,0.010799226326122735
523,0.005213768886822123,0.003508850768852767,0.0,0.0013221737298625413,-0.0005088742046375216,0.0016609637672972966,0.002751028670401112,0.002914532733845121,0.006290437287509221,0.002192283144017537,0.0,-0.003562503858157484,0.006492791164397715,0.0024418536186328055
524,0.0012955229135993562,0.005639165836480942,0.008112290139391298,0.0008804524337691078,0.0040577602279796565,0.0013020835172978806,0.0036142556437823714,0.0008644584408550315,-0.0012143099932053758,0.006342524197059163,0.0056958970706517675,0.0009194060654635905,0.003544205004430978,0.0017736935618675176
525,0.002321355899921329,-0.000874823565483851,0.0030868808083504007,-0.006392763953940062,-0.0006568789252821006,-0.0011128458115203799,0.0020072621877016417,-0.0013983586964876338,-0.0041836477572552155,-0.0038831957301059816,-0.0025941813065379904,-0.00813548311673884,-0.0011923043694928026,-0.003605860284400464
526,0.0010255279316844224,0.002368447172944599,0.006332157006233352,-0.004784517393964904,0.008071658499254397,0.007009025768881294,0.0015007829403188566,0.008104262147179853,-0.004747761611703538,-0.0036913219701091293,-0.0032746040268776255,-0.013777842154508946,-0.0022095490405789064,-0.00404995584903034
527,0.001049255211684752,-0.00019278995449489855,0.0070661340122546434,0.00041193965827446277,0.008893333575271,0.006726926399094779,0.00934389495392729,0.006810061387406918,0.0034147090253382473,0.0038319634821650794,-0.002390385235919723,-0.0009811342947276813,0.0022408250710732602,0.004819786920732483
528,-0.005396042785255517,-0.013573736256121904,-0.0003757163790316653,0.001152529086917653,0.0,0.0,-0.0023479937050083777,0.0,0.002923937859695691,-0.0002719171411067478,0.002578098161222897,-0.003765656557932928,0.004491978918084172,-0.0002214845795265319
529,0.0076254624705942575,0.007001810054726221,-0.001610887046941123,-0.00470076812420217,-0.00040042129184847397,-0.0035307132616031467,0.01789574882963585,-0.005159937189423758,0.007167523425070321,0.0012649994437659018,0.009941182480396549,0.004758863998883811,0.003894682237579161,0.0028200751014964
530,0.0023475067831686403,-0.007310525453886996,0.008818827441673172,-0.005437547503595042,0.012437081236758019,0.009371006206502663,0.002462434222694654,0.010272779947747779,-0.0025053996558854763,-0.001283770863501843,-0.0034910299200916484,0.005696085601117673,-0.002340640814336936,-0.00255155586451572
531,0.008695288468194562,0.0014091743512310018,0.008558976010589525,-0.0001994459111873681,-0.0037534419107103645,-0.0016176974974735359,0.004321932985394739,-0.0003055954673882866,0.00015110666737694345,0.0012276410634965984,-0.004407604736501369,-0.0030174419118011997,-0.005833008743454826,0.002247783994446806
532,0.0037658602170314026,-0.0020906030860050606,-0.004860558659252945,-0.0014642265835629331,0.002069904420505253,0.004375647986989861,0.004130410296035336,0.005512437935738745,0.0017672320955073317,0.005584710068911036,0.0018789184891669919,0.0020878381592233097,0.008215940946497469,0.007747008152474422
533,0.0038625345677179013,0.019011320772554186,0.009697712269807646,-0.002317095593678431,0.005465263611386106,0.00803436438221361,0.004285332841170941,0.009719001025395357,-0.007227655840274849,0.003189197984619696,0.0003472813499385552,0.005461609475938545,0.005356862973874499,0.004432379434797795
534,0.012810525508159643,0.003656021754595784,0.0,0.007498658955235271,-0.0001445506099173599,0.0021720049682221187,0.016450317778060608,0.007029774680555434,0.013690221311121853,-0.0008357579717950259,0.012841946507109014,-0.003332393280457424,0.006325543629072783,0.0019107175353738626
535,0.0036476989072422583,0.004517637155627696,-0.0007020180343868532,0.0029276623914356037,0.0015747729885795536,-0.0005601325472319729,0.000849672122280154,-0.006081217525638394,0.0005517291421277548,-0.008125538970191748,-0.007630177952652417,0.0019793462831305675,0.004765777503395796,-0.007947558361561136
536,-0.0031397215144917112,-0.004750496992850017,0.005636488941456186,-0.0007765901629745997,0.005344116324472736,0.0006024393988326437,-0.009273885234772905,-0.0005260818168331127,0.009501596144546376,-0.0032085457962187647,-0.011396364748685883,0.005473930665015558,-0.010197968177159566,-0.0035939551145638404
537,0.0027642627127040242,0.0004552727563424952,-0.010733998146147172,0.0,0.0084484179960711,0.011771638106083948,0.015185908920699376,0.012685067344250456,0.004878364244539135,0.007694622228677339,-0.0015902026539933445,-0.0069971691474304265,-0.0015351288217289039,0.004743359743489606
538,-0.009921642006714748,-0.01790493820002048,-0.004799624093099197,0.004189542563619142,-0.006680883918120273,-0.006754736284862339,-0.005663282043011364,-0.005244404252838564,0.009058696520637177,-0.0023246071355940146,-0.00010753068116464704,0.0019436165003963168,0.00277992450685538,-0.0011987939288999883
539,-0.009982080717490405,-0.006534169628013231,-0.0017131346711014572,-0.008695579568472667,-0.013808859899185677,-0.010958642805337426,-0.010967889161561217,-0.008612579878180426,-0.01178889540905459,-0.007505429562850274,-0.014380457433901483,-0.003489654586791957,-0.0079514405118708,-0.010011418806474381
540,-0.00205946063484852,-0.010615895314305845,0.004214074133354728,0.002470942034950241,0.0027763817310244576,0.0004888658586947869,0.00854978429596187,0.0012150702622424348,-0.0004986285441042071,0.0010353199412236336,-0.00835014793936395,0.017135978907221627,-0.004165066680215546,0.0007039980802918677
541,-0.00977315549809532,-0.026821419897407495,0.005478473630834202,0.008641340910639173,0.0014261787833458328,-0.000648298352023069,-0.007483083428208914,-0.0034628038632558145,0.0008101570550236303,-0.0035150892911959275,0.016650607735522627,-0.006910768439077231,0.0037394702375443956,-0.008888757777286926
542,0.004371389451957697,0.005582570534606646,-0.00904374654666018,0.005126294596268011,-0.02575195390504703,-0.021436680516699447,-0.0012356885799444939,-0.019814902727970818,-0.016942195594677578,-0.014980377733098571,-0.009049556553080151,0.003740658249549611,-0.004920114202993986,-0.015229947912754227
543,0.00731443793650044,-0.008171437554475247,-0.0021892219142909397,-0.015674150499734196,-0.04714281575104451,-0.041842540938381134,-0.010997029534147273,-0.038491684997804754,-0.013410188843677062,-0.01524716471868004,-0.02578441055158187,-0.020827877839208142,-0.01337302357199377,-0.012713593586626715
544,-0.03407808008030422,-0.04324634761957746,-0.017103113266884407,-0.03253381760303675,0.023023208289904673,0.017290573348937244,-0.05251951500775931,0.02106813455178269,-0.015547117823998313,-0.025703802997466774,-0.04840790158496944,0.0,-0.022223764501529075,-0.024398614991472556
545,-0.01838162462214399,-0.012668564265075233,0.007300428949465143,0.007429518371782962,-0.0007798207607514485,-0.005014138223752518,-0.008937251661965462,-0.009020464099426917,-0.023403756776604112,0.019789862010751946,0.0016242477903158914,-0.005731094185781771,-0.006659631133317134,0.01740335047774444
546,-0.01436875532141002,0.012184662643814903,-0.01222712095019407,0.002362506410086951,-0.04237794893342439,-0.038259052245801506,0.004214615272168487,-0.03975026748981847,0.004604356093479645,-0.020269227616590335,0.011277634495684197,-0.0021488489890781892,0.009450494601328074,-0.022606935972987685
547,-0.041370423771221354,-0.03645855415106958,-0.01361568119817047,-0.008986596826931148,0.013753810631110142,0.014825645199524118,-0.03148593111563791,0.01425933487898412,-0.018380946009140864,-0.013697461951726275,-0.023490767225492704,-0.01042081603305789,-0.01138216792171498,-0.015309216945144755
548,0.007725696670286553,0.028647106539171574,0.010413836077679761,-0.0029677094521218805,0.016821503033874308,0.013818665678186015,-0.0016208737703387044,0.01551218097790219,0.009100581312667444,0.011307447465018328,0.0,-0.0041247252357905495,0.002289187174611129,0.012625950438312827
549,0.009728291225380659,0.006831443976665241,0.013648823693206857,0.006029120354115847,0.0015913212114639919,0.0026095219802773073,0.012813120253424515,0.004508581526369682,0.004104143532887683,-0.006257186681438043,-0.006471905956486168,0.007806610595375574,0.008850018476147525,-0.0081441307707113
550,0.004448531423571822,0.006682684032238484,0.003247175412615988,-0.0025133947126878553,0.010216963140164737,0.013313439808896987,0.02240401448567475,0.018381411494061695,0.011060949805734133,0.009166478148801893,-0.004269450890520332,-0.007838904449332773,-0.0035817245632934203,0.008613130288567916
551,0.0,0.0,0.0033160927774291693,0.01154032374230951,0.012252309927855976,0.011996861776776058,0.01946581212014209,0.015668329507535717,0.0,0.007766582776568498,0.014585746278990896,0.0005619944250128128,0.011875016786254022,0.005858415148852103
552,0.0,0.0,-0.00450368477294294,-0.0008465250653664214,0.0007541377992179576,0.00037339964992089136,0.0,-0.0023399676072681785,0.0,0.011327380411772836,0.01182221336378042,0.007657256296676351,0.0,0.01090615903611969
553,0.0,0.0,-0.00015524741152894705,0.00634838651079761,0.0,0.0,0.0,0.0,0.008629652642686558,-0.00449590643360942,0.019556867139037593,-0.0012388809060954742,0.012802765330278021,-0.0055628965437559685
554,0.0,0.0,0.00671828419346987,-0.00011785319811785655,-0.010147950764004321,-0.005858517106837269,-0.007801378254288949,-0.0007130350704702693,-0.011404113809658334,0.004887626385035482,-0.010169790832517123,-0.002094546607532166,-0.003259389871331564,0.00797623899871347
555,0.0,0.0,0.021872391508342304,0.00047124732806658187,-0.006710725202060175,-0.005511664483310419,0.017920553186813848,-0.002225226114822121,0.005998150029879135,0.002200436032505415,0.0020826976299339606,0.012516562362895556,0.011354709058077006,-0.00143335611427986
556,0.02146129748104464,0.02152961625830052,0.007085923358426172,0.0012105842737728523,0.006619811637248674,0.0009730774855780666,-0.014943518181260274,-0.0011283555786931743,-0.0063460557215249125,0.00036138158323772984,-0.010724689390084308,0.008090133051270598,-0.00792902048589994,0.0005333833257594733
557,0.006241601566916444,0.0003610987002939936,0.0,0.008183650573293733,0.013825272398388933,0.015901278245120665,0.009689178462076953,0.017501799981989308,0.015307130171478,0.0026234004228751218,0.007166780309109555,0.004205532865899642,0.012749261284406899,0.00275552357621045
558,0.012253518589673718,0.021595207632826074,0.006968008362744804,0.007042113577361064,0.015652420304428816,0.011688438620627295,0.007374425201222223,0.011392585865809934,0.0024973207674046094,0.00609802292221584,0.011844534490089487,0.00466410698453501,0.006384533826336636,0.006291433784982203
559,-0.0113283865139433,-0.008112220779052493,-0.004800818583780675,0.002429885552690081,-0.011707658723050685,-0.01278831144146686,-0.007326765023899284,-0.01235252100109463,-0.0006146008991745333,-0.0008813592394112391,0.01060674541129103,0.002377070295679573,-0.004357301771111821,-0.0014881511536923853
560,-0.009970402528777456,0.001959699650116775,-0.019441378715749913,-0.006775515268497401,-0.01510083822442887,-0.011157806083656574,-0.013650715204475361,-0.007853073163015978,-0.011786676909288474,-0.0036303224427092218,-0.014468668437951138,0.0016063429886941094,-0.006361285857916954,-0.0055299824950783005
561,0.004392037130623194,0.010509062306500283,0.00047874879679632443,-0.007123080839164686,-0.016931676047811095,-0.013413965854875975,0.006447998275669775,-0.012792821286838674,0.0,-0.009673771228017713,-0.015700174085175433,-0.003722110625924202,-0.0011632441209012967,-0.011640772317553782
562,-0.005890327472760859,-0.007970931813497728,-0.003950442473171556,-0.0074608239472375715,-0.0028860321856551963,0.005058785485198669,-0.014954618617080584,0.010709030898665262,-0.010435995263685882,-0.020093712734492897,-0.02530450914067295,-0.006528748471767543,-0.009909961981362514,-0.022133833106819267
563,0.0007365326668207217,0.0017881310854779287,0.008998875906464754,0.005147903079489424,0.013628221494840886,0.010971617610525897,-0.023055773693307913,0.009985954582790058,-0.011345571012750355,0.008072110288907197,-0.006610088110145185,-0.001036904262022631,-0.01173501706740332,0.009152682967359382
564,0.009994958040856261,0.012088729224526418,-0.002692463252675026,0.0004864832660391727,0.00037618914718784424,0.0026353829319969435,0.02067522665221766,0.00561799640889582,0.015188877217404695,0.0029570360118489347,0.01769576333349754,0.005760076892299182,0.015384354634813135,0.0007567320158852198
565,-0.005478834529970555,-0.009397289491831273,-0.005262807311792628,-0.010181791685916153,-0.0033313493050979304,-0.00048399182571667865,-0.01033851054956969,0.0033368173057493067,-0.0039847904539422885,0.0033829095123518726,-0.007735553181694499,-0.005215556308691305,-0.011877511768769722,0.005790472727989382
566,0.005103013623543262,0.010407859418368304,0.0,0.006905936771190113,0.003776987968420187,0.004453148208884983,0.015040177832199575,0.004222756671200756,0.012931164827639563,0.013213813693549348,0.005412846090411705,0.008935969174268976,0.008584511674746054,0.010579343382014272
567,0.005688683345654866,0.015830875929655264,0.008890050678960648,0.003410069203885868,0.01754060321155748,0.017229546741207358,0.011084861522267175,0.017728396583814643,0.010779751271190463,0.004065177515116147,0.004721547158764494,0.0037387484596216325,0.001472902816214372,0.0021247303628904035
568,0.005888879397321745,0.011665499609136987,0.002730229756540581,0.0055019916772725,-0.006221256628645477,-0.0012747973379978461,0.01911270739418036,0.003631864810273555,0.009980791399665456,0.0020168310382624455,0.01639231056330992,0.008779036893097114,0.015548772914145914,0.0026101957239550444
569,-0.004960117063999903,-0.007520412706407242,0.0005907948731724844,-0.00357535413114185,-0.00683784250633046,-0.006383910414315075,0.00022530430779887922,-0.01024028698970092,0.0041657763188602814,-0.008238054757532254,0.006579759233924065,0.0010803973300994585,0.003817369142613103,-0.009412895788257103
570,-0.005712834654174159,-0.00909532127213808,-0.019214321006085555,-0.006616378565752257,-0.010003475916590787,-0.005740969825188458,-0.0052807483982508785,-0.001892308334559445,-0.0033770913717461326,-0.002914579409212692,-0.008723742674693113,-0.004792428180644848,-0.004037728856769007,-0.0018767853018317737
571,-8.204170809200662e-05,0.002153998108212818,-0.0012093947296776264,-0.0024459995626031628,0.004655937223457585,-0.0007822363990968029,0.003369212393723231,-0.0020121879632792883,0.002530826038371181,0.005343484180831304,0.0012234695766792925,0.004106547489728385,-0.006144132091097987,0.006803708422168597
572,-0.006471596867507756,-0.010131248589464903,0.009682436619618429,0.004818815808604882,0.0029245047301582616,0.0017019979472321367,-0.0012413390109529132,3.341412765323071e-05,0.0006377763258633706,0.0029670157192294155,-0.005861935270576879,0.0011508221279079578,-0.0015903819472722347,0.006792675427224282
573,0.0028614101933133185,0.001570569237083319,-0.005629047256690889,0.0016794307595073832,-0.013544076351989176,-0.014306040541374188,0.000374162532112976,-0.018582466273707965,-0.007623277572835541,-0.010035881677397995,-0.009064988551937603,0.0017726283888030991,-0.0039512188751569255,-0.012473428316514656
574,0.0034667087756279358,0.0008407374590415628,0.004137407174555463,-0.0038669158926012415,0.004716817339867063,0.0014807086617194543,0.0011470919686029646,0.0027276103129096896,0.0042293720526283,0.005694181601577419,-0.0046628794315122235,-0.0005853875408998732,0.0042843408914201575,0.005080183975987751
575,-0.0029484470731340195,-0.008817526100093787,0.007903537525397297,0.0023387330414657015,-0.0018198493778758262,-0.001845692125629128,-0.004301168887778317,-0.0025846779427443067,-0.00022132579743683323,-0.0015230932929481966,0.0,0.014172396034201284,-0.0006207401214730623,-0.0032408202219613713
576,-0.005339490316764284,-0.009452093151081087,-0.010271899128481365,-0.0022039309657042594,-0.029789082851014115,-0.02548488697285478,-0.010993648856432614,-0.024616765349245284,0.004436895869066149,-0.013486422575265777,0.009821116478326175,-0.0008693620690145565,-0.005643646718148432,-0.015661394872495293
577,-0.03451553217099068,-0.041029783448157886,-0.00010061950433204458,-0.01981711168507161,-0.017885575122933872,-0.021189807311750464,-0.024822307383239206,-0.024580085067823276,-0.03226966693738742,-0.013379642806198078,-0.046164763281542065,-0.009984702072797447,-0.020247373040366057,-0.015082414191466498
578,-0.006057161367566621,0.011844260687823294,0.0,-0.005201919337505245,0.028047892373448846,0.02679504070603489,0.007870172345063153,0.032067301372975976,0.008372829224525091,-0.00537416569281568,0.00716417046858453,-0.009788999403983922,-0.0026134424708530446,-0.00588437623089888
579,0.010452496376583298,0.019806647501676267,0.0,0.0071927565821958694,-0.01435257443888105,-0.017427285645321255,0.007892513317555583,-0.02976181025483804,0.006127878083176164,0.011068938598367772,0.02619807186813894,0.0089383819494806,0.007849101053148289,0.011592577875406462
580,-0.014107188074060417,-0.013549435328815918,0.0,-0.007365468154301169,-0.0003895103449007564,-0.0029209188994627766,-0.025268844531666446,-0.008537078245364427,-0.013454386652559158,0.004828570311525837,-0.013507596749699147,-0.014209355642051946,-0.016584663129773247,0.00430193766342768
581,0.012173333846861922,0.011711198099719766,0.0,-0.005212646410758026,0.010622887399282632,0.013675777493843633,0.002357166185174009,0.016302769090529523,0.007035149916244876,0.004815261072599775,0.006056825734987115,-0.008261152438898023,0.013270375385229016,0.00903969399493576
582,0.002643515874476421,0.010426191564389953,0.0,0.0,0.0,0.0,0.0,0.0,0.0038834759457158086,0.0,0.01385599642214963,0.0,0.0,0.0
583,-0.0018060488211570913,-0.0014455896193901197,0.0,0.0,-0.01922345621801469,-0.022590682343496482,0.0,-0.02775203796376502,-0.0006912810447454731,0.0,-0.0030679895168930216,0.0,0.0008135731321523565,0.0
584,-0.008427570697076447,-0.00913214757679981,0.0,-0.0013030676271998942,0.016325443520889493,0.012535961315741417,0.002877511275672262,0.010304574212671724,-0.000708052280359972,-0.003247239018170589,-0.004512147054793303,0.0013045079632405532,-0.005439251296088798,-0.004343815592539713
585,-0.0017620291961666368,-0.0065051053651803414,-0.008758290131327229,0.0016502657478163485,0.009563327316698178,0.011500102346446717,-0.022159150316266363,0.014421657157893009,-0.014171948963138448,-0.0028897899410056382,0.001279537451065238,0.00814810233021035,-0.0214615945535801,-0.0019678661814417353
586,0.0,0.0,0.01343768992601202,0.004744498699068345,0.009880018270319368,0.006839421401651613,0.0,0.004878651447885574,0.012159668585142391,0.024898016320965333,0.015169352337965236,-0.00406750360959407,0.019554820475258694,0.026470048423338
587,0.0,0.0,-0.006562594921971865,-1.7207406607155917e-05,-0.0236379628994019,-0.02216406705706575,0.010991689380283276,-0.023077620539867283,-0.0032627019335844665,-0.0033619628959389303,-0.0036054235604865426,0.0034945244127442265,0.01076216317068912,-0.006390689662564952
588,0.0022914022741780116,-0.0029224782909871294,-0.08712978868169063,0.0034490522277312863,0.0019343794544450787,0.0033309949675937034,0.012805624888230227,0.005081704095747597,0.0059503708992654225,0.0010019187158363252,0.00512144668117287,0.007224927100834222,0.002164673829888386,0.0019786168765492107
589,0.01644253613083535,0.010480573497385848,0.03887341756976781,0.00828069980740409,0.017728346085608138,0.016588598996313486,0.016377462855151848,0.020501060422379425,0.0027212098202085144,0.008269509617431225,0.005339495489288026,0.0018482327868891701,0.0047481624948844114,0.00698316904817986
590,0.0055514016401527755,0.003963035792153846,0.00842436133996749,-0.0048435026638475875,-0.008994392016097308,-0.005540685772460918,0.005483720816009452,-0.0035683765155933855,-0.002663974144507364,-0.00483330895503542,-0.004931804004664642,-0.001896749453354829,0.00385254075187369,-0.005561025103677508
591,-0.008742392320831627,-0.00756149927492622,0.008132408948524628,-0.002267257646840548,0.012064517898075167,0.008216898697656738,-0.0021523652345241118,0.010024549074824307,-0.0006179789089681975,0.004920061883044724,-0.0012374596388173842,-0.005872620719657107,-0.003209360389854865,0.0070691264846374224
592,-0.006658884986954661,-0.003729422191266707,-0.015912977154910024,0.0023358644738333822,-0.00503285768806272,-0.0028907998267069246,-0.0007429774432665681,-0.004716838074624974,0.005047239192866648,0.0007711463188044831,0.00545413927106253,0.0012545113037862876,0.009380373742528647,0.001169485582012797
593,-0.015440620975475383,-0.006122346047840566,-0.014582907639865361,0.0020907101002798356,0.008701653243269547,0.0080763368015635,-0.016124662296737924,0.00695931119426163,0.0009851979586494863,-0.0010122368307410312,0.0026041520449062716,-0.0010011132443477067,-0.0011745699144061206,-0.002020590173968273
594,-0.0141976289002681,-0.021567219202315968,0.02192547149930668,3.427180399562246e-05,0.008654560713454273,0.010605071613866812,-0.008375232652861442,0.01729170024394122,-0.0015148745564781407,0.0077628510184482025,0.0005521834254835767,-0.007382346362128089,0.00028876439716718494,0.010657750757923523
595,0.007989981917511102,0.009191789714018128,0.022696070442083993,0.0034008530688396377,-0.0015569107616233424,0.0008310204075527849,0.007340911551525053,0.0019401496990543166,0.010624862428061377,0.003944707460863839,0.014116985061574994,0.0029879989366570214,0.01689948042577427,0.003725173872894061
596,0.008367899551691593,0.010166157317408775,-0.004892605224311453,0.003338349233914073,-0.003366718548759806,-0.005742581795832535,0.013909742176878126,-0.007868890021573094,0.0024647690691947943,-0.0005722082481947055,0.0014873026699806502,0.00042288006917523546,0.0114329830577784,-0.0012296099222997015
597,-0.014811583777303738,-0.018036084913813255,0.0009454466435050435,-0.0020766651176682416,-0.008221503335075653,-0.008573177188352155,-0.009492127768936598,-0.012782287752646226,-0.0039375998487027886,0.0015059409786504219,-0.0013049481768359072,-0.005966692479100644,-0.007069106220125576,0.0021773597481598017
598,-0.0011502482795595625,-0.007548957658642053,0.008176454738739736,0.0029264994511297715,-0.0005826835344411307,5.6230111184163434e-05,-0.005403748443020717,-0.002456059623153095,-0.0008968781638509782,0.0032802193319678707,-0.0033537072579541416,-0.002357587928605298,0.001722417653276409,0.005383032151817346
599,0.01966035215670736,0.021658861384141304,0.001234263154429982,0.006030049330004061,-0.017517835691982953,-0.013470888006475334,0.012541988231630441,-0.017155263282234046,-0.0040379601643811824,0.0015650503678799055,0.008568749193086589,-0.0018057182122355186,0.0014014378036151243,-0.0006207843089356402
600,-0.003506664141889715,-0.0009211336582382046,-0.00011981511220859886,0.0,0.0024818864999076595,0.001835374232824094,-0.010107292581484018,-0.0005152865730764233,-0.006240602443970289,-0.006007799884224951,-0.0028228372810659152,0.0,-0.004627729111659207,-0.007160483100717485
601,-0.013868803923697826,-0.024472339761086204,0.01432775963594679,-0.001825546137270706,0.0098545989574923,0.010380144187376317,-0.010622998520563698,0.01627801411689056,0.01089668885915529,0.006813048022038082,0.004683481207376161,-0.000795361486440882,0.0005631833462462765,0.005778149752092787
602,0.0023393214791269656,0.003138131648821485,0.006744412245635267,0.007214942009097669,-0.00045854746639051314,0.0011130052713639316,0.009056214075059188,0.00015726803845517168,0.006747157446196361,0.0037524994225099917,0.006620614157725413,0.010607604308836116,0.0020119525610002853,0.003629995371850825
603,0.0,0.0,0.0,0.004875908714643273,-0.006107954155510242,-0.00822119254892062,0.017279425082513455,-0.00754684558648222,0.009177776482895972,0.0034001675699499856,0.0,0.008708295521200782,0.010212647898182325,0.005028851359304198
604,0.0,0.0,0.0,0.005417627823751658,-0.002656308477813951,0.0025458021710269563,0.0,0.009076671592714192,0.0,0.0,0.001785852793103615,-0.0009017245324933754,0.0,0.0
605,-0.0003423208363937391,0.0017786496944012242,0.0021397699241862966,0.005801730078074385,-0.007249332065311975,-0.007231951201402076,-0.0027487472850378225,-0.004187910891095825,-0.0038915782502622065,-0.00021637668544727262,-0.0015673354178424859,0.006883640313974482,0.00037351181643252573,0.004871452317738445
606,0.006367465870326328,0.011131151907825654,-0.014125297277751692,0.007918650156861773,0.00021606552117781064,-0.00225621758506378,-0.013451389391219593,-0.001797160994872371,-0.007354578251619337,-0.004958940370952014,0.0,0.0061779760370068715,-0.011013967032550198,-0.006966069339297221
607,-0.0031738073685136925,-0.00310559110598696,0.006749129258561304,-0.005821794425125759,0.013793164487083232,0.012729810028334398,-0.012844465465972732,0.01699189975559179,-0.010455561831789417,0.004676834249990769,0.0,0.00029131937034421185,-0.008510034315095893,0.006065230326999682
608,0.014648437606609832,0.019030831499183165,0.003335878477067844,0.0035563364333999203,0.0039000822051438178,0.003451980554990186,0.0022616467071809865,0.0076809353548821235,0.0,0.002780613287604261,-0.00025007335224103144,0.004501333802695129,-0.0035375427971224838,0.0038229910196534433
609,0.007892217145107239,0.007620659314850897,0.00211774658713626,0.0012154501025101183,0.00011866878018018667,-0.00026567661173348966,0.013529034130300488,0.00023258032450534927,-0.004711626208879771,0.0007127141005254245,0.0018467381511833025,0.0007739738314000988,0.0029140130004812193,-0.0017719737100492239
610,-0.0007430075707883788,-0.001750683196524605,0.0,0.00263938345915804,0.007456798230959905,0.009635647934868707,0.004375864313823641,0.009996824993939057,-0.0023826444684278414,0.002957949361682921,-0.00444408534669094,0.0029324546022326814,0.0015144776770359414,0.0033279323474424416
611,0.004819787272790421,0.0038003391047247703,0.00473679975785668,0.001750300223820389,0.007994440577951067,0.009327011603848412,0.00890309800192135,0.008824823149733874,0.008223092982202473,0.0004578727499469082,0.00393260690640318,0.0020732554792566305,-0.0030905331094146504,0.0
612,-0.003518689798605479,-0.00893750491706058,0.013885512359358643,-0.0004086670025866823,0.0036973748945499096,0.0017061392709614154,0.01010289140975118,-0.00028232755347268323,0.005483787769626325,0.00027092907285997114,0.011547889661892796,0.004501541615500315,0.009167462636096246,-0.0011828500122970098
613,0.0033986277953967914,0.0034882905674944453,0.005256411197906097,0.003117924310981124,0.0027443990035251886,0.0008830995101263284,0.013373915593589913,0.0011394395223920384,-0.0006459070168753911,0.000513491940483668,0.0047070973468024135,0.004202444973994801,-0.0021618853261813342,6.169195987482112e-05
614,0.005681922805772288,0.007145925640095641,-0.008771780333724166,-0.006130926528955527,-0.007781384225804544,-0.006865655043990948,-0.012411436579006008,-0.008086495972408514,-0.007121130003808318,0.00024269131800291888,-0.0020943870084000338,-0.0005108704701370925,-0.006259615226944959,-0.0004067167139272243
615,-0.007090285224641946,-0.0043516716454270465,0.000581707458290559,0.0015076358813530533,0.002527302075126414,0.004052339847514297,-0.0013436745010828588,0.006328176283989961,0.0005205106164725137,0.0019392993838032169,-0.004426866091570503,-0.017756251132084344,-0.0020301568938076997,-0.00040407271309916837
616,-0.00483313716917344,-0.006169689710324278,-0.0063836348504917595,-0.0020817781879749475,-0.002220938144633422,-0.0008562387886099643,-0.005416369888358474,-0.0021419176233390402,-0.004633052982299546,0.009142490590306807,0.005318290547796423,0.005579643247429544,0.0010495221929005538,0.008198427720333967
617,0.012294598742627727,0.003474721276061743,0.0014750969469936592,-0.0011328309263216596,4.48875527361281e-05,-0.002635665254550723,0.003412155668300443,-0.0038177061586992522,0.004970351653843075,-0.0019217460776728146,0.004019790858464489,0.006251234291402952,-0.0021200003420798197,-0.005140975948698667
618,0.006410713635386145,0.00866047100152656,0.0024422616031554156,-0.00047649133198390814,0.01199326419540725,0.007359604547933607,0.005986937876436116,0.005383681667709084,0.0019975428141307816,0.004419902174475965,0.0031354472919957743,-0.00481796006192603,0.005357825868834709,0.0
619,0.00015867911557521097,4.272531059434925e-05,-0.0024722689381677654,-0.007026037941361807,-0.007177048364956917,-0.003140688592875307,0.0,-0.0021093361180177794,0.0,0.001150202777012943,-0.001828843839634331,-0.0002785313717517113,-0.0014242723927697654,0.003767626682135372
620,-0.014220434611868171,-0.01258982132719133,-0.013542858733853969,-0.0015569973363049883,0.002107768445096525,0.0032431452068992783,-0.018375608293176526,0.006417024543699412,0.0025680497983939787,-0.010799470539075706,-0.011855522635642046,-0.007000834348247054,-0.013327918183945187,-0.012745153622889305
621,-0.00452692230233076,-0.006321295846056785,-0.0006798263140757044,0.0007622618548683846,-0.003020241340074392,-0.002025262957722873,0.003085648686125708,-0.00020602625891719129,-0.002389631765858269,-0.003202957549301111,-0.011201033139224492,0.004379272339447127,0.009295161467548496,-0.005679871198893238
622,-0.004240158263964844,-0.011032637038123738,0.005460220053086218,-0.0007125648407182439,-0.002367401484685061,-0.002360003054185711,-0.005619426392637905,0.001267969504372246,-0.0021149436724963167,-0.0004290520202570036,0.0006139439967007831,0.0055291091717943885,-0.004456016297735843,-0.001818898640815192
623,-0.0019823351477405993,0.0016563625661536463,0.002039894094065353,-0.004785301759984151,0.0,0.0,0.006654299851673429,0.0,0.007352581455168483,-0.0049478328053789156,0.0013487433234917745,0.0007868505181569674,0.0014932359282955332,-0.00935137275992659
624,-0.0046746127228427525,-0.011191312181223267,-0.005762316873183515,0.0015976733491385176,-0.0159483905836435,-0.011631572511792143,-0.010042367525795015,-0.005024845176855308,-0.008796263162132334,-0.012909787672782613,-0.005471087268356101,-0.001080934197768002,0.0,-0.015772787317557047
625,-0.025648615549497933,-0.02378815878729057,-0.00017403705120599966,-0.004817342044713513,0.012495977338216946,0.012615875351923656,-0.014132423555484053,0.008864742632690437,-0.019818649448010817,0.0010442245837989361,-0.015319521054809826,0.0013885901229606645,-0.0214100183369883,0.0037995160643227166
626,0.017608972034043546,0.018620834010938836,0.002295320269497303,0.004534577033059151,-0.01026581454776121,-0.006903333243434062,0.013606789225420357,-0.0027280344628621833,0.00578638395479647,-0.0046408859448421325,0.008290385454259308,0.001263062314929897,-0.004589566111803833,-0.010087949709403077
627,-0.006591642728189129,-0.012351083897380377,-0.00327944366615629,-0.003582650549745381,0.008944662870860043,0.010790799709239352,0.0007988524682573939,0.01496514890387779,0.0065611299478618434,0.010157340914976665,-0.0013733843206651386,-0.0026169367904191887,-0.00019543529035104257,0.01367042818204034
628,0.005206985960029442,0.0034329480212100805,0.012253856446267086,0.005842291926354548,0.007218736483913801,0.004469594898352192,0.016427853495358136,0.006876961968936612,0.003601621698602564,0.0049698703842127046,0.013644482146032644,0.0,0.011594046835577743,0.004630883431071098
629,0.00741781463847957,0.017610011818042892,-0.0023309203862913463,-0.005091372001981398,-0.0005526293356439282,0.000702346269576104,0.003075104751557589,0.004119560218171614,0.0024482213570422573,-0.0018420625979178595,0.002825679245875179,0.013899895095358161,0.004511802792784181,-0.0036902625915793408
630,0.0003126718951751428,-0.001973959110090462,-0.0011999230294064134,0.005025001474264101,0.013871506709916659,0.008530900637311767,0.005313360350314156,0.006704538135993587,0.0,-0.002835394144560688,0.0038167163298723494,0.006421033142698818,-0.004416614812644326,0.0011651508802064114
631,-0.0018252860336627208,-0.004959682077078753,0.0002677812850171435,0.005330031040555738,0.0037715336811778855,-0.000714443621984806,0.008077923827865874,-0.007069895556034211,0.00683142653549762,-0.0025501805794920784,0.008692406128133712,0.009718304120625021,0.0015185431378839098,-0.00030345644601048605
632,-0.013713504468297444,-0.010558856386202464,-0.02100873586737073,-0.0019995229756286648,0.0029716082860797854,0.0031210289077518993,-0.017750184328047425,0.0013664328593385733,-0.007720225984698459,0.0001513382791475948,-0.0056575767232356355,0.004364927900439852,-0.01062611505185096,-0.0036107884032201554
633,-0.004694502873174855,-0.002960625697058461,0.001682975965159983,0.0,0.00022833264122645858,0.0010681370069400842,0.003401648956092629,0.0018843515088011742,0.007546091480672423,0.006494001857733522,0.004815067753579427,0.002386755519179218,0.0015468970128917903,0.009504171647154891
634,0.008811689676395673,0.013658185922148292,0.0,0.0015206632830491174,-6.24006020881751e-05,0.0017418672787039569,0.0012663144591495978,0.005709552350184666,-0.0005344521562689053,-0.0022197116303024345,0.0032533593176484743,-0.00011161574373552696,-0.003201222744205978,-0.0013341077183781636
635,-0.009790239746624962,-0.0150054126285184,-0.0004446962946520472,-0.005116778580799064,-0.004731864905798133,-0.004034254541411819,-0.012224674039011063,-0.0010506639338156987,0.0,0.0013361600698074128,0.003840413382125263,0.002062877305338162,-0.011191326768283716,0.0011444718078816862
636,-0.0018500979282549679,-0.00765307101420909,-0.007625677738595016,-0.0011461537766503938,-0.0010278073758787087,0.0024685005225038026,-0.009318435003327963,0.008454594172810914,-0.018539870167367134,0.010801963009136273,-0.009967111636388637,9.69193515896194e-05,-0.010602783289471063,0.01357300335170919
637,-0.007338908683930612,-0.014085937694181538,-0.007103087367209326,0.01278234861539751,-0.003375264049202187,-0.0010176203154941277,-0.004302242637391984,-0.0018907285275293617,-0.008053843964396457,-0.00520409486461304,0.004963367642606187,-0.00027065801828562996,0.0,-0.00628263702535925
638,0.0,0.0,-0.006712880961496026,0.0016560119827815356,-0.004113982641056779,-0.0021283911808867018,0.0,8.389403727981914e-05,-0.011631269327797789,-0.008187043103523806,-0.007529668378019494,-0.00016930728769004588,-0.009786357623703168,-0.011007550571587643
639,-0.038481708747750254,-0.054603216023956236,-0.0005131151574833126,-0.0003277023129069079,-0.011562743787377983,-0.00403151795139145,-0.028150840200030558,-0.002771341329731669,-0.015321419674158676,-0.009462573654333895,-0.01787682131175039,-0.012444776354538334,-0.006849417059299867,-0.00908440928623655
640,0.0027161907648221018,0.009154215111395914,0.015566420109488277,0.011487168584547902,-0.0017184714379734345,0.001710690224112632,0.007708046302459692,0.007212201595004686,0.010119007856571827,-0.0018289796252002333,0.012354610181741776,0.0047892186981215445,0.004397545244623657,0.0012509416274415486
641,-0.013786151423788695,-0.019626593741799425,-0.0045889002699519565,0.009593211504741461,-0.007984715006511323,-0.006365728843220175,-0.013565357317560256,-0.008849616950286077,-0.011093808468373823,-0.006706083145402886,0.006082406898938686,0.010387411579793948,-0.004806582079543986,-0.01054795902361505
642,0.0048390629991796885,0.009961391806220021,0.0016638377811251104,-0.001107768599469594,0.004860740075331549,0.0018602032551342518,0.0014547156770010616,-0.002613356232782138,0.008259764055277508,0.012382089655866402,-0.00779519516436622,6.554492960830771e-05,-0.0038255193883731664,0.011129252983840487
643,-0.010584048886357778,-0.009086953662887254,-0.005808786432250024,-0.0023803113385092445,-0.013437230359722108,-0.013819722967770787,-0.012943851809048113,-0.021125496113384656,0.000279914374747392,-0.019172023113291026,-0.007967036469665345,-0.00034784959030709217,-0.008112091231300411,-0.021258223982238533
644,-0.005199270624294705,0.0015580737101981157,-0.002515791684711388,-0.002063154292038405,0.0012489143643144018,0.0022021505056963875,-0.0027657823545954585,0.003924852573787163,-0.0029561528604675757,0.0008307432292120609,0.00017231855089505643,-0.0007161587485384757,0.0061238089932071915,-0.00014544236589131287
645,-0.011075340053696259,-0.01844761421127572,0.010065605537129763,-0.0002743688745177053,-0.0068395779056551476,-0.008641586313141048,-0.018349994008470816,-0.015533337880730969,-0.0037886205069934675,0.008806003768047077,-0.0031483789646085114,0.0007472042222360642,-0.00798704820347318,0.00839808145266474
646,-0.009386016804682207,-0.010628169750523497,-0.001483211477837365,0.00314230037984764,0.004074225422519007,0.006159680019031555,0.004962249910608563,0.007840168258907099,-0.011936751485426278,-0.007975950100338913,-6.191465549143516e-05,0.0002523444029325361,0.000859921000095909,-0.009348434103404912
647,0.021483827055604365,0.03336021932667599,0.020100910514013748,-0.003352107036926455,0.0022834521743959613,0.0007581158875167304,0.01593661935259405,0.000881795412514208,0.005124556414044079,0.007995111212814265,0.0015308681338304098,-0.00620450153041574,0.003410797766314033,0.008898015733613818
648,-0.025561201499337827,-0.021517812119308033,0.010123072962656465,-0.00271577114013688,0.001472646193702687,0.0030632608342937573,0.0,0.007612475513036898,-0.023747859327863274,-0.008651320882266944,-0.022331836173362873,-7.381986231536075e-05,-0.009146239717573224,-0.006912200444457284
649,0.004074133126292345,0.004536677246528953,-0.007643538303791608,0.005230943575288194,-0.0054601585676881115,-0.004959629280533839,-0.014244909448747123,-0.008628914446621394,0.0005369234950709512,0.007502056511093258,-0.0012106495620027857,0.012349540076192156,-0.000939031500159615,0.010070122703918827
650,-0.010011584967756448,-0.020381846608177767,0.0010465949833760035,-0.004324866791140636,0.0,0.0,-0.010703224547485846,0.0,-0.0032171446829609707,0.00010538377159274859,-0.003149241243441736,-0.0030919699970848313,0.0027743519802996275,0.0016690037734150565
651,-0.009191347961881924,-0.019367509389946136,0.018405500652616702,0.005177906044554703,0.0074970090346919704,0.00858385674553741,-0.002111879836316888,0.011102201418500712,-0.003497635493218354,0.006122744493982424,-0.007861020185933043,0.004114220142355407,0.0036360531710126764,0.008431424110693087
652,0.004870162273427958,0.0055318785915066115,-0.000630924531378696,0.009096910148334914,0.004086613083373436,0.00844551760058021,0.004726901246169035,0.01335026837691089,0.006763225570468379,0.00343176042515303,0.011129671243820027,0.002335434857380747,-0.020126162905345524,0.0021975964567477746
653,0.02440860663385447,0.027589270070116356,0.011779195529608266,0.0021818559774082757,0.013004018800785389,0.00878429078534193,0.013082780103559344,0.008781132145536219,0.005672692185610728,0.005036046459939492,0.012045635306662916,-0.0024677660942984403,0.011525458144191703,0.003459280440479162
654,0.0044357613320844536,0.004879637811823656,-0.003376713306882273,-0.004448298105399928,0.005757806987828573,0.003467249318822141,-0.00021788106394815543,0.00038671255163968965,0.003650631288024009,0.005799545530713601,0.0065407680835782855,-0.004282185389600457,0.014149216617850513,0.003712314971856756
655,-0.017788330573111466,-0.019925681785792904,-0.01234563450484405,-0.006814363628057762,-0.008835625974137784,-0.007119486371916395,-0.013003690290826597,-0.005504130561746479,-0.005919337922138723,-0.011642544925046572,-0.011995841840242605,-0.002390109597506296,-0.007894079809178223,-0.014780568510508019
656,0.021330587643659804,0.027304987198464303,-0.006049485462345849,0.008442877704720075,0.009045497211303655,0.008710991580171523,0.005956457874368937,0.013810567038781585,0.0019449206404722474,0.008568016582477078,0.011593466376266903,-0.001770172957957783,0.0012088211839742513,0.0067386484967464355
657,-0.002284366073008748,0.005737321598164868,0.010440247041167083,1.5968741150729215e-05,0.0037850021970040615,0.0010786555366086858,0.0015650694028028767,0.0002632679593475018,0.01124470893670182,0.003966034166077215,0.018282783811923053,0.004299999272742383,0.0022538569576351364,0.0026231926467730204
658,-0.006073146515708672,-0.0010308135570937793,-0.005234372582747504,-0.004300584978819799,0.0017949619702797293,-0.0010286646208985673,0.0004984028247303485,-0.0025921399100496956,-0.0038630547865752263,-0.0032223594458136162,0.0,-0.004874442085005981,-0.008489027964792228,-0.0015817678212926012
659,-0.005671982158631295,-0.003461829559006091,-0.01001494258979907,-0.006090753663940518,0.0022130956491359655,0.0039658243434432805,-0.012622593993922848,0.006308737607945147,-0.0017696300576703905,0.0017862581343299766,0.0044159651486701534,-0.00015812752680766096,0.0021166257944251754,0.00243823309108393
660,-0.0038919121905864884,-0.009731497287168267,-0.007008688719392531,0.006667387451816609,0.0031557948236606848,0.002158182076737347,-0.002282800043929001,-8.659386757337018e-05,-0.0034044336878107373,0.005899985167856947,0.0042570643055110935,-0.0036585880377568714,0.0002654595243889446,0.007945237332899424
661,-0.00529234405729806,-0.005065437349227153,-0.011099501246021326,0.002814261318563993,-0.00536327993221164,-0.003960826849048971,-0.003797040502153237,-0.0037169201452833533,-0.003420556265219865,-0.0022528132309416193,-0.0012954566392266997,-0.0031919262709454443,0.01137773015658361,-0.0038639480460354036
662,0.020253437146316777,0.011163066283989664,-0.009576601809257568,0.003697581129863181,-0.00025460997525073026,-0.0009488977712743818,0.007597433282263921,-0.0006518947372207151,0.00301867562049285,-0.001076847345430565,-0.0029386323775835166,0.0042466263708274,0.006159331064695905,-0.003349805824132801
663,0.01064238949828944,0.006767164751346755,0.00595686966475828,-0.009317972830688248,-0.0005520724041918612,0.001836362343230924,0.0011203377939725812,0.002767186619701434,-0.008722171260115985,-0.0035288725176503277,-0.013344980620585645,-0.009309020008833713,-0.0012501229453700802,-0.0017297982934216805
664,0.015965365762912853,0.016134513495734026,0.007511814527323857,0.00611520104563823,0.0078610551753453,0.004769518886053703,0.014282060414815945,-0.00014029495651968205,0.004787290654491905,0.008127740098981207,0.005054414074548319,0.0032362958993221724,-0.0003218951362846667,0.008435538250880725
665,-0.0006593114955997237,-0.0002155408911033163,0.0019907481137568794,-0.0029088369277889825,0.006797247565708986,0.009060435070372463,0.008972429345755373,0.011598450616720157,-0.003149380915109745,-2.80049575627217e-05,0.004599239179569281,0.003652255534111859,0.010327240104436086,-0.00427521376881046
666,-0.007404924486711373,-0.011852833024590836,0.004471240545626642,-0.0004963293114297329,0.004435347224953645,-0.003036902748867476,-0.0048441974137514165,-0.010144274299497269,0.007027522455573809,0.003500454796355079,-0.0012115126016620792,-0.00015774661346235064,0.0005319023793290967,0.011697397614639726
667,-0.0029990900851366575,-0.006040238705669054,-0.00015268804456702867,0.008880333605334911,-0.002982056057019733,-0.006583834644844799,0.0008036295698357065,-0.014722934030169554,0.002587203405367333,0.004349088951989266,0.005557714867466146,0.007103712614838997,-0.001088171330986043,0.005093473621970546
668,-0.00158252756981625,-0.01233812651997468,0.0013076341701259153,-0.0034662545318067117,-0.0056830910490734965,-0.005770789315587166,-0.002473120481811364,-0.013980443306998325,-0.0006450824975798852,-0.004497826512439573,-0.00742023281640769,-0.008347206979564703,-0.005376891405051154,-0.004224708092248619
669,0.002558836262450903,-0.00034423144606776646,0.010999058774953774,0.00028670281194997926,0.004272682391214033,0.004872837219302539,-0.0052383651584229085,0.0054621247390773675,0.0007627316589813304,0.002126284122450528,0.00039384225935812367,7.957655643942019e-05,0.0038328688277005085,0.0037454735733177813
670,-0.01819644538341869,-0.019073216267468496,-0.002558157045953635,-0.0007167945034076695,-0.003206730958028814,-0.001040893067570714,-0.008512123466097421,0.004616669251017669,0.005132219686995398,-0.002144892056125336,0.008519995325464436,-0.006992480153774849,0.002737293686298159,0.0
671,-0.020209690995299567,-0.0252809298173009,-0.00868925046380209,-0.005560676600547154,-0.0003024144990781963,0.004914349582208821,-0.022342427096042172,0.012301899239920644,-0.016110438966935092,-0.005751435588083886,-0.010348033723193595,-0.001215169495146995,-0.012888505775842773,-0.016092539852659016
672,-0.010014053212142215,-0.020531520614795795,0.001236665252529967,-0.000977916795953604,0.005372066695294109,0.004633432065348053,-0.0013807413732003226,0.0011937245672761776,0.007670261884011431,0.005044758676634231,0.000561768848502453,0.0017341827469241622,-0.006285103293524941,0.0037947921399741347
673,-0.012959683431444269,-0.021061621768296845,0.0008220731498465028,0.006108238808034017,0.0015539999610023614,0.0035319826508013463,0.00516220484294827,0.0060836524154268545,-0.0005159095988478413,-9.2997086669655e-05,-0.0007931771914204688,0.004346147477203743,0.005986858876523726,0.00025845112356037703
674,0.02706578614071553,0.02938649212042499,0.005338205315897682,-0.0030494555886004804,0.0049570908285687665,0.0028202017464860063,0.015314451141973606,0.0030463673538427827,0.0059563834063167675,0.005861973115196761,0.006881573030112165,-0.0030822488295072503,0.016500632894468126,0.006030660210518235
675,-0.012783486268281408,-0.02035913928154187,-0.008329732798983969,0.002331838047936685,-0.0017636329695722708,-0.0002624143932949963,0.003895557631931723,0.0005921791659879716,0.000560690338653913,-0.003177169675167235,-0.0008135461566656232,-0.00041026165320090513,-0.003977964423631519,-0.003078043405114528
676,0.0181687570382163,0.029330758586825212,0.007200354423329003,0.0046474268140741515,-0.00291701847912762,-0.0014427146770401578,0.008712558478794818,0.0004372221887027905,0.000981512038753074,0.0005935954924733977,-0.0020299379327024525,0.007646513159135893,0.0,0.0001516329791630966
677,0.0003320320694335521,0.0069783255472675165,-0.015063672001632611,-0.0030693629934859246,-0.007716712643919266,-0.007139312263245046,-0.008448885829922759,-0.006696394147988727,-0.009122453702385513,-0.014955706330953333,-0.01337811285108259,0.007845921079292495,-0.012693155032760473,-0.0196092510456225
678,-0.0033820782262949933,0.003553024383240455,0.004630942497010793,-0.004181722344684502,-0.00496790408357306,-0.004014037665980297,-0.015276477076030304,-0.002477825594418448,-0.015157327979202329,-0.0014504863212030372,-0.019959684399793787,-0.0073036178081853365,-0.012079539203392997,-0.004856707874479227
679,-0.00176293415931017,-0.006802072047198848,-0.0011952417276797078,0.007552721770418103,0.004445481480281899,0.006368930016417806,-0.006595185470969156,0.006523696605063023,0.004641288928224796,0.00030162973465053255,0.02255742814477557,0.0030027839662682965,-0.000761372009961292,-7.038745144427594e-05
680,-0.02096904293471713,-0.023463078604184062,-0.006923089715533237,0.00465609097290276,-0.0054500101671290935,-0.007631208581378779,-0.015590983029369454,-0.012370877626375787,0.0,-0.015439564968231068,-0.00681593078354048,0.001731659412156361,-0.0027018738662185626,-0.014880887533243126
681,-0.006656127982079596,-0.00945575487251027,-0.0026676259292459648,-0.00011063897103191778,0.015627739185996248,0.007888214552638217,-0.00821446382963309,0.004159001011764474,-0.008049390392084632,0.007521677419859429,-0.0005487687924610185,0.0012698397857864308,-0.00688492116378292,0.005486422444691996
682,-0.0134816948224179,-0.01701132977649955,-0.002643798188913138,0.0017210015102335774,0.0043175570359714754,0.003317606375262905,0.004173910172479367,0.0012558604635888315,0.0027852998226629566,-0.0016919951636049646,0.0035239592485165616,0.005967260194273294,-0.0007755324513016859,-0.0013688224305994368
683,0.010992331653072895,0.006810583743021681,0.007672903740989945,0.000914492833981484,0.0034755080350539203,0.002425074902128621,0.014034141776711806,0.0005985273309221384,0.0003692311143552729,0.006476646525557683,-0.0032103402071932408,0.006208709291954051,-0.0014748583672510307,0.006127158426870949
684,0.013018579538760733,0.015906488530252005,0.008443943266662757,-0.009596744614515984,0.0024660114420260726,0.002066399954626874,0.005592327864354374,0.0048673207000913266,0.009818790982336623,0.003660696959195242,0.000933411200021439,0.0007275619564381941,-0.0015051898259521579,0.0052870419448058925
685,-0.007054540020504874,-0.01109291483507846,0.002309984312279134,-0.0029321640218356038,-0.003440520293445104,-0.0003982310542438583,0.006278391917463821,0.0038010793287845956,0.0014394626028080282,0.001571532761692751,0.0064070656352956945,0.005124103270537361,0.0,0.0024942106791403518
686,0.0036829187374198824,0.0055012461193495454,-0.016247540374791924,-0.0034531460686384463,-0.002981838199888287,-0.0016926939235348826,-0.004921903747378664,-0.001349623948700085,0.004069435643851094,-3.7648389755062794e-05,0.0021561722412926088,-0.0024849359752501243,0.01550471591664504,-0.00026900503211635396
687,0.0017626833871222658,-0.00196036231908181,0.008687649024921917,0.0004642926845601636,0.0051846981828376215,0.006179705928285095,-0.004276487390457717,0.008533689601206262,0.004637378806982895,0.0015221372590303872,0.00848430916080467,0.00215959707147384,-0.011416036427281284,0.0023894534858825978
688,0.018681101099572217,0.028331072465007878,0.014444910957750245,0.003451545933373268,0.010003596712197194,0.007641141407110474,0.021429735385297022,0.00901039208306642,0.002652184294655413,0.007361808414624527,0.008716572718723725,0.005095286225406781,0.0039201360289649045,0.00830113754667039
689,-0.0010498406439856112,0.0005944746470571971,0.001447373642309735,0.005694532899740423,0.0005518286979562248,0.000269242077598264,0.0028380630233346693,0.0015129841062382354,0.0016600262900050566,0.0003354473905998745,0.0006064080325209886,0.0008251279591373617,0.0067756647755938815,-0.0024450924058445622
690,-0.003131642429421433,-0.006373835167639896,0.013788789834629611,0.007505822363437886,0.0023204615645333604,0.005685242468912222,0.002283690592099319,0.009870121626434525,0.002562759301511619,0.002465931703837576,0.0015220639287996107,0.01600431162982474,-0.0011184299851692003,0.0024797771919597977
691,-0.011461058105558308,-0.014562272452913305,-0.007488247072664045,-6.303378859051634e-05,-0.0052829312748610135,-0.004440172044458457,-0.00892146196851229,-0.0026336615470725633,-0.0007278134246240242,-0.004321686554666471,0.0009308993573782232,-0.0024371062321009163,-0.0056262788915670825,-0.0073005856443408845
692,-0.004571521826989944,-0.010263227445328482,0.006384845284018503,-0.005098115448838314,-0.0008507746076755751,0.0001344684673050267,-0.0098301313699789,0.0026151770266693575,0.006708022476316522,-0.011840111342340975,-0.00019021067619284793,-0.00286062200794035,-0.0038017160732017885,-0.011163862281634351
693,-0.0016585118172880442,-0.0011725016833494806,9.803234929695037e-05,-0.0013618094520904123,0.0,0.0,-0.006331253836693307,0.0,-0.006846748957916482,0.0006421234947646681,-0.006923914788982799,-0.006021416179567751,-0.001956188866715891,0.0006158284797663782
694,0.010910171725250883,0.011627534627530522,-0.004143210735256808,-0.0028244710442493215,-0.000475365390599336,-0.0016556920488790539,0.009366923652532222,-0.002257920359307164,0.0037596459433153484,-0.010990864590985083,-0.00046165113278284764,0.00375864627671163,0.0010315389468864566,-0.010550301003110718
695,-0.01695507811941699,-0.01792012397237741,-0.006462341875873356,-0.010013290087114157,0.0008669695145986367,-0.0028070628012661913,-0.02642411493006591,-0.011945631299695947,-0.010396188351114333,-0.01462205992953347,-0.005127048796675027,-0.00692765942316953,-0.01703567783956572,-0.01310584146679794
696,-0.004723530639089368,-0.009368331393106999,-0.0002930541661019248,-0.011298825871675078,0.000803485169356577,-0.0036589910366187084,-0.009923943364789523,-0.009101758641424595,-0.0018168018982018808,-0.005233417010384045,-0.004122178506401397,-0.013792160986417557,-0.002725296359997742,-0.005950242937167616
697,0.003970423517474231,-0.0002162388078019717,0.0005041135635952543,-0.0026982832078861207,-0.003056307446440698,-0.0022157978950136936,-5.00334431308147e-05,-0.002551609209268335,-0.0026394317385527444,0.00209084387670444,-0.008075896386976922,-0.0006825262234961826,-0.004234288341185888,-0.0007860743720744523
698,-0.012218031540053076,-0.019886739575731838,0.00602450204987548,-0.000341802840006622,-0.002297262133017952,0.0018960282146931462,-0.013438219511181515,0.002732108445748338,0.0030982353936845897,0.0037428027138037834,0.002955645599495682,-0.005154301015377172,-0.004306738410326361,0.004822299079231485
699,-0.0017565839325026644,0.001177208729195911,-0.0002826592145961371,0.00616814960547174,0.004398785612661271,0.0037328656897148704,-0.00719775511353582,0.006078043735167071,-0.0023885087017188056,0.0009189682554069378,0.012949292289095027,0.019365658422666243,-0.0035340465132538412,0.000718895787020557
700,-0.0032663393581655598,-0.006995392685309909,0.0023268406675889253,-0.0006151531384226416,0.0010721334669501204,0.00035660834989403867,-0.0029378554044168226,-0.002290523727589644,-0.0001226552543576176,0.005467619653305,-0.002654342565710621,-0.003257130178086598,0.004728487058212494,0.004501243021628909
701,0.011405533615293173,0.006463873397390074,0.007105335705315241,-0.0076719175209873924,0.0056408459437378156,0.005268352159391476,0.025093411003521027,0.007449959830898578,0.0014488730917330273,-0.0008755338540877844,0.009541360322524284,0.005792501383378834,0.0022761005016622704,0.002125987682159547
702,-0.0018385293346359077,-0.006128621561741099,0.0012463770569457466,0.005954078005444785,0.0003319150295144624,0.0002754439007661702,0.010015384381915737,-0.0004580603091248747,0.01390842650621682,0.0036029152186820568,0.01190665113970546,0.002350954119430426,0.009422922876220596,0.0032792611569920638
703,-0.011195161010126853,-0.014215855355811158,0.005699196546006036,0.0031902402909231853,-0.003544870522626198,-0.00558529099154903,-0.013042065125057789,-0.014366048722211033,-0.006595623466306044,-0.00036450960250622444,0.0,8.310816100021157e-05,-0.006352739700339782,0.00044246963286198593
704,0.017998706102398287,0.016596579166174408,0.012072209327933514,-0.003806751448411916,0.007067322382912522,0.005354652867625376,0.005620805076663515,0.007610458775181073,0.002588892885794003,0.0031323403236411806,0.014011523500279566,0.004760168697213629,-0.0006559145992905968,0.0036840147413919055
705,0.011379715572133797,0.014028429472164206,0.0007654852672525081,0.00461483230046511,0.006031950770552186,0.0012524880331721278,0.011844402246110164,-0.0007632047416432641,-0.00022524149314229192,0.002025506058537019,0.010701486845057673,0.0031392027606642614,0.011789405093859173,0.0030028467928993052
706,-0.0005883419662486844,-0.0017267952315407342,-0.0014692205365216537,-0.0033172893400532644,0.009468888302665235,0.007810014185328562,0.002561748006263187,0.009787112803213205,0.006472510411717813,0.009036000989611992,0.0001018072268657022,0.0016904319543691315,0.001214366448195392,0.010207321598810992
707,0.02469622781736458,0.02106537323216706,0.010734080003357072,0.004060163204615108,0.003240405561776072,-0.0003686009370067467,0.017171608082509948,-0.005153870923132686,0.006743003158820926,0.006336149525409951,0.008202825540564618,0.0016117566003313044,0.011644195451649964,0.008103709645052248
708,0.0,0.0,0.001321839382706358,-0.0012438228494513481,-0.0068079183838740676,-0.0035218823140139577,-0.016381434725145638,0.0007872286287504693,0.0,-0.003247887024392604,0.0,-0.004110407698728835,0.00045984692201628263,-0.005955103931796657
709,-0.005860311832929455,-0.00665772212438398,0.0058306650494586165,-0.00016164490139125576,-0.002632771876513118,-0.0013059484931181586,0.0,0.0017774473144545055,0.0,0.002429841776237396,0.0029420560620696534,0.0009045638751636886,0.005242316255021251,0.002734932038078952
710,0.009189145993322434,0.008007762208007918,-0.006950616858111935,0.0010340603747707178,-0.004044510657266187,-0.0032946996811595852,0.011478794949223214,-0.0021378015799520256,0.0,0.0029213193694559436,0.003899167056248487,0.00041609842879530845,0.0009327986768692398,0.0039019485514923957
711,-0.005372112538860385,-0.010240482688475439,0.01929124639714619,-0.0017940942097638413,0.0020691034138096143,0.0027594762285110264,-0.003644685889884869,0.0064370235111628205,0.006927139817239691,0.0030342691253437692,-0.00991211146700266,-0.006809252280536526,-0.0008771984957203216,0.004835192310162384
712,0.010537969135839376,0.00792795044287331,0.0003192122075068582,0.00426190457182507,0.0006949516669489952,-6.870144138027001e-06,0.0026250145052060248,0.0005444798258160688,-0.00526120753075876,-0.007989423911116234,0.013494385009657606,0.0069386535762223644,0.006403547625749795,-0.014773275494704308
713,0.0,0.0,-0.0012693628362967502,-0.005702855260297568,0.007264280810996837,0.003634492342198037,0.0,-0.0011254029998060133,-0.0017899322757850555,0.0023348694048905827,0.00519875570449102,-0.0025473426233695307,-0.0004883179971599816,0.004391367923750167
714,0.0,0.0,-0.009150972401521962,-0.007496820796609072,0.004594417820594998,-0.0003967689102788441,-0.024116251077687778,-0.004707915911817295,-0.012610742587448875,-0.006159698095659749,0.001024782876875463,-7.287365972175053e-05,-0.003942708097453007,-0.00739952436156166
715,0.0,0.0,0.017886176609480664,0.0032430627201165407,0.002031672523393979,0.0007112667367188408,-0.0012955598309929428,0.0031875987539660144,0.0,0.006516986574898631,-0.006599982159446682,-0.0035057717766129315,0.0076036650985340515,0.004853954077949751
716,0.0,0.0,-0.011647735065760223,0.004901604839110618,-0.007516895643176369,-0.008203035421010085,-0.017403008455952218,-0.018307174985901398,-0.01530554246429272,-0.015317410152551503,-0.005629102923682794,-0.0039642389654321875,-0.011020228348630923,-0.008966842199143343
717,0.0,0.0,-0.005748725496001583,0.001488488271371935,-0.006799132402239394,-0.0055433145846226495,-0.0019286570512537793,-0.011623797330644337,-0.003069115285636137,-0.00836823106587925,-0.008036102293004888,-0.004580936577003314,-0.006768776762621442,-0.008799899649753584
718,-0.037867556611073994,-0.041344887267040775,0.001378186951446203,-0.013869925039795561,0.0015010636119097143,-0.0003951947083491447,-0.014021982999009808,-0.006763572030761722,-0.006055705904878472,-0.010421164461027033,0.0,-0.007381649850096039,-0.008868474248801661,-0.01075556643104214
719,0.0016562433883597905,-0.001792985007762482,-0.004266938389570818,-0.00975178754531214,-0.0021244074364901167,-0.0014189098341548245,-0.0011325971296169968,0.0002675233572713154,0.0,0.0027779542887982345,-0.013304297040267699,-0.00846673572143608,-0.004678564437494259,0.003640221207591665
720,0.0017712901953839122,-0.004446685835031161,-0.010753998146872945,0.0014390506253203483,-0.0319781659289351,-0.03341638904260158,0.0007699715374585026,-0.0416905704170496,-0.011252905019524917,-0.021788351495667158,0.0015603239897608034,-0.0021147148651632364,-0.011152757914423717,-0.016662312885351582
721,-0.053646690767434,-0.06266703670289608,-0.021413133655246774,-0.02782240287708504,-0.021556342359865255,-0.020787579972541437,-0.036020655419710224,-0.012607997468521148,-0.04541111948704302,-0.018509968465850513,-0.03971199748736609,-0.03709853034236943,-0.02722027869881316,-0.01782294254329564
722,0.009037981046826182,0.004533788237822023,0.015326906822418884,0.0020205262827186488,0.011396991189045025,0.0141062354083763,0.020958022807874954,0.02264101055366119,0.01499738032216591,-0.001485561938758373,0.004584289376014183,0.013896486312532375,0.007121689973331513,-0.004616170866588831
723,-0.015001287362037097,-0.015170801764908148,-0.005830469955096618,-0.009989189873023108,-0.00353582090686011,-0.005922482291300213,-0.013910611724236688,-0.008862804571270644,-0.007768832278197024,-0.0004147771613940421,-0.018830772268513485,-0.0005847894598787207,-0.007587745460799766,0.004983852073330297
724,-0.00851237080631595,-0.019738217402602842,0.011738853523319825,0.005603466389413114,0.02146527811166621,0.021267828034901015,0.0006757071202656562,0.028490480618550862,0.0,0.01607873053216835,0.012402483753003679,-0.003924850084679576,-0.0038353254606793286,0.014524706571801715
725,0.005984396416955917,0.009032983246317627,-0.002418918139496462,0.011720041903410916,-0.003562378564071267,-0.0002526942626648321,0.0,-0.0003649927185698232,0.010383498276601344,-0.0032510721884868587,0.012861009846927729,0.012231411261376834,0.012051765046880547,-0.004387418744080662
726,-0.029794033179102897,-0.02442553879640741,-0.013695216355810835,0.0005554525560480528,-0.012811107487998186,-0.014496490575340637,-0.0003028070435338037,-0.02083122940619475,-0.008897533971781613,-0.004906560053183462,-0.008042323893239,-0.00013468406825722923,-0.00046579689601067287,-0.009757350650023255
727,0.02543222921020938,0.02747982842768515,-0.014324674541406957,-0.00048812099498718453,0.0025535546033736978,-0.0003612351352799692,0.004188876739867453,-0.004835946306432248,0.0036937301911601494,-0.0023214550418133584,-0.005579983846468295,-0.012231959420839544,-0.002335194153744169,-0.00023979145405128577
728,0.04012221049581299,0.04771870854675875,-0.015571883397255348,-0.005842456580714028,-0.0050010077289837085,-0.00430879709647769,0.022886240709297567,0.0026277726360603992,0.0025243130928869206,-0.007067809623872101,0.0036653823980774547,0.0,0.005064703079618482,-0.006477220407347772
729,-0.022878505946924754,-0.022688514014275185,-0.0012916733323109497,-0.010521003531827944,-0.004988462629079038,-0.005527076180694479,-0.03132700015976475,-0.004171412105854699,-0.02606161475620361,-0.018551576877221976,-0.027073155994525422,-0.014773010546470289,-0.015278322672383382,-0.015527057593594407
730,0.0032584858563717845,-0.003952424590147885,0.013317493484626297,-0.002416035571501496,-0.024431616115805355,-0.03135077386114027,-0.0038252419583031383,-0.04526298466957357,-0.00405360581277403,-0.001115455201318838,0.0036461182926093016,-0.0035736339276262186,0.00022765365481802746,-0.0033836442605537087
731,0.00019401488067760653,-0.0020829551758083653,-0.002099323088421201,-0.028697430219352782,0.016185436305432788,0.01845371797871387,-0.010163177145741997,0.029106335357864666,-0.01647767004670264,0.007535946796135562,-0.03794047873627093,-0.008600604029027181,-0.006365693731680722,0.010824978042290212
732,-0.0019040794128457605,-0.003284469635081777,-0.016593545299388168,0.00019420398987790577,-0.011927790695958507,-0.017479138010003226,-0.01113744884501422,-0.020867052853814627,-0.017675788711964735,-0.01073425504659653,-0.00396345678204213,1.983142152184314e-05,-0.013641321811094897,-0.009369381820754086
733,-0.022076153842064627,-0.02461589106036577,0.010342235281603607,0.01105914651262907,-0.009989274161990025,-0.006581208295194152,0.003812192474070386,-0.01644769582460448,-0.015460625624045932,0.004179558631205893,-0.0016439980555542633,0.005486490933611421,0.0031980957785382458,0.0063722355913657935
734,0.01015441252979965,0.007210789701080245,-0.007398747204322653,0.01333547900625831,0.01750823546524849,0.01554532297187805,-0.00917095155578096,0.015671631444623912,0.00929505618790838,-0.002429067496494852,0.01443391796138016,0.00380445269771279,-0.005074023423310869,-0.0024753978986993275
735,0.013435126922606955,0.014483978502481065,0.022667419874477623,0.004331565162081219,0.009646692508574972,0.0107928787545708,0.01590504290681949,0.019941839817301243,0.0074177348384960595,0.019827217773624284,0.021356085946282022,0.011945609816599756,0.0174934823683488,0.01588149578731013
736,0.0013262003431764313,0.011289994425485617,0.0028098749112164256,0.0017993168054903919,0.010495099699257437,0.010502498868529386,0.017315824167516425,0.017389923216891034,-0.0025800641298143745,0.0018245466749648998,-0.010677497908270439,0.010402433139361733,0.013833269470651999,0.002093172975007107
737,0.0265935898322196,0.038844376829974436,0.007861037902608281,0.0014371928265077827,-0.0043398586886542745,-0.0063367210558800124,0.04125059423051347,-0.010421237192341337,0.03472778742410654,0.003608897042512993,0.025314039091218987,-0.0009310786026546225,0.017982559094836148,0.003178240793070941
738,-0.00413529542612423,-0.003623962806992509,0.0,-0.005331168399578701,0.007524562399645163,0.005584693697194609,-0.021059579911007376,-0.0038322861371682393,-0.009144777014379102,-0.0015855059642362335,-0.01561650347225374,-0.006451493994358515,-0.018057698060081506,0.0009204933233597501
739,-0.0022817641199059935,-0.006120205453260752,0.014346067500839332,0.009766370500202015,0.006783654561553831,0.006239787744408254,0.007168181782470029,0.006407430530376956,0.006096297900324288,-0.00304677139843168,0.011295383456051411,0.004278406092009135,0.0,-0.00309744075909002
740,-0.006796835198396245,-0.005045226550699056,0.013599389563434094,0.0036866372913060275,0.021048263201855377,0.020987078560773753,0.0010227361049128803,0.02606607988877485,-0.005244427923823736,0.01287263116974291,-0.002801007749026141,0.004342676882187035,0.0015475045646624608,0.01200588094220123
741,-0.0021641050476839396,-0.0069929115046676316,-0.0027518549134910586,0.0052938860238054275,0.0004170175593039005,-0.0025120689884907677,0.003056064364903577,-0.005280252546507214,0.006683732673461229,-0.0014522125408156228,0.01799889991599457,0.00464427531221645,0.009054029430599186,-0.002640387495290497
742,-0.014045500024455926,-0.006447119055346562,-0.014518839305091902,-0.0010802348096863312,-0.0077393220304511345,-0.009241585915372497,-0.024149547917380332,-0.016599900279464563,-0.003130049540067681,-0.003383277655256478,-0.01058055885887832,0.003970365990427993,-0.004948802841674649,-0.002508117735532167
743,0.0121040209118366,0.023738905767293872,-0.004027250903159363,0.003287508021447394,-0.023440635025757217,-0.0198981509854681,0.0012202482182015473,-0.02821011668331863,-0.002712160914765782,-0.008280462278487555,0.00088188692478397,0.0028453578097202836,-0.003195536995258763,-0.011025106105629234
744,0.009217859089964087,0.016633779163242934,-0.007914114046119636,-0.01819074564294354,-0.003974039606598367,-0.0014830188221734986,0.006210469986760003,0.0,-0.00443675736214022,0.007344785314431945,-0.02084273071738707,-0.01070030449487902,-0.004753487837414028,0.009578035032960841
745,-0.008563107784614665,-0.006944312124828045,0.0015357627612759828,-0.017533152632209337,-0.008179618512698994,-0.007596188818451033,-0.005381809751863642,-0.008994802921003853,-0.001536466363086575,-0.005207538566999403,0.0016474309106548901,-0.003819191801342825,-0.0034149663348195247,-0.0060527138635873
746,0.013556510876711947,0.011759637615195828,0.0012016132645475963,0.0005580697980711591,0.008289524795497272,0.010538032742642756,0.017347015429377777,0.01703911608941233,0.009629275386731528,-0.005987700786268313,-0.001963859981259475,-0.00020965500654135383,0.003719456130708565,-0.004706332946133429
747,0.004091875028660041,0.0074935892707514995,-0.0036936549828610055,-0.0009418489695178778,0.004889362168679412,0.0022208375374832556,0.0030672907868964927,-0.0015385327320380782,0.002076252541383994,-0.0016809971546640767,-0.005670119742665847,-0.0018359984345490687,0.009472033047062567,-0.003004238071863341
748,0.009066964881615291,0.005758452356914745,0.0004677632561334022,-0.0064599195956898114,-0.01569637893564746,-0.01678316123572099,0.007172280960052291,-0.030737185316640492,0.0038923178987211315,-0.008612019934860271,0.006474296490514675,-0.0019054553777806404,-0.006027347343252387,-0.006437393806280056
749,-0.021557397682579804,-0.02868906906098445,-0.013649135536549117,-0.0038538414905726626,-0.022303450033565042,-0.018317995556586197,-0.020366010575225246,-0.017171632699518824,-0.008596456540434616,-0.015035238115481242,-0.010968660513016815,-0.008294335345921056,-0.012501706722259698,-0.014103862854419447
750,0.0021331020100125997,0.0036673259555044524,0.006966568862855738,-0.0051261316360218245,-3.887862083118421e-05,0.003038669310766906,0.005061824243458801,0.00913915398161258,-0.002899660908830093,0.010799315147728805,-0.003507960137191901,-0.0055080044642519255,0.0038445824934498773,0.012070310680915242
751,-0.0022921930872206175,-0.0018326312965797342,0.004890568644966287,0.008558297121224356,0.0,0.0,0.0018441490476384104,0.0,-0.003183457484747798,-0.008078126852506529,0.006442596754260066,0.0035405819196441257,0.0008980155521189914,-0.008674409612220657
752,-0.025246209608300596,-0.03313614737214543,-0.01127229276607089,0.004365624400151091,-0.007332869482882032,-0.006576419711855408,-0.003531692126388819,-0.004783197892631819,-0.006042505312730206,0.0017372586832795633,0.0,-0.00020457575318921783,0.0036463265422632674,0.0033653419948365126
753,-0.0014248859206178466,-0.002726044268847261,-0.014821379877306029,-0.007833001027160336,0.01448292672810858,0.015412975845366716,0.017150206443602656,0.020380399958705553,0.012336849650984583,0.009434515321615322,0.0076141525709392255,-0.004493249586824177,0.013306658544932404,0.01125224250136192
754,-0.00043922180235966835,0.0025243602384872332,0.013001515639016858,0.009947486392734461,0.004393305117686097,0.003256384364612508,-0.0016778721407959551,0.00012003171857877248,0.007842305747517209,-0.0007415727540669437,0.006416213682175709,0.0013209588374003545,-0.0009638055697198666,-0.001984512462472665
755,0.010454473454948321,0.015840810189841292,0.017971535838119834,-0.0005587348982434293,0.024652440500215533,0.022714051303114324,0.013226742820565462,0.02906638928964611,0.004182896770502431,-0.0002576297025065344,0.010180105737985556,0.00461700333338122,0.0013193720150326271,0.0005904350012428949
756,-0.013268815285334412,-0.02084996288849439,0.007297567268543581,0.005799607789484185,-0.00108824375564609,-0.0021854945453938512,-0.008715116601070605,-0.0025417363646909052,0.002785260548356483,0.0047605722631836045,0.0038515264339782362,0.009243387768423261,0.004822754040016974,0.0018509802262460795
757,0.008047505567195579,0.011092647493562424,-0.0025297373656147926,-0.01596443831366301,0.007847197671566164,0.008137547716617455,0.002104345175608202,0.007869316922645808,-0.008188197331811864,-0.00173503569349176,0.0039656487775694416,0.0032534338104461824,0.002624090264175649,-0.00032455720132418264
758,0.025410592546005084,0.03287714371833239,0.020146756986655134,0.01818486193970692,0.011212786150229803,0.010882001794362495,0.02515700906600493,0.015024565381903443,0.01658660179943361,0.010222947214882261,0.009958685939608358,0.005937972651640422,0.02314857491804645,0.013105798706529725
759,0.004194865638356582,0.0019191822232773603,0.0008966773459242461,-0.01011826438884178,-0.03144032252395945,-0.03290022883855581,0.002880120338289771,-0.03878304600426574,-0.008280157834106738,-0.007431972338477699,-0.024152673559628468,-0.0011644873020308921,-0.007181095799927206,-0.008038464791047417
760,-0.006077444037324575,-0.0031746764054556564,0.0008877877934461154,-0.007854926880517255,0.0,0.0,-0.016300612206761045,0.0,-0.006186495195993125,-0.013212981887778419,-0.005310884592054421,-0.009545956531546551,-0.003754166842579565,-0.012297609786401154
761,-0.016983907265936793,-0.02470317148034873,-0.013685247528655076,-0.0019070824581870482,-0.0031776236179847928,-0.001523387914144081,-0.025042764071887547,0.004158399317292449,-0.01564545927188732,-0.03480026967287131,-0.019240658319123582,-0.0026580265510389722,-0.012883950598947536,-0.0336786325721139
762,0.0002713574796304741,-0.00014993502790794366,0.007837177815669172,0.004215491093720658,-0.022650299093932347,-0.02359633545632267,-0.003547335942299057,-0.03094149209317898,0.003411828011423701,0.008467904665489634,0.008201033529575241,0.0010385513639192823,-0.001413251120816028,0.004124880883143334
763,-0.008209671952308817,-0.014198044111495278,-0.014270756968574716,-0.022967005589480394,0.001405818472044018,0.0017606032229169344,-0.012018751328009003,0.007329677184980454,-0.010640470622186093,-0.016422738362454226,-0.021408704462388073,-0.012314230184893304,-0.012510812520043046,-0.01367477557721486
764,0.003671162748203116,0.007908468637761956,-0.0010770296265230073,0.004205444994102692,-0.002173221929853142,-0.0003564096753061463,0.0007487401750712053,0.0016097038512867812,-0.00039937486891172824,0.013294457264771076,-0.00337430830804486,0.001260276396411797,-0.004292411387986306,0.0126247134457671
765,0.003104240959941329,0.001640743096496422,-0.010036545395414542,0.013821100612615211,0.0064228152905521085,0.005404871010351364,0.015976242394629026,0.009409739797906269,0.014315229866112666,0.01901283399203635,0.021274359477622795,0.0077453149629267415,0.013219278792201195,0.017085414693349676
766,0.012183024911980311,0.014190821578564439,0.003432372122698979,0.001431732635152727,0.0028544274685593507,-0.00019995031241482053,0.012811098325483883,-0.00394956983459771,0.006213331289127488,-0.002615935941302716,0.009831708241133441,0.0062527056142389625,0.003571075371608501,0.0013504364476322195
767,-0.015421011158505138,-0.023112017166315724,-0.005400327509717862,-0.010582878190399825,-0.02040697576545014,-0.01927121226870021,-0.016327522671366168,-0.022841996388445196,-0.012567083177337679,-0.007740674059919073,-0.020438264412401708,-0.008068261217719197,-0.01098558415701767,-0.006308014333837875
768,0.0016307348008552935,-0.004861298665870706,-0.002776852050720535,0.009999782387303924,-0.02128376235018159,-0.020992284828576402,-0.0002609517988343413,-0.02297022761457157,0.0008260922974843155,-0.011933788967883885,0.006158858672858258,0.002642541784378949,0.012003979040239088,-0.009405208923757513
769,-0.008241889406414238,-0.00824314697350026,-0.0037541159117626677,-0.01223362149697671,0.0034974678168104845,8.639685378852846e-05,-0.010548024785432375,0.00445871296255973,-0.004345298642269846,-0.009161126057981583,-0.018367960879238865,-0.006564192203088126,-0.022310114617454246,-0.007706744597994586
770,-0.010568100365539124,-0.014935030416486583,0.0035210347369796224,-0.001593522734665953,-0.014978395146767909,-0.015515459175936108,0.0019791407631579716,-0.02191920329964958,0.008080305585172809,0.00440776837262824,-0.006057932630545437,0.008460559492734276,0.004295372052226298,0.003693669787407927
771,-0.005228231931456939,0.0010441135598338036,-0.0024197162412464834,-0.013494268417021615,-0.02009715938059564,-0.015897809484104464,-0.009394763277661866,-0.016471005628988067,-0.009045797700134806,-0.018473491043778267,-0.028775917366031578,0.0011406163883815879,-0.0026287231549826373,-0.01696160090327048
772,-0.007923649333405614,-0.012034770398539507,-0.002429746059689819,-0.006962265419296898,-0.01828682476170229,-0.020803120498540828,0.005056388272114631,-0.03039093048481334,0.0006647271632260754,-0.0010986718134757822,-0.01116370041956749,-0.009852081508979538,-0.0015024878767171401,0.0001833291330619602
773,0.004265544100119811,0.007462269981257208,-0.010665149858048117,0.004780366952656934,-0.029532246796206252,-0.02748657287831424,-0.003970025949712408,-0.022365824064310758,-0.003148298710601516,-0.013301386386990188,0.0,0.0032549679751738836,0.0016466912418025004,0.0
774,-0.008819117088884276,-0.008178018863050696,0.0,0.0,0.0,0.0,0.0,0.0,0.0,0.0,-0.05140499075474203,0.0,0.0,0.0
775,-0.0026084360420002284,-0.005854289181936423,-0.005795556624872411,0.0,0.04864331355883067,0.0484031776708056,0.0,0.05672376475013685,-0.013225697369890987,0.0,0.008903792907030805,0.0,-0.013167057265297544,0.0
776,-0.00610596076587111,-0.010232495419332466,0.008178329218291758,0.01864635948418325,0.011316354707149756,0.008526228968816163,-0.006747497418405857,0.0038268141596518035,0.00021197433589037473,-0.0065493957600084585,0.03809950434014553,0.0068625879824484315,0.011093475266772401,-0.021304381801087402
777,0.004344028464367433,0.0033829123402195904,0.013097887152767385,0.010149775508068615,-0.0033081373351393495,-0.0012423539102313086,0.000993206429171778,0.0007641722095321768,0.00619250517583847,0.0167570397770076,-0.0031352415228891317,0.0010218360765605894,0.0028500180872814695,0.016600932821910774
778,0.0,0.0,0.0,-0.0013981264586107045,0.011427644913135637,0.00845662586220719,0.013301098744223694,0.007679392400735452,0.0,0.010693764072954082,0.0,0.003157681074046792,0.005008047875763921,0.0
779,-0.011536285138546987,-0.012581949524228975,0.0,-0.015815845279711027,0.0008047057515003786,0.0012676930626263072,-0.028067949105061274,0.004610135188027442,-0.015324778939366013,-0.006874792387755235,0.0,0.0,-0.009781292580093748,0.0
780,-0.00037648829579506327,-0.00840391164892118,0.007224254525423746,0.013510838811349402,-0.028678230656188575,-0.025068331818915546,-0.002629371650096246,-0.030840003413063144,-0.008142537695550622,-0.01427169202559142,0.0,-0.008994706638718597,-0.008595888768379467,-0.010728632882717193
781,0.020286913935454898,0.027189110345311462,0.012923331493423618,-0.0024882709132665326,0.03239439722432458,0.033759399060347306,0.022161712493733887,0.04171978412266952,0.008266908070687862,0.026228280759039713,-0.02288356556668525,0.0013034522089778733,0.015266850882863281,0.029082359790733037
782,0.007219265310990153,0.01571159824501045,0.0,0.01128960948037161,0.004181438140436811,0.006985975995229765,0.00814862182424747,0.0124774207371523,0.013268123410537846,-0.0017816955469758256,0.024092000767916844,0.007097577816383094,0.014141701443524113,-0.002702731825454663
783,-0.0026196795021595776,-0.0011560817429341341,-0.007009783862667263,0.006873792004125079,0.010824539773874875,0.009648587336497094,0.0015373863868948234,0.010718362847466523,-0.00582418120914685,0.010427594109446048,0.008203625230139622,0.00171443717294828,0.006469901686772417,0.006996750080739744
784,0.007053366924479221,0.007585193513854449,0.010175299311577568,0.009721207228691853,0.0038463031027511363,0.004089671332821787,0.02242723362273935,0.00867332286523137,0.019286727148974947,0.00674577360130435,0.010977981217379806,0.014190547660218655,0.011186256103380643,0.004995797942399349
785,-0.003640500674380931,-0.0025974216197415245,0.008258654288813894,0.002937722540938381,0.005129422957605101,0.004508241374462152,0.0022312274809692667,0.004158283898455295,-0.0006927980451507665,0.0005556002629463208,-0.012971562976154871,-0.003141049677287455,0.008023261572844831,0.0017865338492537575
786,0.007361868820371598,0.00609289425938897,0.004222549272938636,-0.003578203664984514,-0.0002487903426828808,-0.0001463085444823875,0.005483879522452995,-0.0020906031886749332,0.0059388839389287185,-0.0009939589943481764,0.009668462177884862,0.004521570335404235,0.004744450526557031,-0.0018516615538501924
787,-0.0070992818188644335,-0.008709140048123842,-0.001760655966872804,-0.00020786202231093398,-0.0035949503983765396,-0.005271394587249567,-0.013931511132611263,-0.009448534565962063,-0.005338084357066286,-0.0063074148699024946,0.0,0.0010006316743069732,-0.007906352265118599,-0.004852115237415688
788,0.013544795441278623,0.018474023582761845,-0.0002458567226053532,0.007110867952668798,0.006492929743062703,0.010664618879761001,0.02002599619389933,0.01692966097108517,0.015695789216822575,0.005654936866743121,0.00956086470371531,-0.0004427254643530887,0.012164743678516388,0.004203708232759951
789,3.0014367956354704e-05,-0.0009146333714369348,-0.0020311039770284367,0.003536561762281565,0.005865450730530242,0.00221952052908847,0.002672897721595291,0.0015449514495493588,0.004244389783564451,0.0026928192171755683,-0.005489986727827301,0.006987609569129916,0.005219384062669974,0.002984385926703581
790,-0.004204697048201034,-0.009338715385482033,0.0053417390192178615,0.0025501972641386317,0.006708491379958659,0.007562730706236032,-0.0054593853489759425,0.007050031484665098,0.00045569639819564856,-0.0015485547459146431,-0.0019821502091712517,0.005564051374239654,-0.0045534499621897595,-0.0025607378618737187
791,0.014108712897764164,0.014753405731809721,0.010554414396374057,0.005029977187181345,0.013703324797111449,0.013096912839855257,0.012449625562947375,0.01021938451769877,0.008139296492962522,0.018625394407484563,0.012847093919829078,0.0021898024475213163,0.0030751646247164643,0.02113778588295112
792,0.005571084234747836,0.005898384770430809,-0.002169268011352976,0.0018351414984572045,0.0,0.0,0.003895148687989902,0.0,0.0001553714570361464,-0.0009970572137678602,0.0025738446178937835,0.005574887870393397,-0.0011730297271945744,-0.003146925685088675
793,-0.011870531157606834,-0.014455772630393326,0.0001944429477784837,-0.005379119368077667,-0.01229353859232063,-0.014258476827971656,-0.007051056299456349,-0.019308552581685845,-0.003224649188934947,-0.004399183785888994,-0.004664483402395447,-0.0037168150595334737,-0.008685201976099677,-0.003934046437551686
794,0.0005037311597622107,0.0009281543961989769,0.009177080708076879,-0.0025805798341416164,0.006988118427086576,0.0022004899194500993,0.00010182611550746401,0.0007703412345865246,0.004715538952218878,-0.00024259927470549059,-0.001416392237613806,-0.0009439405531725953,-0.006788355494078857,-0.00021531680696007527
795,0.0041333171859037066,0.00659061062616928,-0.003530231394600847,0.003757669078327197,-0.0009110289993508047,0.0013747801109778024,0.004167120723201023,0.006764925935188515,0.008074355509124054,0.005733279818159076,-0.0009274039107083354,0.0003162110628487369,0.006168006418839411,0.004546072523249123
796,0.0038621281806063834,0.0028914541659172954,0.006231783535081803,0.0067792094602125985,0.007464321297931065,0.008452867700517785,0.01639120961084828,0.012838756110328475,0.01512948896126698,0.008835128027664396,0.009622245404242946,0.00017998869839530585,0.003603963108119501,0.011743401598662828
797,-0.001825783742974707,-0.00077314531142747,-0.008611007775995994,0.0,-0.008483831839761535,-0.007877775848708524,0.0002818504780979225,-0.011112631817477236,-0.00019744141332189713,-0.00907639875719557,-0.006014158500951439,0.00043563363761300877,-0.0008591401317303848,-0.008243814465920707
798,-0.001049132586689261,-0.005056556197352791,0.00865908753681044,-0.00533115603514922,0.0021071948417343833,-0.0014573079351150042,-0.0016433452060127252,-0.008132432213352914,0.0027794243430445675,0.007400968331722879,0.0007571652127786876,-0.01193549279482653,-0.003698049427431016,0.005134552163591266
799,-0.007225792872634251,-0.01076176373989135,0.005393004268057666,0.0021256883897748935,0.017538508359253413,0.015429609891559615,0.004029760606282906,0.02178483276587606,0.010406532575736094,0.00937099502865113,-0.005244964415823006,-0.009018665314616925,-0.004184197401261969,0.002634952491783693
800,0.0034867616016835967,0.0011705929350611655,0.0036717956189056267,-0.0037442389793209685,-0.0006074016413055716,0.0085606488097687,0.010780687921592147,0.013641605511038435,-0.0006120327553844618,0.004005497391292856,0.010498572987215127,0.006679806220159179,0.004961881654883982,-0.0007308959338665488
801,0.012939323498504685,0.02701170770670558,0.00023790493878284025,-0.00032409134796473893,0.0025655681557328336,0.000898206584806438,-0.00041989600116210113,-0.002457116029697559,-0.0006306891966998407,0.005247736924712143,0.0007170219901162511,0.00153799920391684,-0.0004671658043982063,0.0036932648015568503
802,0.0,0.0,0.0007215021144366673,0.004832473352735178,0.0069768531203884265,0.006753381117479584,0.00212695686675346,0.011452807845097723,0.0,0.00017381486041045946,0.00457759196751617,-0.0021981461823443738,-0.0012928663056932521,-0.0018686454201937153
803,0.0,0.0,0.009367445106872374,0.019282557935939693,0.006797553133381484,0.004697370437350301,0.0,0.007395483708680928,0.0,0.017517534940800772,-0.0018845915457514906,0.010448097238247911,0.0,0.015623582115390278
804,0.0,0.0,-0.0029644366362289176,0.0033577483861986224,-0.0008353539736720705,-0.0022269157175083265,0.0,-0.0036272138731501258,0.0,0.0006827098950754618,0.001419577701316399,0.0,0.0,-0.0007125432366255069
805,0.0,0.0,-0.011818883794668444,0.010958454985201982,-0.008733134077990812,-0.009401193202230651,0.0,-0.011856642123861505,-1.8171161259239454e-05,-0.016392827114643183,-0.005899368344010725,0.006567748707718479,0.005036605932245308,-0.019483571527738164
806,0.0,0.0,-0.002820761209623157,-0.003452815005488219,-0.002514099324178787,0.0006759725660128169,-0.0015693012429149888,0.0013505728161433694,-0.012039891504022293,-0.0065611990603855475,-0.020354358793884586,0.004707851752794312,0.0004373626424065691,-0.004816737627708179
807,0.013529492072684057,0.03013097956693045,0.0029522635609522396,-0.0017639191677005783,-0.0021220621154061092,0.000708851803818078,0.0070429589491975975,0.0013281722557412223,0.0016889023725852326,0.0094545229622085,0.0,0.0036319565708886614,0.0013201549377015454,0.009518844927248082
808,0.006758852774382262,0.01142825369996281,0.009160335402476072,0.0030149024255354817,0.014764877534306109,0.01280785290283859,0.0009762995156261667,0.01449780118562316,0.004456445123889985,0.007045328986498234,0.025781756967232283,0.007654616718998142,-0.0015981840864931485,0.007910194903747225
809,0.018236892339423605,0.01991751776724371,-0.01895227070724914,-0.002552975560519144,0.004611034404625514,0.003019431593711097,0.011514719918151783,0.000776510403021291,0.005013733285541555,0.005570564142008294,0.01334360487777353,0.0056527419526393174,0.013534385649766278,0.003635198391656047
810,-0.0005029304960766368,0.00594834218360063,-0.010083796215790919,-0.0006929300471103517,-0.004075073748001756,-0.0026551633836984223,-0.002302459342237384,0.000885049755654066,0.011009056426230401,-0.003380950486466361,-0.0002255940630107034,-0.005205638632871157,0.002582329242901693,-0.006173899761014567
811,-0.01381523436617993,-0.011542088874618273,0.011852274631666049,0.001105141395312259,0.017297256581164433,0.010820004664958027,-0.01886026716963407,0.006102289082795309,-0.013460362576346974,0.013774001315575823,-0.011373963451495328,-0.004238357414063643,-0.004133727975627721,0.018241760359433812
812,0.02647766963763054,0.038778619384107316,-0.0071535822459560805,0.003899297830715298,0.0,0.0,0.015864758670696588,0.0,0.00671655437082741,0.0031861761095166585,0.018075235255794908,-2.270941607029897e-05,0.008063723331291683,0.0010915872836712026
813,0.00046789903379984565,-0.0007164708860436519,-0.005621582771387246,0.0028040550757904015,0.00031174812332146473,0.0014976213265915916,-0.004202520043200764,0.0019198736191796684,-0.002381971561385754,-0.0024408381672644808,0.0009769180290621904,-0.0022935589775077148,-0.0018909412054028962,-0.0016594578292732365
814,0.002020350308518104,0.003849950740532293,0.011835087342664252,-0.0017044274455759734,0.002434882701869867,0.001775533560740783,0.010077946725305154,0.0003071353232382279,0.010880831496622001,0.006298220844215052,0.006029850243407964,0.002726111108314555,0.0056835034192239675,0.006179551101347158
815,-0.0034166311307597397,-0.0025665653502944252,-0.00709559666349957,0.006979636306365222,-0.004007666896939099,-0.0035326693258417308,0.004055346451998787,-0.003928066565215715,-0.000493492177881194,-0.0009481002658242588,0.0015265038188427837,0.00553839133511147,-0.0001433648354876027,0.0012907677255533656
816,0.01887197589830958,0.023329279084221,0.007421055361253259,0.0045666368517167655,0.0069842674740776545,0.006390638694711015,0.006488904268053375,0.009051766169177355,0.000825307022551236,0.0011751058320506047,-0.001805593292619534,0.0009027815560784802,-0.0024466238294174047,0.0020966752621038864
817,0.05449501498549303,0.05436915809221432,0.002408063469126809,0.00307602894414849,0.002307534944927525,0.0012311044497517187,0.004950196558542785,0.0035698117574529675,0.000923159766172077,0.0025825334013749313,0.004782861673156447,0.003797605719782382,0.0007490375412313455,0.0028882927350686316
818,-0.0066974733003055675,-0.004997923965264661,-0.0002445003342490537,-0.00940344959598427,-0.001302734443081377,-0.000790769672840419,-0.006486626561327924,-0.0006832942963654887,-0.0026731331809752845,0.001288739941530892,-0.00366888302238344,-0.0023034375603927515,-0.0032721697913835612,0.0028344031175144835
819,0.004175460287745736,-0.009203865375468467,-0.0013521929250366327,0.003567140835491145,-0.0027984613975675643,-0.0005441974362980773,-0.0005082990140632404,0.0006898870274927305,0.003671479227388197,-0.0032299358124525668,0.004981612345209996,-0.004478486692066852,-0.0035750851079896506,-0.0019932931257056197
820,-0.004366540463228041,0.002900611022988997,-0.0021623679614037883,0.003035920867581865,-0.0026650732652857556,-0.00282950759895062,-0.004330323026971783,-0.0029137586529941473,-0.017764826068144224,0.005380698379886972,-0.00798061738760758,0.004682302040675879,-0.011552581975390552,0.004707475507837344
821,0.017877863817063577,0.014914983591024722,-0.002925490764441818,0.003834460305114362,0.004247807095254075,0.006871656588713471,0.006231690287672009,0.008305284558915105,0.0,0.005790863100413546,0.0101205878207562,0.0028537608823171468,0.0023969709163740305,0.004187399139759407
822,0.011150358619365974,0.023369833470441748,-0.0017044192750566012,0.003980586691634258,-0.00797250061078536,-0.003888107395255247,0.005103539945791269,-0.0023436862077677034,-0.0021796271625911245,0.002299195652528674,0.010102606624700528,0.006587818887545893,0.009481727743029467,0.0015145131186198313
823,0.008770828603534397,0.02226841535463464,-0.003060742452798415,-0.0029154462786333823,-0.0005043761127385693,-0.0011321734897071778,6.939655918003496e-05,-0.0001596893960869039,-0.005231233732364338,0.001983239716627949,-0.004397869932777354,-0.0014670360540200988,-0.00524584578288767,0.0030311143940568996
824,0.015545914089855728,0.010857149446019676,0.01121324035957283,0.007440880514334225,-0.005173658953216531,-0.00654547360412483,0.0026207273383906937,-0.009340823081352312,-0.0016670609819575688,-0.003531669214439148,-0.005976911429423026,0.0016274063874295308,-0.003478441396936205,-0.0007576887377673813
825,0.0013912656727494976,-0.0023097532417679645,-0.0070011418145572435,0.002925747270690948,-0.007829694791841035,-0.008158911138330893,-0.008929964823746417,-0.011316234048727836,-0.004519324447591622,-0.004464016721771991,-0.0065408622346314615,0.0023721551711179956,0.0020581418316609756,-0.0047696710535571896
826,-0.0449551051960313,-0.033024052388368474,0.0,-0.009641002684983135,-0.0009029327977660984,-0.002133964131454391,-0.01933229453311469,-0.001796383950066982,-0.013176385159804127,-0.007606293904744099,-0.020265915213098395,0.00030821450876850065,-0.010461739613937482,-0.0076603152773877525
827,0.019054512410102475,0.035729567480879965,-0.004329709684707694,-0.003811311037225096,0.007852730106607808,0.014559535563489767,0.009690628350316643,0.020035137147738524,0.00030880602179550465,0.006646381685984082,0.00472255972007396,-0.005248762430291265,-0.0013934535633648437,0.006326589740568878
828,0.010945509013179588,0.014009557491252878,0.0009363477247372742,-0.0008742033134652161,-0.003758218914201805,0.0029489657278052306,0.014543552656618886,0.0043527075166114315,0.008884151603032464,0.0008424311981443111,0.01776309668975351,0.0006813239237253299,0.006505691844461481,-0.00014829337954935795
829,-0.010959381684799041,-0.025646115078378884,0.0009557296826345762,-0.0022048662264051444,0.005783767648170013,0.006925546757019063,-0.003929442985240783,0.0068766003485567495,-0.004073788715724724,0.006090963573931241,-0.009975760134038225,-0.0010177909452000478,-0.005199864359667572,0.005884677719810938
830,-0.012053340644026633,-0.01832034208572786,-0.005202539117937555,0.0029819647901980773,0.0002742050246400396,-0.0008683993315958816,0.0015241865731567827,-0.0016367344058245692,0.003378194558701253,0.008913304091567653,-0.00015128747828541123,0.005079869249776436,0.0007288122123672025,0.0055750302463764
831,0.01033397918923562,0.013982415450326968,0.007676545779962574,-0.0007122579767262494,0.0053891867379221026,0.004972519408430465,0.005560297492587907,0.007522455238330394,0.009432741236656383,0.010047896281085933,0.0076667781480850294,0.003994927477359411,0.0007064628284521035,0.013094517642622705
832,0.02440949250647506,0.03020649432717981,0.002810230317221496,0.0024745565965726968,0.0025203540235381183,0.0036990967989085632,0.013582590818673523,0.0033694998911961704,0.0015519714460117129,0.0017649496388605357,0.006211211086435853,0.004408025585929565,0.003985581611615885,0.0005491165726176916
833,-0.0017593427277926565,-0.0003748840438646539,0.003849760294198923,-0.0009212214339182623,-0.0010315825774735998,-0.00013057007992678393,0.0019454528453177744,0.0012268366568033429,-0.0008583088861966459,0.003909975894846873,-0.0008180690416015324,-0.0018777851193654271,0.0024743903037638404,0.006196943380739839
834,-0.00010845226659483842,-0.003985743335150005,0.004382169789958645,-0.00315787189116179,-0.0054891698700654246,-0.0029486967407699183,-0.004943551184290129,0.0006497179270468223,-0.00023883028441140652,-0.008831057557943112,0.0019487933288182546,-0.006503950924290791,-0.004125336828165516,-0.010800301350769814
835,0.0034932269598115795,0.007036001591739449,0.001428591434215143,0.0003081922789451852,0.008387110749882964,0.010794015494688836,-0.008542588158157116,0.01413053308968415,0.003567092669084282,0.0010244938586732033,0.0,0.002710417256020392,0.0018656604789057951,-0.001477787563924693
836,0.0008681984296021739,0.0009539635701383276,-0.006043444921216334,0.004529872354016362,-0.017884124673777535,-0.019156827134272802,0.0014367583687135976,-0.025359159175433632,0.0009470032424356845,-0.017608322311398972,0.000852059039761599,0.009434032717942742,-0.0004823731759096006,-0.018483583777161527
837,-0.01988551973307473,-0.018132385579567867,0.001959861349038583,-0.01120014269634062,0.0005687968500112106,-0.000839372833310037,-0.020474117497995437,-0.0006714414289259452,-0.01943352446964397,-0.0035611594759048515,-0.03052643438469005,-0.003322516534174369,-0.009125969335618933,-0.0015894139412075958
838,-0.015210583681513512,-0.01964186379291455,0.006003664583314361,0.0007179528796381618,0.005506671485507653,0.007157052947934339,0.0015260240716123974,0.007042858908224758,0.0018352372422194563,0.009620009049100098,0.021284894058334558,0.005814446525647554,0.005439325215055746,0.005755308944793924
839,0.008513602171252188,0.010086709142434813,-0.010059824735351164,0.000880423695166499,-0.0012534535210395603,-0.004655143276599105,0.005631898741942365,-0.00627852743287427,-0.00148095998942388,0.0003968488669325865,-0.0023201830564119064,0.012874641151904953,-0.0005907905226578691,0.0007558483488967482
840,-0.00923184045024783,-0.006570375242457516,0.0019759205408558245,0.006513956048241454,0.0035787196281980016,0.0035830547152615466,0.0016333259659297994,0.003368487126893527,-0.008199000775424459,-0.0016852412650445459,-0.016267769656931108,0.006915054976602164,0.0016214342484364153,-0.0005269235403559946
841,0.031491148452783335,0.037051863831292664,0.001884035154950503,0.0007445451507983591,0.008179504801821835,0.006711706043324384,0.009550991360057992,0.0078124815189060115,0.005889218904296278,0.010404293576012691,0.00814647173200811,0.008032188496292392,0.0028987358312981826,0.009418511433491261
842,0.025429101426126977,0.035775582663703176,0.009624712625016407,0.005855910023205624,0.012637016617699004,0.011502195518044545,0.01742513695413095,0.012802445061177892,0.012815412391454117,0.00975577477229539,0.01419758774453328,0.0009096933929662043,0.011644215422437654,0.009995473708729108
843,0.0020361521618195155,-0.0007151035087833435,0.002582688573317782,0.004077232889191151,-0.0030241352521684917,1.745555485843653e-05,0.0021170440382167754,0.002523319325419493,0.0040961899858098505,0.0040102844559921635,-0.0001729074547114351,0.01054300940660724,0.00896444579662159,0.003043785526690712
844,0.0123484114914163,0.007781207105130861,0.0017984067379952506,0.006801133865819153,0.0014886276848358193,0.00214607242008924,0.012136175384835468,0.00595265346648155,0.011912199293259818,0.00794422611456902,0.009620967452804052,-0.0019188083600738537,0.009555451591030106,0.011670046153357205
845,0.00936932459458184,0.0072546970857878534,0.0012549506553396483,-0.008340203343935926,0.006330487244429861,0.002082465242994047,-0.0016711635161232863,-0.00047760067102586845,0.0014785297852091261,-0.0006760288549712001,0.0005404594252382822,-0.004705584228434034,0.0014907453015791106,0.0018523836101085323
846,0.0,0.0,0.002162908775629191,-0.008297064960656186,0.0015284859850019927,0.00462571762309949,0.0,0.00592658264318402,0.0013949188789661449,0.003132267875840533,0.0037926136333599203,-0.0036000480147251324,0.0019370625313221979,0.0016082794830225566
847,-0.0005425613881673286,-0.006156674261131201,0.007480863541221794,0.006466372375703244,-0.003182760052652611,0.001046911750523627,0.004693290855536603,0.0019115783287109167,0.00044793808665044565,-0.0015555775396176585,-0.0021046830561939345,-0.005082333611563072,-0.0021753264514146053,-0.002733244333404272
848,-0.0015871748665929886,0.008153595433519456,0.003980225217446787,6.427644871109806e-05,-0.007256029158719812,-0.006085976435669771,0.0026675643967397633,-0.005623118736618693,0.0013380896145749333,-0.005887852373629876,0.0018794986418377846,-0.002018974856557776,0.00306584944038768,-0.006080029408202847
849,0.0006991703691952011,-0.00014757198032633312,0.003224036328222546,0.0002732268968621554,0.00025159099323524003,0.0034718377544997736,-0.0012585118885102275,0.00692482433365349,0.004880566748466819,0.0036346758582403993,-0.005289463134129591,-0.00813944340613837,0.0006161814909564356,0.002171901745917637
850,-0.01615983282413147,-0.026872226606045047,-0.010577084238873269,-0.003992825303964054,-0.0005395532862824126,3.812234034228368e-05,-0.009343495399541268,-0.0021217699443134563,2.2499771847428462e-05,0.005530118390009164,0.0010972868523833057,0.006022197878078117,0.0009522206360053076,0.0031166792416659206
851,-0.0004188819037835856,-0.0025687146849815434,0.003236060187662204,0.008449786720877484,0.010246429628523401,0.006587578389545712,0.002353523352851994,0.004619817616289268,0.004042281102223377,0.002623221329969283,0.007304878589559749,0.00017716662227229563,0.00034817557561162005,0.003629142863418977
852,-0.0034050186544529737,-0.0077856026252547395,-0.005720019852335945,1.601216674806949e-05,-0.001042908340648907,-0.000629567244356366,-0.0033167567479583937,-0.0010213414234812035,0.004213248772965805,0.0015650684268742054,0.013558385072142798,0.007955260443267775,-0.0018383964437997946,0.0007624738667164621
853,0.023576353289945118,0.022996469908571626,0.005766944660774875,0.0041504434149626235,0.002569794282692328,0.0005092283251393326,0.010648926020548899,0.0030320317901857408,0.002560387683100629,0.0035586981963344755,0.0023676456323578066,0.006281049040179454,0.0018564211776919137,0.0037317029737593543
854,0.0029217251652635667,0.005505039902539366,0.003283839738336347,-0.0033509422485860085,-0.00011799485842445279,-0.0022764008207385444,-0.0001722509997588162,-0.0005188574642094324,-0.0012192584350447788,0.0037586133361315888,0.002530833440360425,0.007425700012721137,0.004969520422516638,0.004140529338952703
855,-0.003966337108197493,-0.00550209720683803,-0.0029089018699774982,0.0005432803098326389,0.004150238479212476,0.0015778468242499954,-0.005372802317838321,0.00024758823693460386,-0.014404877988673626,0.003477608736004001,-0.008467918527104601,-0.002268607490982788,-0.00031654111322687584,0.006163162229972485
856,0.006316904175132976,0.012612055424028767,0.0,0.0,0.0,0.0,0.0,0.0,0.0010744587186346521,0.0,0.004987127582245066,0.0,0.0,0.0
857,-0.017192999838220757,-0.018789962642291158,0.009305190111835948,0.0,-0.001827313202468872,0.0010115058169324342,0.0,0.00214945517011067,0.00022559105944353064,0.0,0.0007807494570890583,0.0,0.0030184811630125097,0.0
858,-0.00512938626546422,-0.009794128348742603,0.0010595026917687989,0.009476046970959828,0.0054672634956549615,0.00880235117499506,-6.518401711730348e-07,0.013082637882781967,0.0017399005093929887,0.0018767787004749792,0.00188138828874429,0.004530030261884477,-0.0012605793261482034,0.0013194530995637166
859,0.000943725501327819,0.010963202033344999,-0.0032632885413308443,0.009872960614410786,-0.0022285834208162214,-0.0021941686030357843,-0.005267290234352018,-0.0023189625359698596,-0.008811457697934344,-0.0033142567352362207,-0.002687387286295362,0.006664545254823295,0.0026682846331365084,-0.00034831038110105794
860,-0.024596552452408105,-0.03263307977436547,-0.007046777288461925,0.0,-0.005087568984391666,-0.00036904174027263537,-0.008627012503733766,0.002055450919248969,-0.004795617658253093,-0.004352912261254893,0.004834245647490576,0.0,-0.0036199733587043426,-0.0030623755942915665
861,-0.012053494349098415,-0.012880812810427855,0.0010849615846755256,0.0005482585013947272,0.003065727192655743,0.0046743503233042105,0.001866593769616287,0.003408498853536557,-0.0051214884469628075,0.0020724923182982025,-0.002192222256640619,-0.007691528758073218,0.0019888759124295774,0.0024283735487511393
862,0.0,0.0,0.0023804619606515587,-0.004095712696129183,0.0004166109915271221,0.0010709485042346145,0.009674405698900657,0.00189477104347624,0.016889422715403946,0.002151295641387385,0.0,0.0018192547246780322,0.01480520557057119,0.000437004535115193
863,0.0,0.0,-0.004098154343305183,-0.005360675036813589,0.0014495388261828168,0.0009509646987915232,-0.006500943561341899,-0.008176090186001517,-0.005809874077612243,0.002128140978161497,0.0,0.0001059138242798241,-0.0020037756002224683,0.003614360735012312
864,0.0,0.0,0.0,0.007936159361564776,-0.006139595521050367,-0.007530445850291834,0.0,-0.005667393827094358,0.0,0.0,0.0,-0.004745710912528622,0.0,0.0
865,0.0,0.0,0.006193331066047136,-0.005898886972339312,-0.004639991851751901,-0.002126244648682274,0.008217913383633757,-0.0016001233101157197,0.004148197404203913,-0.007463921637940629,0.0,0.011826768654463748,-0.0020224759025033734,-0.007336365298447944
866,0.0,0.0,0.002222573310938003,-0.0004102977312694378,0.007466421117207744,0.009592127478916801,0.004577081611518707,0.01570698133967241,-0.0074528222211309725,0.0016120427833401507,0.0,-0.002671903720930402,-0.0003065420853740619,0.003876204074485301
867,-0.060067754765283254,-0.08949416176564462,-0.00046503428017619086,-0.00825704748717726,-0.002510936118607532,-0.004481013189072236,-0.029407088174513873,-0.00499899561169137,0.0,-0.010328628944032303,0.0,-0.00973696893291276,-0.030429188589794265,-0.011350470561675152
868,0.0068327015540097236,0.016186300889247107,-0.005694992724999182,0.001907881658485877,-0.01806760493014714,-0.01664948808890543,0.00523107872202111,-0.019834028628483935,-0.00884007936695852,-0.015306315618358823,-0.015165124487422688,0.006680983288537945,0.006633202442701602,-0.018004288803766144
869,-0.011214276380211885,-0.009609816870220556,-0.008090872803004245,-0.004234072452431903,8.627498505653364e-05,-0.0016067153894203656,-0.01232990173811288,-0.0025699189521759536,-0.0041334836614534964,0.0037444775799029273,-0.014755980105380928,0.0035499665184612894,-0.008695738830157396,0.004722539169851103
870,-0.014901974793852801,-0.014007144535089111,0.0,0.004170472956738891,-0.005366123631800335,-0.0030259986619283197,-0.02415323651032253,-0.004128953381631106,-0.030915666154082366,-0.018276438011706198,-0.009322717737532571,0.004095705308607478,-0.004315273448275647,-0.019666811212395885
871,0.03048744598765385,0.039544270555598615,-0.011685470532947662,0.0024749894467941402,0.004404417445886821,0.003713394069919218,0.008412445301116733,0.0008024117576344025,0.0028645898981771722,0.0027715025047445607,-0.0026767213463063655,-0.0004929282682315517,0.001161526251289402,0.003081187663463325
872,-0.012150931512250551,-0.01439919057480843,-0.0023886596730431364,-0.0021096577103119074,-0.024085841753599624,-0.024426469138497886,0.0,-0.03468872811374801,-0.013866800795035772,-0.012464579004116239,-0.007224025464697803,0.00271528784880104,-0.012053402347115494,-0.012053735769100626
873,-0.006946867868395934,-0.007165833848377545,0.021084532010554824,-0.00920448298103338,0.008142891794864937,0.007983987523216385,-0.015112467893718673,0.011373546070426954,0.0013603367076457928,0.014653274971218266,-0.005870968244035879,-0.005592921076425839,-0.003273488442747663,0.013043957744590884
874,0.0189164557065995,0.024121540169630862,-0.003064439992522594,0.007074436867103628,0.0045318010610309045,0.005821994327722457,0.005202689729930654,0.011269862258100005,0.005241179385166106,0.005898974369390686,0.005742664313970636,0.006061862128602158,-0.0015335530383850937,0.006340655172744292
875,0.0057793968594435086,0.003696575045893269,0.010366989288930206,0.006914015708812116,0.008334633469869956,0.008855957116499447,0.00022493631965225802,0.009656428485820712,-0.012061325875599493,0.012297275947338093,-0.005944419772577092,0.0044720264628281825,0.003563327303433894,0.015468479301926408
876,-0.025152046387308502,-0.03205016016271678,-0.0014074107422734627,0.005908739434454802,-0.003822822163751738,-0.0058544371740438805,-0.011689938351093332,-0.01040715826886185,-0.005766923435494675,-0.0028288027998355503,0.00884410387756418,0.00037426168062992815,-0.007707038745603967,-0.0037645119214939626
877,-0.004064361374681802,-0.009385943717974854,-0.0022644915739293836,0.017257159434310054,-0.0032695687401496087,-0.00677225797540526,-0.005700354980472611,-0.014679353767466097,-4.3822289341299836e-05,-0.01380566861047594,0.0024271887770268563,0.005226631157871253,0.0,-0.016440815185257307
878,0.012244093344673246,0.01904219985222788,0.017301345389237888,0.0036990840161532645,0.007658698915163242,0.008459949093190922,-0.004702668752964101,0.010761957357637186,0.002691326832930052,0.004270400396148233,-0.0013755405192465986,-0.0017662923626744487,-0.006949761650817621,0.004952426425164802
879,-0.004920574912531173,-0.005107901293635919,0.008441122909610854,0.0016294308978501704,-0.0038998315266471906,-0.0028283923638996455,0.0017592642469335118,-0.004490109723692015,0.0017498846366645893,-0.0005625821562826872,0.0005132046585227812,0.002091628255769251,-3.773472900192587e-05,6.199728583489161e-05
880,-0.013645296951279917,-0.025959969710971365,-0.007646462908105889,-0.002907195375787097,-0.01116278292776407,-0.011985692241282209,-0.015964831920756595,-0.01593883865966106,-0.0025555029881410007,-0.015989730603794605,-0.006232141920817114,0.002529617059202849,-0.007068256771171733,-0.017730797968082967
881,0.0001683371371488107,-0.00372571609118566,0.00024051196723551271,-0.005529880976856916,0.0037285050410069687,0.0013526437720372542,0.003178221012902327,0.0011437688609081675,-0.006957580644007422,0.00540332176268965,-0.0016049796155126472,-0.0040076461477838166,0.0028970126058585066,0.007038169889115764
882,0.0137096160760235,0.02287255487228279,0.005220676414871228,-0.0006352850308992686,0.0,0.0,-0.0024098624530424217,0.0,-0.000538008214915564,0.004079037454688184,0.0030902947913507006,-0.007329451854584335,0.00027761367774914447,0.003973379597972837
883,0.006043481425075825,0.006201378478859709,-0.00883893422333859,0.005086300836650182,-0.009342450213077669,-0.008410950000260264,0.003757238102160443,-0.003891236583182689,0.002257548963909173,-0.002566629354841865,0.0036548379522738372,-0.002406356251027475,-0.0017202888343827993,-0.004522622766229389
884,0.0016430833466030137,-0.002807272911631742,0.011948453575193696,-0.006932406657137236,-0.008771248807029508,-0.00693591016723083,-0.005678561326604381,-0.007923681900656732,-0.012529236595372417,-0.015442417308602074,-0.012151127303344111,-0.002655873445624124,-0.0006447047061524103,-0.015361391919796574
885,-0.0030551047865490233,-0.00746486976899341,0.006931271331268363,-0.007465671941321972,0.001728585272251948,0.002096272674997124,-0.004446327931161065,0.0027006454219229425,0.007621723383383738,0.007556990400384045,-0.0029008741584082287,-0.0024284731460024744,-0.006431715405241789,0.0
886,-0.0024494406329687024,-0.002312676883096998,0.0021822439290914986,0.0007506145770364014,-0.014198192511532426,-0.013283205250453456,-0.00791588595775039,-0.015255112850741881,0.0014409572687945627,-0.008437115803283213,-0.016433171392929324,0.0045576931186843694,-0.008062959428333016,-0.0052841390462337046
887,-0.002976447856369191,-0.007390514553931027,0.02394803614626717,-0.01201516379850176,0.00019100440159114385,-0.0027690706543079813,-0.00026881589809235606,-0.016249309549946744,0.01270708669034093,0.0040715586655517555,-0.009280680455981738,0.0,0.0018265508292767407,0.0060146335137751805
888,-0.009666028068614274,-0.012351091284752869,-0.008697235107923973,0.0018809768423295736,0.02043462434153298,0.021205927081077824,-0.004932967199657412,0.026125074932524583,-0.00042571475994890307,0.003647384946235732,-0.0001147393511260475,-0.01654857988674152,0.006035980365599158,0.01003067625219245
889,-0.0003012250309808451,-0.00025376541170629707,-0.0016456527752417571,0.004113204682861138,0.008153514433425713,0.008128726978813283,0.004991717849318178,0.006404199045652703,0.0010348624152927144,0.005364213278521213,0.017849874028792456,0.0004148970363875293,0.0,0.0019360219053385919
890,-0.011818944480670446,-0.018592592099892613,0.009727323092444173,0.0038457057952552276,0.007065539715879865,0.00611684067600482,0.0025933513147613496,0.005275470816130223,0.0,-0.0021654350641071574,-9.9183634162614e-05,0.0031028794155272266,0.0012116672013906538,-0.0004612027867096913
891,0.0,0.0,0.0004984031921893006,0.009495725453952275,0.010184067737350588,0.010442979247259565,0.0,0.01648079728231444,0.0015550007763938112,0.014097184482448455,0.005313272019126458,0.0060714793929221855,0.006371571048795488,0.011901650559927646
892,0.008567691717743742,0.014667729698668808,0.00474398024513345,0.0,0.0030257602030197006,0.004649220074766092,0.02249149622582003,0.010416852029555557,0.013020837616455339,0.003714560899901187,0.011885630136683645,-0.002013403159608629,0.006867730586545662,0.0
893,0.025473216609994687,0.03672410403454229,0.0033343114729786905,0.01576604297962625,-0.0005438341505126232,-0.0003499414579515303,0.007610905582735583,-7.671067859860159e-05,0.005850973981195828,0.004713718637785469,0.0033000276195309652,0.011061883251517912,0.006711813382468179,0.006702667452184841
894,-0.005599299298399529,-0.009220652135438101,0.0,-0.0003971901312720405,-0.0016782668656194488,-0.002039657827237029,-0.017455909674726655,-0.003823130490431481,-0.0014500725436761286,-0.004295563117521439,-0.003522401419157717,0.006487273737635135,-0.0005734755073625308,-0.004263645373683289
895,0.0004677167517161962,-0.00034729338928585207,0.002399266244746734,-0.00019872887465766098,0.003912356708196896,0.00408901050284971,-0.0005036337567396743,0.005682688855127793,-0.0026591804582549727,-0.0006272988689444148,-0.004635526087705344,0.0018277912263453544,0.004019643913709459,0.0011421110927809508
896,-0.009932158495064236,-0.015931261153719234,-0.0069412163247228875,0.0017714945750526567,-0.0006575228867529148,-0.0016128117861526903,-0.006482338759155937,-0.005177224058407148,-0.0036869780803039376,-0.003782215973838987,0.004028136376858171,0.0011301086633928037,0.0006114797959462237,-0.0033413846762755384
897,0.0019578323457931646,-0.00332667757481353,-0.001815982559580931,-0.0035308060171548306,0.0008781220053784011,0.0009313154323526973,0.004004404144687612,0.006183481163924753,-0.0022359183928060133,0.0019166778557266895,0.0003366110402485134,-0.006381628296260544,-0.004553190255196071,0.0011889329418117711
898,0.0008778073314843482,0.002667040690468525,0.009963649680513775,0.005969088237051778,0.013428225155582396,0.009670489592970455,0.009926249099692086,0.013780907123610575,0.0038095737050198863,0.019331785509429267,-0.007187721343150599,0.00206961442427378,0.009536701874395703,0.02038657902562946
899,0.009519770745121114,0.013695623942098223,-0.0009309591806561102,0.011817281750774455,0.0014521910116567227,0.0029807167930240297,0.02525662439780696,0.004195417041414018,0.012345429741571934,0.001018074499938848,0.017073796841421185,0.011075358440336913,0.015149883638306605,0.0005240782027069457
900,0.023478414626219468,0.023170637226568758,0.007611019216380299,0.00589402998897981,0.009357303075978152,0.009427605335873501,0.01227410258793249,0.007983255567301839,0.003059167136846952,0.00268477004952139,0.006028060061941787,-0.0013663424835819171,0.00797864742642318,0.0038655405942229493
901,0.004962721367714806,0.008644511665192312,-0.006846624441897653,-0.005488025418953768,-0.0012731476521672391,-0.001260016279728049,-0.0026907480041575838,-0.002441065941900078,-0.0026638688719247128,-0.0025727653504485914,-0.009560540033968223,0.0035435273469754947,0.0020765487009857253,-0.0003345800319607406
902,0.002052525665861893,-0.0002332973646232972,0.0005141031073803148,0.0021928333650542697,0.0003146389927248805,-0.0017333884605870153,0.001378885290229448,-0.0032436394874331143,0.0003339460301674535,-0.0019339842235908122,0.001285690466222178,0.005891184313217224,-0.002976024300920699,-0.003279127510980473
903,-0.008705567043378437,-0.010258614873908556,-0.0031504669749136127,-0.001110813029541191,-0.006731730803361202,-0.00954177564038794,-0.011535415797549575,-0.015227075799195688,-0.002208201792885056,-0.0024343669627118203,-0.004339937122528781,0.002881825003761662,-0.0021947497283125728,-0.003249299779783499
904,-0.0019435022106151223,0.0004747754997520559,0.0076612959790196555,-0.0026318772946645197,-0.00042951425042403457,-0.0012346956788036323,0.001276415750167459,0.003197279696294686,9.907179174728498e-05,-0.002731722878465348,-0.0050718977105717045,-0.000983392691857432,-0.000914392729942648,-0.00040949405724788335
905,0.006867185582624558,0.012749476039434882,0.0016274287779198815,0.0038776922166707806,-0.0003859622424009501,0.003815885792590734,0.014054262243563542,0.007279353665325061,0.005859731118780687,-0.0013544743292834838,0.011860198079418183,0.002223679806791168,0.008250639879818777,-0.00016558926715859457
906,-0.0059960105034626565,-0.006642612738502862,-0.004980549300545256,-0.0071508989480353335,0.0027624951535933917,0.005740941840599589,-0.0027570071134448426,0.004817896980648939,-0.0017350546263754651,0.008491804552074989,-0.002921570987744815,0.00667677014575041,-0.0021021870265727216,0.009054354074669035
907,0.02192237422103105,0.037649936019338526,0.01279623181418632,0.004417059120489952,0.0044064024398462465,0.007643018610953511,0.0,0.010550860088116565,-0.00041317022197784325,0.006261716846324816,0.021116532949198685,-0.003488506973395644,0.015133508155871667,0.006856772364127295
908,-0.000315317850139607,0.0015789043437806072,0.0029726172953337127,0.0007668570431231814,0.0025885876609486047,0.0029238472769890222,0.011597202824484398,0.0022135084113799053,-0.0036314275354998315,0.003046743682646458,0.0011175925127435704,0.006421116083473066,-0.00043302623664231987,0.002966182650226301
909,-0.009466715510939139,-0.013253798653005688,0.005019710546570799,0.00484303078216719,0.006672075839549763,0.007643095660683663,-0.0007074198758054706,0.007511422448441607,-0.012328156705887494,0.009497474719671217,-0.005351608699843524,0.0011851432865235267,-0.0008903927090866404,0.00926427664361995
910,-0.0033266025587472825,-0.005486457873070449,0.006645860133176917,0.00484948911751637,0.0,0.0,-0.0020596765802345374,0.0,0.006045543563071298,0.00046702693497202574,0.0029666915430652807,0.0013126833427570261,0.001320450675057927,0.00099368503401287
911,0.0019314371199321556,0.007965365888789933,-0.0026170361422028776,0.004944558813743782,-0.0016285915995428724,-0.0018075342045484888,-0.0007274356769055856,-0.0010335454092604834,0.000881709617779336,-0.005701602432074182,0.002022225018125212,0.005401933261214964,-0.0016144514340368232,-0.004572865691242711
912,-0.02614231231787123,-0.027584835296758925,-0.004524671816152015,-0.011785380104907262,-0.004317232542787153,-0.0048471730101233845,-0.015520102561822569,-0.007799485245406856,-0.022239400176608193,-0.0013912976086771778,-0.009798029930429664,-0.0008943081983208145,-0.009723963639491018,-0.0011968595588385256
913,-0.001751420795459424,0.0013597984749562642,3.892265549865215e-05,-0.0009746662254492833,-0.0008453274116853038,0.0012357930584538934,-0.007632203838880969,0.005338658541381491,-0.005898609358786722,-0.0037318569362332354,0.0014292874160251046,-0.0064197936778285225,-0.0014316453460221368,-0.003983794229373672
914,-0.004424721092199491,-0.0035545645170032003,3.1915447075370196e-05,0.0036089454579890656,0.0028599463400986735,0.0045005469360823724,0.0031395137843137633,0.007439990857079692,0.003284027221037711,-0.0017044009976228125,-0.0014696488934227148,0.010574761091774576,0.0032864072500427,-0.002347644357083567
915,0.0008431194813445231,-0.0014608788958980767,-0.011791893976355716,0.0039236943289502335,0.008448173609833631,0.002282619578949152,0.008020007755087377,-0.0007915610434565679,0.010533149963581678,-0.0014750659107090058,0.0050975770219618965,0.0034850166572368835,0.0029981264021916587,-0.0013689250342654447
916,0.004373598739625173,0.006600248122566654,-0.004339619977995923,-0.0029226416153864676,0.008965467199335109,0.0046095343020660096,0.001399506951559104,0.00585148672739777,0.00291792088403664,0.0020497806508092964,0.00195576574911982,0.0013193269402442809,0.0020543693532157903,0.0002573222900466021
917,0.003964046710596136,0.010370019730379099,-0.00764010230365475,-0.006517121085289901,0.0009921474325871316,0.00017585372838446744,0.002920108297532309,0.0017028849355060771,-0.002005177638006117,0.0008612272714945135,0.0,-0.0032637743982792955,-0.0028008163114527918,0.0013114820016397744
918,-0.001554412504262359,-0.002797829322638279,-0.00020320250404104456,-0.0018053262011736848,-0.0008603853452786581,-0.00340958455501017,0.0022645867971462508,-0.0042947273063198566,0.004498977008501548,0.005621772673290337,-0.006971170334990617,-0.0014409935965726817,0.003601707583813507,0.005450264362689694
919,-0.0020207410206607435,0.0020004777718956035,-0.015619104136921358,0.00485190637516375,-0.0042445386909779614,-0.006552665466093899,-0.0009245911995403588,-0.004581897506117372,-0.009100255193684958,-0.004668708037745439,-0.0030727236689056525,0.000337896311767949,0.0014394529646324372,-0.0056329916180217765
920,-0.010461501349462665,-0.015967441211813593,-0.00390705918424139,-0.003632939083765052,0.00011465584389291905,0.0035755977088189894,-0.004609951457039685,0.002687857695255147,-0.0030776298027559434,-0.002769088076068016,-0.01989647079644996,0.008066082628749527,-0.001135924505748065,-0.00536911338918955
921,0.007903395081668485,0.008039928995088985,-0.0007477178417616415,0.007670750514112257,-0.0025294262699020464,-0.006195889464843951,0.010615365658811271,-0.007429531696807601,0.013367494929208412,0.003111215224168795,0.019794484376568278,0.0011222120911664746,0.005018525740540625,-0.000761207181556145
922,-0.0128119856066089,-0.01154272124151845,-0.0060615278214148915,-0.0013590129224532177,0.0006516636618023597,0.002824701686249931,-0.013796636900570647,0.007051673649948853,-0.00048715022749945547,0.003921519322953593,-0.002341267287059523,0.006630904527110459,-0.006158723597668114,0.002794793985421151
923,0.004481090221414519,0.005813664234896265,0.006242950919332024,0.0049791992456249545,0.006503526906392665,0.006824145139276538,0.003350618508632053,0.0057440682007285915,0.0038666409092620313,0.008957011878370835,0.009484404111468336,0.003924003485144212,0.004727820125513205,0.012231814016896436
924,0.008016256639731267,0.009811280244029774,-0.006742316669717141,0.007717827933124255,-0.0029007698149143835,0.0046771928134763385,0.002019936431324254,0.00845959678481023,-0.00915448393475593,-0.00015520976999194858,0.004093637364956493,-0.0050471039595514355,-0.001391350170694139,8.43083094004271e-06
925,0.004804971773152644,0.008438070703176592,0.006727493097344883,0.006075887095327914,-0.004741342440887308,-0.005276296483600618,0.0024602169594363232,-0.010019378546871849,-0.003762565028659459,-0.0029986120837675045,0.002161705984461193,0.007898428422663528,0.003798712200090648,-0.0064602919911536105
926,0.0024413658946960126,0.00044717318341369605,0.005412870579913687,-0.0036146354698711747,0.0018945524216267273,0.007360535770782661,-0.006897851796146881,0.01106551275798573,-0.003970295898943377,0.005123215535681069,-0.004533052466916487,-0.008354455554425044,-0.0051890251522941355,0.004071318251208211
927,-0.0011995581350525697,0.0005646360959783436,0.004625358590548245,0.004757983459263926,0.0010622450174366804,-0.0016174219290565617,-0.010311903025295166,-0.004437074562011034,-0.01796062157255207,-0.0021702907442469055,-0.001911018769025219,0.004039901997431983,-0.005177278075642278,-0.00025252164121702947
928,0.00384504293695187,0.00477987664630497,0.0023466863538015303,0.0028235603989852365,-0.0008574182289393661,-0.0025819853720445707,0.00142534316627696,-0.0023806128789249925,0.004522972965138372,-0.01380616045144123,0.004270399690883053,0.002539297219476211,0.0012394177803898287,-0.017385562757755935
929,-0.0067393910980619864,-0.00774225597453615,0.0017610197930020277,-0.004759228988726605,-0.012347025838749914,-0.010945206952139408,-0.013187672404669115,-0.011938891760509662,-0.006955088186347602,0.0006198647181125949,-0.00868742923742083,-0.001950636650844828,-0.014971823157859276,0.0011544512263181872
930,-0.008128396798387172,-0.00629866208788421,-0.003686318206810313,-0.0034849419988542962,-0.01050942322046744,-0.009039527568805994,-0.007663122625658048,-0.007896107904572958,-0.0035676827570227942,0.005341451133628716,0.0009038458054337895,0.00028273615401630536,-0.002730377122857064,0.0
931,-0.014171154308530554,-0.014299982755675344,-0.020177143826266786,-0.002994625831879816,-0.0037088065214714305,-0.007309388539565198,-0.02375546049793087,-0.013285833800793512,-0.009568049383775978,-0.03330271373229987,-0.02129331069923701,0.000280768530847908,-0.009351677091711252,-0.026519273028441148
932,-0.016290505395504695,-0.01674647576097854,-0.009669384523129487,-0.019137171507217943,-0.029397868459609455,-0.030230182169694864,-0.028917078203821944,-0.03535369373898156,-0.025932301526398582,-0.024525895687065535,-0.017550963669210162,-0.009046783321682739,-0.020633946669899927,-0.019498059790405975
933,-0.015697287131972715,-0.014039609321610413,0.012823474876477725,-0.02472984120936239,0.012050225307138618,0.012933023911166686,-0.006717396119771735,0.013783603226341867,-0.015257189832805551,-0.002840847185671791,-0.006535627002724809,-0.01675294880127609,-0.007553881850002497,-0.005837125946428046
934,-0.003200723660659044,-0.00506156572562233,-0.0031241539335553625,0.0063704133133413166,-0.0008628244168242816,0.0007665823338589561,0.0007999906027169601,0.0037665526286154716,-0.0040708766438601884,0.005935974792889986,-0.00334534960514965,0.018630196935156107,0.004475102005670806,0.00555319518645625
935,0.009301160598928604,0.011789909677045074,0.008083176911383383,0.007426926356055574,0.01416907546784607,0.018588462466865074,0.004748491673359112,0.022178017091956548,0.005691458672032468,0.02017430186068392,0.0037357975979510627,0.008129108908844884,-0.00495780602632756,0.019562710574678732
936,-0.007111155183402218,-0.01401144787897124,-0.00631650815903928,0.002478587801890697,-0.003446273848920711,-0.006638593133657444,-0.006971542062652603,-0.010003648560777734,0.008884669892037067,-0.01113842003168486,0.004431923848366992,-0.0001002269926679844,0.0,-0.012413081905490841
937,0.014398052668372685,0.02063119720974349,0.0038065804218669896,0.0008956413230407634,-0.014985751365998112,-0.012393809115915033,-0.004427023325186852,-0.01210059652762041,0.002340203239540095,-0.003424738921335546,0.0,-4.3201291122230145e-05,0.0,-0.002159048376892514
938,-0.006318335588209045,-0.008488280293331485,-0.003653532192791964,-0.003313345434950321,0.014699288495700458,0.015018346267301474,-0.021267177057175957,0.01926406199027042,-0.008510688593572624,0.006607536206554521,-0.01115127797710258,-0.0016541893126902352,-0.0070333164234899215,0.009159606706370838
939,0.0041561063169224255,0.007145308578449416,-0.016204522542983213,0.004162733145946618,-0.030933710471268583,-0.02973035245453559,0.0008294595517117642,-0.030707329630178748,0.006490390374133348,-0.019563410336391307,0.009714921262215626,-0.0004616332052584937,0.0002764765057570173,-0.02060301721987301
940,0.0024499539400162362,0.0048074860932985075,-0.00435523704799845,-0.028885398696443687,0.003915909117464977,0.0024612366981804357,0.007605951407965605,-0.0009420284381604915,0.0,-0.0037958850163821722,-0.012151913879474563,-0.013515125615393586,-0.006857238217333972,-0.0018017017457250262
941,0.00284417204385079,0.0056711313197990165,-0.00396129601651829,-0.00040583406257788113,0.011915685730441439,0.014323058172244885,0.00932121718106238,0.01651998695872159,-0.00579478282434831,0.01340237016851642,0.0006447191905856187,-0.004564727780646649,-0.003544258070313333,0.014005379693108111
942,0.02077553558664924,0.02915393135313238,0.012498100845820481,0.009617161619379644,0.00960294422648289,0.012033175564397425,0.02143696788846583,0.013437671978509869,0.0065838095649040085,0.013426184569584443,0.00704457125196889,0.00441244918296313,0.0042988662040830405,0.011976328987783447
943,-0.0010758438696996109,-2.5647085118762902e-05,0.009302951807665494,0.011927241428132618,-0.0066547463917796534,-0.007946215312115257,-0.002296151123534429,-0.0068019497716527155,0.010435578188753958,-0.006709782302983136,0.005531512334750133,0.009426077917165543,0.0023944842923153686,-0.005643347633176532
944,0.00011460389279172034,-0.0006412862469513669,0.0004151512548959957,-0.009471789492387472,0.009212764591447709,0.008212979557352895,0.0014666228435800122,0.008973813647768836,0.002242108705932111,0.015634113806213712,-0.0028405040134806825,-0.008787192467732297,-0.004275740320375476,0.013242333887616198
945,0.0010791074496356856,0.0029785390498258124,0.00044117182632685825,0.0028494217331616056,0.0018877059566886345,-0.0005062029592783901,-0.008460432950210262,-0.0035998719885785846,-0.006966932624940192,-0.008579992895295874,0.0004577084098560391,0.0014835323687432123,0.0016542933088334877,-0.006270178828870598
946,0.00484010809900326,0.0012814798199034527,-0.0053936575688036115,0.003270706434108206,-0.024030691416491834,-0.026288881122837893,0.005001513375045619,-0.03044352230992864,-0.0013899696782688764,-0.01004429935911677,0.004010772507442084,-0.0096377167657824,-0.005575404452436317,-0.011753382905183685
947,-0.011754991555697814,-0.009892256454934412,-0.0009400299280217794,-0.01280565492695196,0.010477160714897238,0.010923112730798046,-0.019244838834795885,0.01306867439432935,-0.01655573008697342,0.0025470732425070253,-0.02196083820481931,-0.013160530286997485,-0.014580035159516669,0.004366276940151792
948,0.013396482183924974,0.01846734277840234,0.0004175227573588458,0.004817509793616281,-0.004680246104856067,-0.003208321800556746,-0.0006333608356463571,-0.00341694968704509,0.0043166488102537315,0.0070954278156998285,0.00958036872619239,0.0028281157159479875,0.0007141676266186892,0.0064381483624380564
949,-0.0029089062728164805,-0.003094811766496619,0.006730812236940054,0.004532902453046717,0.009966470683679063,0.0065241515305629605,-0.0018950968778703725,0.0038166345442789407,0.008531512100140581,-0.0027496582592636543,0.0011403230095705652,0.010691998450344187,-0.0036087782109586186,-0.0015113427318595996
950,-0.0009819344034198707,-0.0016510620020877553,0.01370309114067414,0.0010454805207373852,0.012449041057227106,0.01260748244109422,0.003430294863846939,0.01472019840254113,-0.0039643524061583335,0.013891039272222905,-0.0009032768800754098,-0.00434774684088346,0.008262956033908253,0.013561418389800295
951,-0.0016201499475565484,-0.0034949702985134223,0.009456860959921265,0.014765863972051818,0.0015551556362982666,0.0006425807598766653,0.0008256348609503306,-0.001319035811670588,0.017625804521427924,0.006770352726594098,0.011827548831782053,0.016603243775842103,0.007979533162561836,0.0045129437109796555
952,0.013034164652058422,0.02152588327875371,0.011960843261730858,-0.0037622989227266146,0.0,0.0,-0.003823850339879087,0.0,0.0007111554591050506,0.002449783187027599,-0.004074081214660907,0.00397081815231104,-0.0076129731279159785,0.0016853120941799915
953,0.002064804683978849,0.006688580631832863,0.000429023394780792,-0.0009123533400163808,-0.01086273862288678,-0.006923009332685304,-0.0038589561643060932,-0.011204196548563417,-0.0017789620152459662,-0.00422754183706342,0.00024103096209238117,0.014151241804324144,0.0024847539325740797,-0.003443624202901674
954,0.009260272651474999,0.00689253228240716,0.006882811029586655,-0.0031082275291431927,0.009050390648909001,0.010783725278421308,0.038250972690459406,0.012960810676482026,0.01155238811937398,0.010731221207330499,0.0011620049761909002,0.004936704134237857,0.012840202728218841,0.00875790537508081
955,0.009573992947965237,0.0085383863646733,0.004892482382758523,0.009144721171427506,0.014041461490766238,0.012925912921759597,-0.00029039788875806494,0.017392350610764495,0.008123677671460605,0.008135159052679697,0.020932739406978484,0.008911741647736449,0.005253583861442479,0.009767138822958543
956,0.004591130472324068,0.004072029385014275,-0.0033936415595103853,0.005143046572728238,0.0025898101448884603,0.0009101908043769313,0.006586856756705117,-0.0016967129625005128,0.0021824302749369195,9.23579023863752e-05,0.005374471468979181,0.010062077391834734,-0.0008201738377611179,0.0030057775390854857
957,0.008346155145527945,0.018008720506941245,-0.003911113205379735,0.0001053297516317997,0.00141885985465251,-9.401467889968984e-05,-0.0003507212400073456,-0.0019307468256606342,0.005172943516242867,-0.0019417614428061114,0.00559057087450654,-0.0014325757720730081,0.0005881906121327773,-4.861710191406132e-05
958,-0.0011710468517254213,-0.0037061454339184507,0.0003193802613532526,-0.0051123088993811905,0.002750769439437306,0.00032225242593053594,8.542278482615018e-05,-0.0004056228426883024,0.006185138898034737,-0.000990900437151332,0.0034501926643759617,-0.005401510794744269,0.002976778846464967,0.0011352489126998933
959,-0.004109416068644123,-0.01122287658257548,0.010537936793492797,0.0036069646440157754,0.00842277861529439,0.007203672326387078,0.017658581648378302,0.01052315107895474,0.008389571860798029,0.006013245189366856,0.009567918023851263,-0.019731066328516178,0.015348821343998509,0.005082839005936535
960,0.007427102280802345,0.006683719002582578,-0.0060744131900847265,0.002542697466040522,0.0016719659284518684,0.002875016278233389,-0.0026335146690463773,0.0030297412198994067,0.0,0.0053637339976537746,0.007465875553073431,-0.001815883913826255,-0.00298776329782946,0.006247480101261971
961,0.0,0.0,-0.002950788401794746,0.0021465312260904312,0.0013628300257995107,-0.0007246768769650913,0.009737660861466324,-0.0021696387103151693,0.0,0.0017205925132710576,0.010454525977229068,-0.003826586379981123,0.005160444897251537,0.003173947443244174
962,-0.00016165986292726586,-0.00017239343216957081,0.01513701976420112,0.000644517942156142,-0.005256322901791677,-0.0031405129163566414,-0.008375608036235604,-0.0028376708773887316,0.0063336089735601675,-0.008356009621655502,0.0,-0.002918639779252885,-0.0023568409193153173,-0.008958081336860602
963,-0.017517845344755756,-0.019886723937013073,-0.0047602325428348635,0.0032612985949374007,0.0012541784458619532,0.002578425372462334,-0.012401599832038812,0.003975630082184267,5.3391240546041274e-05,0.0025877825308757707,0.0005924694747836412,0.0033438409776778144,-0.006554011641005886,0.000798345033700798
964,0.0025285301945920935,0.003133047776072928,-0.0008014986556963422,-0.0020482640852357292,0.0013372915310032596,0.00034263328426753503,-0.001349202778818892,-0.0010547781336782691,0.004064743212063071,0.0011672550363499568,-0.0018474754416875072,-0.008610798591774937,-0.0050898752640549105,0.0019236041424139927
965,0.004551471137078877,0.010088129802150902,-0.008490522015998536,0.005358567065737674,-0.001928068949414552,1.9974521929810862e-05,-0.010716129664373852,0.0006711070530300844,0.004635003049354047,0.005122117863847642,0.003805843770496864,0.002428655018071879,-0.0025420489368030985,0.006951289374738323
966,0.0023876948529757414,0.002944221652542822,0.0005865998394609662,0.0019779167949209864,-0.0059122572996432865,-0.004907599104880589,-0.0012580867910987337,-0.008000995008321965,0.005354887977103928,0.004131530857666377,0.0015701656237467887,0.002620368395872319,0.00027851091430441954,0.005261069280614095
967,-0.009816983879086472,-0.010183016247742316,-0.003923403972882156,0.002804110086351841,0.000553768413910305,-9.694061782816732e-05,-0.008100209373207434,-0.0006420110195133333,8.602542634417176e-05,-0.00903309713646916,0.0,0.004049307209568198,-0.005216623054678848,-0.009684425535992247
968,0.0027706920410812685,0.0030869187947164534,-0.011166176496883118,-0.00011857421716321426,-0.005291181609983653,-0.008451988963551926,0.002232222418799168,-0.014756186696056162,0.00445536969270055,-0.0002296348233361556,0.0008941116732010812,-0.0013454898267095672,0.0038801613442416283,-0.0013919673889173367
969,-0.01006953943046085,-0.014405048121881592,0.002088921048648551,-0.0057507282661042325,0.0060597437278584465,0.006139685241963733,-0.012853856894652793,0.010422588172032121,-0.013247581737266145,-0.00631268952033448,-0.003567150387970841,0.0002514226389109808,-0.009437602666196199,-0.005399531454839845
970,-0.00895230862568308,-0.02155401277537372,0.00448579626603518,-0.004870129726670669,-0.0029554084847109863,-0.0024318710096125074,0.003715531589262966,-0.005800812197731986,0.000544913947041259,0.007093210457614241,0.0012748297433109457,-0.0035667372252454754,-3.202289779125067e-06,0.005436303420893296
971,0.001050912009600502,0.008848380322863392,-0.005323036459253139,0.00574898728158324,-0.002638889415223389,-0.0053305345791292424,-0.00335094937694258,-0.011400075901400797,-0.011924198157783117,0.003463677309468949,-0.007710070822263049,0.0012678609100351679,-5.7642969615301354e-05,0.003871108365672171
972,-0.009243964128406112,-0.010815440405680832,-0.003923614520153329,-0.004147941426831281,0.0035945452181316284,0.005034910215249155,0.005282113954097056,0.0074923588264486085,0.0063798811333830585,0.005455415543472064,-0.005640499862291648,0.00819043502309924,-0.0018060318193420244,0.006625175535800665
973,0.0,0.0,0.004231799015885329,0.008115537924338057,-0.012854611729943954,-0.01233412694541336,0.0,-0.011398106033725597,0.004531474848986861,-0.013242755368988668,0.00593022764873119,0.006511119632703455,0.008311556263546294,-0.014447801724193354
974,0.0,0.0,-0.01439915417847093,-0.015378351531449397,-0.01878134410543275,-0.018065404187643352,-0.001901990297392686,-0.0157299949016938,-0.019740714642828117,-0.029878321872448765,-0.0048841809553721305,-0.00413243566613275,-0.013626969655883059,-0.030281194745898077
975,0.0,0.0,-0.004392942270284195,0.0,0.004683280259921929,0.007940304773866202,0.002593182813788175,0.011114240079301396,0.0,0.002182239509754602,-0.020263476200655717,-0.011981091135419675,-0.005000472563684966,0.0011887715329663706
976,0.0,0.0,-0.005525890565805547,-0.018667381725689935,0.014123715103576018,0.014116785239259855,-0.01114102748192991,0.01390275640553007,-0.005537245970179683,0.009442718756384139,0.0032026169462557874,0.006595791778380544,-0.00311688506435992,0.008548857852110459
977,0.0,0.0,0.009856345590515403,0.007109741096522626,-0.0036078468024047794,-0.004488352273681606,0.0,-0.003285098578386325,0.000514562616229064,0.007063642545674931,-0.0016336968367216542,0.007572574791076647,0.006837326646254027,0.007091734481083023
978,0.0028803843887530434,0.0030135618535727104,-0.00417536953216846,0.00452988609026761,-0.011929024071477556,-0.015683159552110304,0.002798876113757842,-0.016795029447266074,0.012055278838938754,-0.012118218447196405,0.009893670626331286,0.0036859532806570172,0.0036616829535951467,-0.011147270838181456
979,0.003867496157415218,0.0033516760235130505,0.0018927185907191557,-0.007107998158909723,0.006930918391391927,0.009063296514845831,-0.008166207257964686,0.010168308553941685,0.0,0.006471301654040751,-0.0061053041888285975,-0.0068579767102256994,-0.006757335816054422,0.008513655641797513
980,0.0077819314413209995,0.013741911812024554,0.003124464156203821,6.10827009612791e-05,0.00570223029461836,0.006395202411782819,0.0009775746568685406,0.005933915217918084,-0.008884790174866097,0.009573389112109254,0.004445636330833835,-0.004959777212388161,-0.00013591068476515034,0.009157491450999089
981,0.00876490334453095,0.0029506306112452307,-0.004950647623836346,0.009077173672817906,0.012001658250587965,0.010879579673789053,0.023090287001041432,0.013276238218729475,0.008082995568269524,0.01591014597766094,0.011390380737072547,0.0033909932027089695,0.00789564440914603,0.021507412423217076
982,0.011441984911124692,0.012343570513253965,-0.003925654280037882,0.005404075710394807,-0.0010906088851037055,-0.0013880816732187995,0.008079127366142913,-0.001041884887669653,0.011084676819372419,-0.0033232247249737057,0.0,0.009374847463410774,0.003359822024970427,-0.0038337311072531577
983,-0.005610960064688086,-0.01181090860007572,0.00657714165587997,0.0014140935178321712,0.008824880715584627,0.009906445376488549,-0.0006758947362897061,0.012355264352185813,0.00037238860562283094,0.0095734595177559,0.018558958974846718,0.001698105317661458,-0.0026535934968023867,0.011849314409689171
984,-0.004134204874725711,-0.0030725115805232406,0.010656571664656056,0.0126229408830838,-0.0008447778427349562,-0.0020015445531935683,0.0060318035382334045,-0.003014806039926654,0.0070634628776744535,-0.0019729383099766906,0.011893972182647872,0.011996177670098973,0.005931994783612282,0.00016674242925773797
985,-0.00046335579617906575,0.00034531037467111503,0.0015619164795896978,-0.007719140038380701,0.0008847432267913291,0.002759021969774622,0.0068847741108513105,0.004013255325414633,-0.0023505932543317343,-0.0028343085444193505,-0.0009375916252647443,-0.0032955650780728263,-0.0027376710550477412,-0.002957730284082416
986,-0.013250260460256236,-0.011667108680040172,0.001552297276321113,-0.005249591935562847,-0.009505657865068073,-0.003927045709799515,-0.004812956835793969,-0.008286203046843355,-0.008336140404908932,-0.005784599315929562,0.0018164753527631916,-0.006730657144322194,-0.0038395575729737175,-0.002569802333159288
987,0.0005036696422475728,0.0021020034682326383,0.002988722155820689,0.00042095362988625595,0.002143423257697563,0.006848114105334702,0.00022825632912137905,0.009038678179388526,0.0020119343962328173,0.0029697185053825237,0.00249639254327505,-0.00039495191080263226,0.007992606798465474,0.005758131331198513
988,0.005008414142544382,0.009222934559490525,0.014768297555435517,0.002956946029229357,-0.0014749781545795315,-0.0035750492583765947,0.0022619111229005284,-0.007215791223046608,0.011565729906620525,0.00023793858169085524,0.0,0.002495326912393736,0.00683197419517434,0.0013157686635043575
989,-0.0043282854630843914,-0.007739805793539389,0.006881517624303335,0.00013486430808740124,0.0017101032709785358,0.0028431033458300448,-0.00822710164869811,0.0019095356634544203,-0.003952531499336054,-0.0012635094771855648,0.0033860214133056843,-0.021564604514045627,-0.00519906728005104,0.0005740176149053866
990,-0.00023805883552263651,-0.00125397859421561,0.019468441178397633,0.0030673263817231344,-0.0010596644606106764,0.0019186046591705974,0.008665664191202183,0.008096625373861244,0.002419327239002733,0.0067749603842042205,0.005519178497834787,-0.0020539725817485532,0.0077901560004729475,0.004006564224361853
991,0.004752507775217296,0.01089515081028658,-0.0012660334059155787,0.006789391910272613,0.005674162000188332,0.004064429510655998,-0.004883868825684701,0.0069780052933214876,0.0010686254077798552,4.543112051358378e-05,0.00216072507260634,-0.003966662657775899,0.005243594957109465,0.0009135500475476732
992,0.008465156504858129,0.01453395543512137,-0.00575885678538679,0.00022255357424327826,0.0049089144872223045,0.005565819916117931,0.008359823960445212,0.010003048616786359,0.0027311836885912655,0.00031840422779350064,0.002954383478291689,0.0,0.0,0.00027860917162669807
993,-0.008719001845824081,-0.005713145096768457,0.010297169508728388,0.0006969705381791869,-0.0007111887244342086,-0.0008327519564801378,-0.0038935911917512556,-0.005919561828937603,-0.00043482714090448127,2.7315626738300125e-05,0.00466222762738866,0.000473566805274217,0.003606704546758266,-0.0009933672923558845
994,-0.005042808101012319,-0.0066390670800942075,0.008510398652763485,-0.008321643679904511,0.004247424139162348,0.0032480894008575234,-0.00445422144817087,0.0032725603556240657,-0.00595258936797638,0.004881825350200764,-0.005718897394318745,-0.00039011299790381315,0.003397333736158359,-0.00049708765175005
995,-0.0034967128910396994,-0.004784424060977344,-0.005915447988183331,-0.003909282790505841,-0.0051798538094747215,-0.003027438634539692,0.00892259027249942,-0.0014003230244714615,0.0015418608578467996,-0.006219835064551482,0.003667018826632784,-0.00015940101459399614,0.006822220875656981,-0.004396072538558116
996,0.009899386301935209,0.017183560971622214,0.012506188570784005,0.0008550827916469217,0.011072333470039553,0.009615930559647268,0.007185667456800715,0.011276741367460374,0.007992991812584727,0.005314234762818337,-0.003332164826728601,-0.0024251033753106555,-0.000139318653394227,0.00534856760518565
997,0.005827769286292472,0.006690240111058898,0.0,0.0026654410341180323,0.004187238821174333,0.003697245805312832,0.016342792402218365,0.005564927089039884,0.014202089805436025,0.009252737480510476,0.0,0.0036969787439566915,0.002155940871267248,0.011378982828876616
998,0.005386282025446221,0.0071168466288895615,0.006513733740269423,0.0015242374906367928,0.0011107863446557786,-0.0011864027118200227,0.004928414159774519,0.00017542123865865733,0.005804018597786786,0.004701676633845686,0.017405935558711505,0.0036954316757267236,0.003771762157692038,0.0030810360966242456
999,-0.004341585805258674,-0.007842693900800057,0.01055253657914701,-0.0055250680006775355,-2.5575067841288046e-06,0.0007022505922886779,0.000189273658492084,-0.00285537299593841,0.0007044944587049073,0.003736536383192046,0.0022265791929800827,-0.007625741338483039,0.004318657607345955,0.0033182757702281407
1000,3.6883519635821926e-05,0.005715375391208255,0.009249754759391493,0.009920286466631012,0.006606837553604805,0.0027263752442809874,0.005711273514165782,0.0028363849873276337,6.535557019038407e-05,0.0032792287032501477,0.0011365065377937356,0.0033292676697573853,0.007033806544093579,0.004851645149466677
1001,-0.004889896502175084,-0.00223596525747638,-0.011819493459593211,-0.0003717278643478039,0.00023265584156284547,0.0025574031451167656,-0.007066537481343005,0.004824427016203003,-0.0032979245503881316,-0.001038612810177142,0.0026346737791573815,0.007560090187322288,-0.006540437485172745,-0.0018983846427929052
1002,-0.018457649488896166,-0.021943107328675993,-0.003953053991987865,0.00717219291807325,0.0003702183378102575,-0.0019643954133385932,-0.02655416166163782,-0.00130219191081693,-0.006167072180855548,0.0002397839787660061,-0.002569544721888306,0.003928070476511891,-0.0072714627687009425,-0.0007651850500725033
1003,0.0016653299928863774,-0.001078065362333902,-0.003484093166331803,-0.002883444384407241,0.0,0.0015634233012633558,0.0051388819649407225,0.002573345855832798,0.007892089959796955,0.0042882854687942284,0.008032593599180515,0.0005968599942427488,0.008343093724327844,0.004151670494358939
1004,-0.003292092068073238,0.0018297319667439638,-0.005869132693521628,-0.008118173263660822,0.0033203987758891884,0.0007112815701173503,-0.018413956946091048,-0.0004703194126367549,-0.008664547906840347,-0.001929177821197392,-0.008545788234417984,-0.008352311371680798,-0.008784439520416853,-0.0034270042459727534
1005,0.0015924472094424047,0.006041875417105658,-0.003906862054685156,0.005463994732602728,-5.863007664075326e-05,0.0008366926144560694,-0.009368469311370475,-0.0003631927979892424,0.007874883277038336,-0.0014804635068195182,-0.007676013140994087,0.005872687965917223,-0.0022777921288046343,-0.002893746683898968
1006,-0.006388354036817923,-0.010164730362394181,0.0042238570315129564,0.008663068842102106,0.007992237163660931,0.0076660287779724,0.00011284647301224027,0.007263380116359741,0.010670998308324187,0.006023287281643697,0.006966116241441611,-0.00041752915032056137,0.0021666902970025603,0.006161844991657617
1007,0.00615801963262097,0.006949198475862062,-0.0035294654782775936,-0.003967468148097453,0.0011181106386555228,0.0005030263228107401,0.013372949032659065,0.0010661137157317313,-0.0006893523687443448,-0.0005204813396169072,0.004856142192554813,-0.0019790687504546156,0.006094591756552248,-0.0018041287057659616
1008,0.008485155556035018,0.01780004098794663,0.005867545789564943,0.006980426050438027,-0.0036519866641686605,-0.0005927700996934959,0.015349879328779181,0.0024204450742413286,-0.0034539080124611488,-0.003854101573582014,-0.005314118360900011,0.0017532489795790696,-0.006091501240190311,-0.0022589716808827376
1009,-0.007849410452795524,-0.008193458239185603,-0.0017760565052062915,-0.013563479701209857,-0.0040509235188324055,-0.003763256420940664,-0.007565004858676616,-0.005138770603570819,-0.013051268559792106,-0.003166827961363694,-0.0062048558673986065,0.007613995636701176,-0.0028105071903059553,-0.003436160542831246
1010,-0.0025487722771755372,-0.00353454982918322,0.002085407761250657,-0.0073906856939771615,-0.0019716993347014267,-0.001584006086188694,-0.01584577092378403,-0.002409509717393732,-0.0136053798239546,-0.004050848762206627,-0.0047628156907997266,-0.00158022777081257,-0.011700577870231044,-0.0011461800391234789
1011,-0.006339656962824236,-0.015209555321785473,0.0017248196073822442,0.00551458176061459,0.003929779633944364,0.0021725739423761325,0.004832066735835028,0.0016057620907368175,0.0025531925794091137,0.0028862019725517385,0.0032198697043952507,-0.0010829166975767635,0.010420995391481114,0.002079592731613289
1012,0.007210607833027183,-5.609845208809361e-05,0.002588562081961676,0.0032140161177505178,0.006823209625379079,0.007479251887467342,0.014852781053416919,0.013130776538302413,0.010195446577056622,0.006057119731790017,0.007754677657832332,0.0006730710186140243,-0.00155749384555115,0.0055064001959603814
1013,0.0003062451438173852,0.005270546337166948,-0.008392914431293086,0.008299553970786633,0.00196514751805843,0.0021931636449394887,-0.002935398283518964,0.0017869307925533207,-0.0010129462657655353,0.0020138583242390595,0.0034504615668513594,0.008261638943121596,-0.003975994957091444,-0.000574616699257291
1014,-0.0013321691011052295,-0.002984726135412785,-0.0005358896840492733,0.009253568674203905,0.0015037686569634445,0.00416573562529976,0.001488087365512314,0.006598265068344489,0.00305940166205243,0.0003351414345438286,0.002753589360455777,0.00688189752091084,0.0023912442198206207,0.0019680931306762517
1015,-0.004659804267461709,-0.0027243689918048375,-0.0005054043016752274,0.0019541082514020758,0.0,0.0,-0.002238517979966659,0.0,-0.004356586892509284,-0.0021633800614964116,-0.0012222325749338125,0.007746373646687843,-0.0046507552670718155,-0.002256909333196333
1016,-0.0061486274129194385,-0.004163604020952505,0.0026607992519807055,-0.0026258220776664842,-0.004005663001734661,-0.0040192862299885945,-0.02055812318769412,-0.004572083537638605,-0.014568045234648608,-0.0011233098091159022,-0.004934611364690866,0.009704450985033475,-0.0020924721464350426,-0.0002429522279943086
1017,0.0013327135006191426,0.0024005695204376565,-0.004845929155424145,0.002378093943299575,-0.009613174814223413,-0.008668483693965001,0.003721474858210172,-0.011312937975990423,0.0018947731672991353,-0.017443681706131642,0.010062993319852609,-0.00129094080697989,-0.001864636650259044,-0.020987850232314642
1018,0.0030864974179340976,0.0054467657311878526,-0.012989729577136622,-0.022100998916183556,-0.010137527686095993,-0.00666022525804344,-0.002022103049268864,-0.005541779235127109,-0.0037595218282620024,-0.008673882368671393,-0.006382100246860034,-0.006543309594317037,-0.004681591768445514,-0.004330120017021599
1019,-0.0022849896069558895,0.003132477519018906,0.005940375744779125,-0.015887622262976464,0.005329544751816684,0.0063036576087700524,-0.012534617290439698,0.005387669087557612,-0.007310565732338681,0.011748966912788816,-0.010516268580166965,-0.0016400128063001063,-0.004197167580128891,0.013486646944508962
1020,0.007391712873420886,0.011404649731147742,-0.00047237410111478084,0.01151297565679954,0.0010125067429669343,0.0014991269266300122,0.005909722582940091,0.000470349124077174,-0.003947042788690958,-0.00017952967219958538,0.00710063230144975,0.004265686253452472,0.004546881170110595,-0.003253941796169002
1021,0.004317294416714468,0.008085322648511806,0.010113235690195843,0.0035847685886665204,0.012111989595886996,0.009094246030425523,0.010673643954442369,0.009964548679818108,0.010191831537893492,0.012794348192878502,0.0023282034005660535,0.0016339902657858119,0.006443841432711039,0.012045751792147286
1022,0.0008458302179041866,-0.00023797510291601043,0.00553988516240711,0.0034233865390369544,-0.003771540576776644,-0.003167833684475596,-0.0001373262521919827,-0.004016612833449784,0.003260909105859078,-0.004184276225005945,0.0032616750377467696,-0.00414208238165692,-0.004671691745212314,-0.005474954662386011
1023,0.0009732479835946606,0.004001653129508398,-0.0042978466919905145,-0.0034383110064890587,-0.0009993994913291004,-0.0010975361689826713,-0.0021957252894964085,-0.0006555734570508065,0.004466632472027499,-0.0007569771654472035,-0.000875720658477519,0.004853020530463326,-0.00533848026909034,-0.00010890646089301015
1024,0.002431154530870394,-0.006389975497691935,0.007474384436910064,0.006790797716728747,0.0010603505639057431,0.0029039375293500314,0.00786750430915184,0.004385602160358104,0.0036255062645160763,0.0006767732082622047,-0.0007833024203502958,0.0006856992445491983,0.0031598327654212,0.004258582921973897
1025,-0.002985900323238866,-0.0016739850572076165,0.009587056324413368,-0.006507562045397819,0.007877870809124943,0.00853866737555542,0.013002186561864804,0.007284490188919079,0.014956773379489086,0.002383266836036846,0.0014076685663937383,0.0014177480286559074,0.006837806244666567,0.005112442188249133
1026,0.017669921897836005,0.016974442793010525,0.0046056769904385675,0.004595374205768721,0.00011836609675519583,7.257915021519068e-05,0.025370601251001546,0.0020123051582512375,0.01527557867166962,0.005818479313307812,0.02522011073640229,-0.005888432986843384,0.0060480676694734115,0.006647482912235603
1027,0.0056172348520497906,0.015238223852275468,0.0031752027404579053,0.016189441681413896,0.003565996277464123,0.007122360942542372,-0.006510292267945417,0.009043321870159104,-0.0009681439551716409,0.012199683494877434,-0.0029494273608978716,-0.0013138233840592761,-0.0024796857534870043,0.011106451227341552
1028,0.012662137807572194,0.014443965488750266,0.00236903050799242,-0.00035049874418824345,0.0011068264106057768,0.00033523602846052825,0.012126984204455127,0.0010352755907483413,0.012617538070998968,-0.004774329866589433,0.0047385827617940635,0.0030247501562499224,-0.0016513597554421722,-0.007305136986293093
1029,-0.0017810101728716887,-0.0011038579877560295,0.003521459040214836,0.0005986112355742534,-0.0009868206847709615,-0.00043239364052283236,0.001453490665630497,0.0004962730659290315,-0.0004190568146880125,-0.0005260267502347205,-0.005487011575533884,0.006083994999332987,0.002726843047383909,-0.0016781923568274237
1030,7.282816106624068e-06,0.00015831059766036049,-0.005148960874125308,-0.00267453185661104,0.004863689692756523,0.004449378821865579,-0.0030069575465159204,0.006715196176768856,0.0008198213297694323,0.0023387246267754236,-0.0029113462920307143,0.013244354582413465,-0.0006607855674793939,4.544477507373301e-05
1031,-0.004027877189406226,-0.006508891709092524,0.002503201430094748,-0.0024616908542487437,0.0027494681045094893,0.004932595804334028,0.002545610616200733,0.00423758254324369,0.0034629997131432333,0.00839027306574991,-0.0020225364633468246,0.00014629576180880122,0.0015483236543278878,0.00994991711694837
1032,-0.014138710895055695,-0.01708439801970485,0.0059110570185865186,-0.004587728024699089,0.0033834507844865414,0.0008657687142985537,0.001257151654705524,0.002315582794935267,-0.00021324067359174137,0.0010666909307506245,0.00018802384899707647,0.005639770206718353,0.0005010923652246646,2.6439986131165938e-05
1033,0.006704309014830656,0.01314682224735364,-0.0010619256407693456,0.0013402898267500518,-0.0012644819778770966,-0.0001954673024684439,-0.0015133138550673664,0.0008078308632288866,-0.006204177446446302,0.00041590958395243405,0.0003974970607920625,0.00824064692919535,0.002383567087631988,0.0
1034,-0.000268185556867806,0.003946358551688789,0.0,0.0,0.0,0.0,0.0,0.0,0.0,0.0,-0.002004095660014471,0.0,0.0,0.0
1035,0.008506604250733574,0.007221437502574091,0.00035624799795996864,0.0,0.0037083439667622287,0.005115062410053994,0.0,0.0077339716077222675,0.0035778687250394015,0.0,0.005955052784152315,0.0,0.00040966269619779894,0.0
1036,-0.0007714375070957402,-0.006811978321794143,0.006182070467023237,0.004039400495539525,0.0008336140439304529,3.3984139657050605e-05,0.012879884295289301,-0.0017493512374269216,0.002853173097805417,0.002007829887866741,-0.0036513607493393607,-0.0034984187530557875,0.001097768332305904,0.001484365777349339
1037,0.011575874808436026,0.012834367002476199,-0.0015090543907412268,-0.0024658097193430706,-0.006413171217531044,-0.005797596079348821,0.0033237635329292914,-0.00675446212373032,-0.002971477663550104,-0.008727093832694877,-0.007626274660720966,-0.003944110578691706,-0.0012684470411876703,-0.008976614738495314
1038,0.0,0.0,0.0,-0.01791134023483565,0.0,0.0,0.0,0.0,0.0,0.0,0.0,-0.005601266191538556,0.0,0.0
